from,to,min
2026-08-29 11:51:12,2026-08-29 12:08:38,17.433333333333334
2026-08-29 12:28:38,2026-08-29 12:44:51,16.216666666666665
2026-08-29 13:13:05,2026-08-29 13:21:32,8.45
2026-08-29 13:55:06,2026-08-29 14:03:13,8.116666666666667
2026-08-29 14:13:54,2026-08-29 14:21:01,7.116666666666666
2026-08-29 14:47:06,2026-08-29 15:03:11,16.083333333333332
2026-08-29 15:13:49,2026-08-29 15:21:54,8.083333333333334
2026-08-29 15:26:54,2026-08-29 15:35:31,8.616666666666667
2026-08-29 16:06:03,2026-08-29 16:39:39,33.6
2026-08-29 16:54:39,2026-08-29 17:01:53,7.233333333333333
2026-08-29 17:48:38,2026-08-29 18:05:36,16.966666666666665
2026-08-29 18:35:36,2026-08-29 18:43:49,8.216666666666667
2026-08-29 19:04:28,2026-08-29 19:11:37,7.15
2026-08-29 19:16:46,2026-08-29 19:26:15,9.483333333333333
2026-08-29 20:11:15,2026-08-29 20:19:37,8.366666666666667
2026-08-29 20:29:37,2026-08-29 20:36:39,7.033333333333333
2026-08-29 21:20:13,2026-08-29 21:29:48,9.583333333333334
2026-08-29 21:44:48,2026-08-29 21:51:51,7.05
2026-08-29 22:06:51,2026-08-29 22:15:06,8.25
2026-08-29 22:20:06,2026-08-29 22:27:47,7.683333333333334
2026-08-29 23:45:01,2026-08-29 23:54:12,9.183333333333334
2026-08-30 00:14:12,2026-08-30 00:23:11,8.983333333333333
2026-08-30 00:58:11,2026-08-30 01:08:04,9.883333333333333
2026-08-30 01:23:32,2026-08-30 01:30:44,7.2
2026-08-30 01:36:57,2026-08-30 01:46:49,9.866666666666667
2026-08-30 02:23:37,2026-08-30 02:41:17,17.666666666666668
2026-08-30 03:03:04,2026-08-30 03:11:14,8.166666666666666
2026-08-30 03:39:31,2026-08-30 03:48:24,8.883333333333333
2026-08-30 03:58:24,2026-08-30 04:07:35,9.183333333333334
2026-08-30 04:44:58,2026-08-30 04:53:16,8.3
2026-08-30 07:45:07,2026-08-30 07:53:28,8.35
2026-08-30 08:25:06,2026-08-30 08:34:46,9.666666666666666
2026-08-30 08:45:48,2026-08-30 08:55:09,9.35
2026-08-30 09:30:49,2026-08-30 09:39:28,8.65
2026-08-30 10:00:37,2026-08-30 10:19:01,18.4
2026-08-30 10:29:01,2026-08-30 10:55:10,26.15
2026-08-30 11:26:24,2026-08-30 11:34:13,7.816666666666666
2026-08-30 11:44:29,2026-08-30 11:54:06,9.616666666666667
2026-08-30 12:10:38,2026-08-30 12:26:25,15.783333333333333
2026-08-30 12:31:25,2026-08-30 12:40:19,8.9
2026-08-30 12:45:44,2026-08-30 12:55:00,9.266666666666667
2026-08-30 13:00:05,2026-08-30 13:09:18,9.216666666666667
2026-08-30 13:29:18,2026-08-30 13:36:40,7.366666666666666
2026-08-30 14:34:55,2026-08-30 14:43:56,9.016666666666667
2026-08-30 15:04:55,2026-08-30 15:21:33,16.633333333333333
2026-08-30 15:31:33,2026-08-30 15:39:37,8.066666666666666
2026-08-30 15:44:37,2026-08-30 15:53:08,8.516666666666667
2026-08-30 16:41:23,2026-08-30 16:56:41,15.3
2026-08-30 17:07:48,2026-08-30 17:24:01,16.216666666666665
2026-08-30 18:07:35,2026-08-30 18:16:03,8.466666666666667
2026-08-30 18:26:03,2026-08-30 18:50:32,24.483333333333334
2026-08-30 18:55:32,2026-08-30 19:11:57,16.416666666666668
2026-08-30 19:35:14,2026-08-30 19:51:51,16.616666666666667
2026-08-30 20:18:01,2026-08-30 20:36:54,18.883333333333333
2026-08-30 20:43:11,2026-08-30 20:51:28,8.283333333333333
2026-08-30 21:01:31,2026-08-30 21:09:00,7.483333333333333
2026-08-30 21:25:47,2026-08-30 21:34:21,8.566666666666666
2026-08-30 22:22:32,2026-08-30 22:30:25,7.883333333333334
2026-08-30 22:56:09,2026-08-30 23:13:36,17.45
2026-08-31 00:20:32,2026-08-31 00:27:40,7.133333333333334
2026-08-31 00:32:40,2026-08-31 00:41:51,9.183333333333334
2026-08-31 01:11:04,2026-08-31 01:18:09,7.083333333333333
2026-08-31 02:11:36,2026-08-31 02:19:24,7.8
2026-08-31 02:38:25,2026-08-31 02:46:24,7.983333333333333
2026-08-31 02:52:06,2026-08-31 03:16:07,24.016666666666666
2026-08-31 03:21:19,2026-08-31 03:37:24,16.083333333333332
2026-08-31 03:42:24,2026-08-31 03:50:51,8.45
2026-08-31 04:00:51,2026-08-31 04:09:22,8.516666666666667
2026-08-31 04:15:43,2026-08-31 04:23:45,8.033333333333333
2026-08-31 04:35:09,2026-08-31 04:44:00,8.85
2026-08-31 04:49:00,2026-08-31 05:05:02,16.033333333333335
2026-08-31 05:16:52,2026-08-31 05:24:02,7.166666666666667
2026-08-31 05:58:38,2026-08-31 06:06:57,8.316666666666666
2026-08-31 06:13:43,2026-08-31 06:20:52,7.15
2026-08-31 06:36:58,2026-08-31 06:46:11,9.216666666666667
2026-08-31 07:02:31,2026-08-31 07:02:33,0.03333333333333333
2026-08-31 07:12:53,2026-08-31 07:30:14,17.35
2026-08-31 07:55:14,2026-08-31 08:05:04,9.833333333333334
2026-08-31 08:17:33,2026-08-31 08:25:38,8.083333333333334
2026-08-31 08:47:32,2026-08-31 08:57:00,9.466666666666667
2026-08-31 09:29:18,2026-08-31 09:37:04,7.766666666666667
2026-08-31 09:42:26,2026-08-31 10:13:24,30.966666666666665
2026-08-31 10:29:40,2026-08-31 10:37:02,7.366666666666666
2026-08-31 10:58:36,2026-08-31 11:05:44,7.133333333333334
2026-08-31 11:33:01,2026-08-31 11:41:37,8.6
2026-08-31 12:22:06,2026-08-31 12:53:29,31.383333333333333
2026-08-31 13:14:58,2026-08-31 13:24:08,9.166666666666666
2026-08-31 13:48:22,2026-08-31 13:55:51,7.483333333333333
2026-08-31 14:41:13,2026-08-31 15:05:30,24.283333333333335
2026-08-31 15:10:42,2026-08-31 15:18:46,8.066666666666666
2026-08-31 15:24:30,2026-08-31 15:32:22,7.866666666666666
2026-08-31 15:58:25,2026-08-31 16:31:45,33.333333333333336
2026-08-31 16:42:18,2026-08-31 16:51:16,8.966666666666667
2026-08-31 17:13:21,2026-08-31 17:31:52,18.516666666666666
2026-08-31 17:36:52,2026-08-31 17:46:34,9.7
2026-08-31 18:14:36,2026-08-31 18:24:14,9.633333333333333
2026-08-31 19:11:36,2026-08-31 19:19:17,7.683333333333334
2026-08-31 19:24:17,2026-08-31 19:32:16,7.983333333333333
2026-08-31 19:52:18,2026-08-31 20:02:06,9.8
2026-08-31 20:17:06,2026-08-31 20:25:46,8.666666666666666
2026-08-31 20:36:11,2026-08-31 20:43:25,7.233333333333333
2026-08-31 21:03:25,2026-08-31 21:10:51,7.433333333333334
2026-08-31 21:30:56,2026-08-31 21:40:17,9.35
2026-08-31 22:48:45,2026-08-31 22:56:45,8.0
2026-09-01 00:40:00,2026-09-01 00:48:34,8.566666666666666
2026-09-01 00:55:02,2026-09-01 01:03:56,8.9
2026-09-01 01:14:36,2026-09-01 01:22:03,7.45
2026-09-01 01:59:34,2026-09-01 02:18:20,18.766666666666666
2026-09-01 02:44:08,2026-09-01 03:25:58,41.833333333333336
2026-09-01 03:36:07,2026-09-01 03:43:20,7.216666666666667
2026-09-01 03:59:17,2026-09-01 04:17:07,17.833333333333332
2026-09-01 04:22:07,2026-09-01 04:30:38,8.516666666666667
2026-09-01 04:41:05,2026-09-01 04:49:47,8.7
2026-09-01 05:04:49,2026-09-01 05:11:53,7.066666666666666
2026-09-01 05:16:53,2026-09-01 05:25:40,8.783333333333333
2026-09-01 05:41:34,2026-09-01 05:49:49,8.25
2026-09-01 05:55:02,2026-09-01 06:02:58,7.933333333333334
2026-09-01 06:45:25,2026-09-01 07:00:02,14.616666666666667
2026-09-01 07:10:02,2026-09-01 07:18:53,8.85
2026-09-01 07:39:17,2026-09-01 07:46:27,7.166666666666667
2026-09-01 08:37:28,2026-09-01 08:45:24,7.933333333333334
2026-09-01 09:02:00,2026-09-01 09:11:48,9.8
2026-09-01 10:37:50,2026-09-01 10:46:47,8.95
2026-09-01 10:59:07,2026-09-01 11:06:42,7.583333333333333
2026-09-01 12:12:03,2026-09-01 12:20:22,8.316666666666666
2026-09-01 13:46:43,2026-09-01 13:53:51,7.133333333333334
2026-09-01 13:58:54,2026-09-01 14:30:44,31.833333333333332
2026-09-01 14:40:44,2026-09-01 14:50:04,9.333333333333334
2026-09-01 15:22:41,2026-09-01 15:39:09,16.466666666666665
2026-09-01 16:28:50,2026-09-01 16:36:11,7.35
2026-09-01 16:47:05,2026-09-01 16:55:12,8.116666666666667
2026-09-01 17:00:12,2026-09-01 17:07:40,7.466666666666667
2026-09-01 17:13:05,2026-09-01 17:20:28,7.383333333333334
2026-09-01 17:30:50,2026-09-01 17:39:26,8.6
2026-09-01 17:44:26,2026-09-01 17:51:49,7.383333333333334
2026-09-01 18:27:21,2026-09-01 18:43:21,16.0
2026-09-01 18:49:02,2026-09-01 18:56:21,7.316666666666666
2026-09-01 19:02:31,2026-09-01 19:11:19,8.8
2026-09-01 20:20:26,2026-09-01 20:28:27,8.016666666666667
2026-09-01 20:58:27,2026-09-01 21:06:51,8.4
2026-09-01 21:17:10,2026-09-01 21:25:01,7.85
2026-09-01 21:37:32,2026-09-01 21:47:28,9.933333333333334
2026-09-01 22:19:03,2026-09-01 22:35:32,16.483333333333334
2026-09-01 22:45:32,2026-09-01 22:55:05,9.55
2026-09-01 23:25:05,2026-09-01 23:41:37,16.533333333333335
2026-09-01 23:46:38,2026-09-01 23:53:43,7.083333333333333
2026-09-01 23:58:43,2026-09-02 00:06:25,7.7
2026-09-02 00:27:51,2026-09-02 00:36:32,8.683333333333334
2026-09-02 00:51:54,2026-09-02 00:59:04,7.166666666666667
2026-09-02 01:10:45,2026-09-02 01:17:57,7.2
2026-09-02 01:40:13,2026-09-02 02:19:33,39.333333333333336
2026-09-02 02:24:50,2026-09-02 02:33:07,8.283333333333333
2026-09-02 02:38:07,2026-09-02 02:48:05,9.966666666666667
2026-09-02 03:16:08,2026-09-02 03:39:08,23.0
2026-09-02 03:44:08,2026-09-02 03:51:45,7.616666666666666
2026-09-02 03:56:45,2026-09-02 04:22:02,25.283333333333335
2026-09-02 04:32:02,2026-09-02 04:39:59,7.95
2026-09-02 05:02:40,2026-09-02 05:10:12,7.533333333333333
2026-09-02 05:22:06,2026-09-02 05:29:41,7.583333333333333
2026-09-02 05:46:15,2026-09-02 05:54:38,8.383333333333333
2026-09-02 05:59:38,2026-09-02 06:07:00,7.366666666666666
2026-09-02 07:29:35,2026-09-02 07:37:51,8.266666666666667
2026-09-02 08:02:52,2026-09-02 08:17:21,14.483333333333333
2026-09-02 09:00:55,2026-09-02 09:08:06,7.183333333333334
2026-09-02 09:13:06,2026-09-02 09:29:47,16.683333333333334
2026-09-02 09:42:10,2026-09-02 09:49:26,7.266666666666667
2026-09-02 10:04:52,2026-09-02 10:12:22,7.5
2026-09-02 10:22:44,2026-09-02 10:38:19,15.583333333333334
2026-09-02 10:55:21,2026-09-02 11:05:20,9.983333333333333
2026-09-02 11:10:20,2026-09-02 11:18:58,8.633333333333333
2026-09-02 11:43:42,2026-09-02 11:51:32,7.833333333333333
2026-09-02 11:56:32,2026-09-02 12:04:59,8.45
2026-09-02 12:36:34,2026-09-02 12:52:45,16.183333333333334
2026-09-02 13:15:48,2026-09-02 13:31:37,15.816666666666666
2026-09-02 13:47:49,2026-09-02 13:55:19,7.5
2026-09-02 14:12:39,2026-09-02 14:21:07,8.466666666666667
2026-09-02 14:27:18,2026-09-02 14:35:27,8.15
2026-09-02 15:08:58,2026-09-02 15:18:08,9.166666666666666
2026-09-02 15:34:45,2026-09-02 15:42:39,7.9
2026-09-02 15:48:22,2026-09-02 16:15:17,26.916666666666668
2026-09-02 16:20:18,2026-09-02 16:37:35,17.283333333333335
2026-09-02 16:54:08,2026-09-02 17:02:22,8.233333333333333
2026-09-02 17:31:23,2026-09-02 17:39:23,8.0
2026-09-02 17:44:45,2026-09-02 18:01:59,17.233333333333334
2026-09-02 18:15:14,2026-09-02 18:22:29,7.25
2026-09-02 18:37:34,2026-09-02 18:44:48,7.233333333333333
2026-09-02 18:49:48,2026-09-02 18:57:02,7.233333333333333
2026-09-02 19:02:02,2026-09-02 19:09:54,7.866666666666666
2026-09-02 19:20:25,2026-09-02 19:29:47,9.366666666666667
2026-09-02 19:50:36,2026-09-02 19:57:49,7.216666666666667
2026-09-02 20:03:32,2026-09-02 20:12:07,8.583333333333334
2026-09-02 21:29:22,2026-09-02 21:37:17,7.916666666666667
2026-09-02 22:25:27,2026-09-02 22:34:24,8.95
2026-09-02 22:59:24,2026-09-02 23:14:40,15.266666666666667
2026-09-02 23:29:40,2026-09-02 23:38:13,8.55
2026-09-02 23:48:13,2026-09-03 00:07:32,19.316666666666666
2026-09-03 00:12:32,2026-09-03 00:21:00,8.466666666666667
2026-09-03 01:50:05,2026-09-03 01:58:36,8.516666666666667
2026-09-03 02:20:08,2026-09-03 02:28:44,8.6
2026-09-03 02:50:21,2026-09-03 02:59:12,8.85
2026-09-03 03:16:46,2026-09-03 03:24:30,7.733333333333333
2026-09-03 03:34:30,2026-09-03 03:42:51,8.35
2026-09-03 03:53:04,2026-09-03 08:42:20,289.26666666666665
2026-09-03 08:47:20,2026-09-03 08:56:59,9.65
2026-09-03 09:27:10,2026-09-03 09:36:09,8.983333333333333
2026-09-03 09:46:51,2026-09-03 09:54:11,7.333333333333333
2026-09-03 10:12:51,2026-09-03 10:20:12,7.35
2026-09-03 10:40:14,2026-09-03 10:47:26,7.2
2026-09-03 11:14:09,2026-09-03 11:32:06,17.95
2026-09-03 11:38:09,2026-09-03 11:46:19,8.166666666666666
2026-09-03 12:11:31,2026-09-03 12:21:05,9.566666666666666
2026-09-03 12:37:56,2026-09-03 12:45:52,7.933333333333334
2026-09-03 12:55:53,2026-09-03 13:03:42,7.816666666666666
2026-09-03 13:13:42,2026-09-03 13:23:28,9.766666666666667
2026-09-03 14:00:28,2026-09-03 14:09:18,8.833333333333334
2026-09-03 14:30:35,2026-09-03 14:37:46,7.183333333333334
2026-09-03 15:11:20,2026-09-03 15:18:47,7.45
2026-09-03 16:30:31,2026-09-03 16:53:08,22.616666666666667
2026-09-03 16:59:21,2026-09-03 17:08:47,9.433333333333334
2026-09-03 17:19:22,2026-09-03 17:27:40,8.3
2026-09-03 17:32:40,2026-09-03 17:40:06,7.433333333333334
2026-09-03 17:45:36,2026-09-03 17:53:06,7.5
2026-09-03 18:14:55,2026-09-03 18:47:02,32.11666666666667
2026-09-03 18:52:11,2026-09-03 19:01:29,9.3
2026-09-03 19:11:40,2026-09-03 19:28:16,16.6
2026-09-03 19:38:16,2026-09-03 19:45:36,7.333333333333333
2026-09-03 19:56:58,2026-09-03 20:13:50,16.866666666666667
2026-09-03 20:18:50,2026-09-03 20:27:54,9.066666666666666
2026-09-03 20:34:27,2026-09-03 20:44:07,9.666666666666666
2026-09-03 21:45:28,2026-09-03 21:53:14,7.766666666666667
2026-09-03 21:59:39,2026-09-03 22:06:44,7.083333333333333
2026-09-03 22:18:21,2026-09-03 22:26:46,8.416666666666666
2026-09-03 22:52:08,2026-09-03 23:01:01,8.883333333333333
2026-09-03 23:16:51,2026-09-03 23:35:03,18.2
2026-09-03 23:40:30,2026-09-03 23:48:30,8.0
2026-09-03 23:55:14,2026-09-04 00:04:34,9.333333333333334
2026-09-04 00:48:55,2026-09-04 01:03:24,14.483333333333333
2026-09-04 01:25:47,2026-09-04 01:34:10,8.383333333333333
2026-09-04 01:39:54,2026-09-04 01:48:33,8.65
2026-09-04 01:53:43,2026-09-04 02:02:16,8.55
2026-09-04 02:46:24,2026-09-04 02:54:41,8.283333333333333
2026-09-04 03:17:54,2026-09-04 03:26:06,8.2
2026-09-04 03:31:06,2026-09-04 03:40:18,9.2
2026-09-04 04:15:18,2026-09-04 04:22:20,7.033333333333333
2026-09-04 04:27:26,2026-09-04 04:35:43,8.283333333333333
2026-09-04 04:56:47,2026-09-04 05:04:05,7.3
2026-09-04 05:15:08,2026-09-04 05:23:16,8.133333333333333
2026-09-04 05:56:22,2026-09-04 06:06:12,9.833333333333334
2026-09-04 07:10:10,2026-09-04 07:18:37,8.45
2026-09-04 07:57:03,2026-09-04 08:05:25,8.366666666666667
2026-09-04 08:33:37,2026-09-04 08:41:47,8.166666666666666
2026-09-04 09:37:55,2026-09-04 09:47:54,9.983333333333333
2026-09-04 10:20:49,2026-09-04 10:55:15,34.43333333333333
2026-09-04 12:53:36,2026-09-04 13:01:17,7.683333333333334
2026-09-04 13:34:43,2026-09-04 13:42:06,7.383333333333334
2026-09-04 13:58:05,2026-09-04 14:13:18,15.216666666666667
2026-09-04 14:48:36,2026-09-04 14:55:52,7.266666666666667
2026-09-04 15:07:53,2026-09-04 15:32:32,24.65
2026-09-04 15:34:30,2026-09-04 15:34:32,0.03333333333333333
2026-09-04 15:37:32,2026-09-04 15:46:29,8.95
2026-09-04 16:32:32,2026-09-04 16:41:37,9.083333333333334
2026-09-04 17:25:59,2026-09-04 17:33:35,7.6
2026-09-04 17:40:28,2026-09-04 17:47:55,7.45
2026-09-04 17:53:11,2026-09-04 18:01:29,8.3
2026-09-04 18:33:22,2026-09-04 18:42:26,9.066666666666666
2026-09-04 19:03:27,2026-09-04 19:10:57,7.5
2026-09-04 19:21:07,2026-09-04 19:28:54,7.783333333333333
2026-09-04 19:59:32,2026-09-04 20:16:23,16.85
2026-09-04 20:48:22,2026-09-04 20:56:20,7.966666666666667
2026-09-04 23:03:40,2026-09-04 23:11:45,8.083333333333334
2026-09-04 23:26:45,2026-09-04 23:35:58,9.216666666666667
2026-09-05 00:08:45,2026-09-05 00:18:40,9.916666666666666
2026-09-05 01:47:14,2026-09-05 01:56:46,9.533333333333333
2026-09-05 02:18:18,2026-09-05 02:28:14,9.933333333333334
2026-09-05 02:38:14,2026-09-05 02:46:13,7.983333333333333
2026-09-05 03:27:07,2026-09-05 03:34:24,7.283333333333333
2026-09-05 03:44:24,2026-09-05 03:52:54,8.5
2026-09-05 04:17:54,2026-09-05 04:26:05,8.183333333333334
2026-09-05 04:47:07,2026-09-05 04:55:08,8.016666666666667
2026-09-05 05:00:54,2026-09-05 05:08:32,7.633333333333334
2026-09-05 05:28:57,2026-09-05 05:44:17,15.333333333333334
2026-09-05 06:01:08,2026-09-05 06:09:17,8.15
2026-09-05 06:22:09,2026-09-05 06:30:45,8.6
2026-09-05 06:35:45,2026-09-05 06:45:08,9.383333333333333
2026-09-05 07:13:16,2026-09-05 07:21:33,8.283333333333333
2026-09-05 07:31:33,2026-09-05 07:39:10,7.616666666666666
2026-09-05 07:44:41,2026-09-05 08:01:41,17.0
2026-09-05 08:42:47,2026-09-05 08:51:04,8.283333333333333
2026-09-05 09:24:47,2026-09-05 09:47:26,22.65
2026-09-05 10:02:26,2026-09-05 10:18:31,16.083333333333332
2026-09-05 10:25:26,2026-09-05 10:33:58,8.533333333333333
2026-09-05 12:03:58,2026-09-05 12:12:04,8.1
2026-09-05 12:55:31,2026-09-05 13:03:54,8.383333333333333
2026-09-05 13:37:31,2026-09-05 13:55:48,18.283333333333335
2026-09-05 14:28:41,2026-09-05 14:36:14,7.55
2026-09-05 14:46:25,2026-09-05 15:02:36,16.183333333333334
2026-09-05 15:42:36,2026-09-05 15:50:53,8.283333333333333
2026-09-05 16:08:06,2026-09-05 16:16:28,8.366666666666667
2026-09-05 16:27:16,2026-09-05 16:34:50,7.566666666666666
2026-09-05 16:40:01,2026-09-05 16:48:45,8.733333333333333
2026-09-05 16:59:51,2026-09-05 17:07:58,8.116666666666667
2026-09-05 17:18:58,2026-09-05 17:26:58,8.0
2026-09-05 17:43:36,2026-09-05 17:51:54,8.3
2026-09-05 18:08:27,2026-09-05 18:25:09,16.7
2026-09-05 19:19:16,2026-09-05 19:34:16,15.0
2026-09-05 20:00:29,2026-09-05 20:08:11,7.7
2026-09-05 20:30:58,2026-09-05 20:38:41,7.716666666666667
2026-09-05 21:03:41,2026-09-05 21:12:31,8.833333333333334
2026-09-05 21:23:27,2026-09-05 21:41:41,18.233333333333334
2026-09-05 21:57:57,2026-09-05 22:06:18,8.35
2026-09-05 23:02:40,2026-09-05 23:12:15,9.583333333333334
2026-09-05 23:43:06,2026-09-05 23:51:20,8.233333333333333
2026-09-06 00:16:20,2026-09-06 00:32:19,15.983333333333333
2026-09-06 00:43:46,2026-09-06 00:51:54,8.133333333333333
2026-09-06 01:13:43,2026-09-06 01:22:21,8.633333333333333
2026-09-06 01:39:14,2026-09-06 01:48:00,8.766666666666667
2026-09-06 01:58:00,2026-09-06 02:05:16,7.266666666666667
2026-09-06 02:25:16,2026-09-06 02:44:24,19.133333333333333
2026-09-06 03:15:04,2026-09-06 03:23:34,8.5
2026-09-06 03:41:08,2026-09-06 03:49:07,7.983333333333333
2026-09-06 03:59:07,2026-09-06 04:15:07,16.0
2026-09-06 04:20:07,2026-09-06 04:29:20,9.216666666666667
2026-09-06 04:34:20,2026-09-06 04:59:28,25.133333333333333
2026-09-06 05:10:47,2026-09-06 05:27:17,16.5
2026-09-06 06:28:25,2026-09-06 06:47:01,18.6
2026-09-06 07:03:48,2026-09-06 07:27:59,24.183333333333334
2026-09-06 07:52:59,2026-09-06 08:00:16,7.283333333333333
2026-09-06 08:10:16,2026-09-06 08:27:19,17.05
2026-09-06 08:37:19,2026-09-06 08:45:55,8.6
2026-09-06 10:38:27,2026-09-06 10:56:23,17.933333333333334
2026-09-06 11:21:58,2026-09-06 11:30:45,8.783333333333333
2026-09-06 11:35:45,2026-09-06 11:44:11,8.433333333333334
2026-09-06 12:52:20,2026-09-06 13:00:41,8.35
2026-09-06 13:17:12,2026-09-06 13:25:12,8.0
2026-09-06 13:30:42,2026-09-06 13:38:03,7.35
2026-09-06 13:43:03,2026-09-06 13:50:41,7.633333333333334
2026-09-06 14:13:09,2026-09-06 14:20:39,7.5
2026-09-06 14:37:23,2026-09-06 14:46:28,9.083333333333334
2026-09-06 15:27:19,2026-09-06 15:44:52,17.55
2026-09-06 15:49:52,2026-09-06 15:59:01,9.15
2026-09-06 16:04:01,2026-09-06 16:11:08,7.116666666666666
2026-09-06 16:28:33,2026-09-06 16:38:07,9.566666666666666
2026-09-06 17:08:07,2026-09-06 17:25:06,16.983333333333334
2026-09-06 18:37:01,2026-09-06 18:45:17,8.266666666666667
2026-09-06 19:10:17,2026-09-06 19:18:00,7.716666666666667
2026-09-06 20:06:19,2026-09-06 20:13:59,7.666666666666667
2026-09-06 20:18:59,2026-09-06 20:26:54,7.916666666666667
2026-09-06 20:44:01,2026-09-06 20:51:07,7.1
2026-09-06 21:01:44,2026-09-06 21:08:55,7.183333333333334
2026-09-06 21:15:13,2026-09-06 21:24:10,8.95
2026-09-06 21:29:10,2026-09-06 21:54:21,25.183333333333334
2026-09-06 21:59:21,2026-09-06 22:15:26,16.083333333333332
2026-09-06 22:32:34,2026-09-06 22:42:32,9.966666666666667
2026-09-06 22:52:32,2026-09-06 23:01:59,9.45
2026-09-06 23:08:41,2026-09-06 23:16:39,7.966666666666667
2026-09-06 23:38:28,2026-09-06 23:46:04,7.6
2026-09-06 23:56:44,2026-09-07 00:05:58,9.233333333333333
2026-09-07 00:16:39,2026-09-07 00:25:30,8.85
2026-09-07 00:30:30,2026-09-07 00:39:38,9.133333333333333
2026-09-07 00:54:38,2026-09-07 01:01:42,7.066666666666666
2026-09-07 01:06:49,2026-09-07 01:15:32,8.716666666666667
2026-09-07 01:46:37,2026-09-07 02:01:00,14.383333333333333
2026-09-07 02:06:00,2026-09-07 02:14:15,8.25
2026-09-07 02:25:37,2026-09-07 02:45:08,19.516666666666666
2026-09-07 03:03:15,2026-09-07 03:12:03,8.8
2026-09-07 03:41:29,2026-09-07 04:07:04,25.583333333333332
2026-09-07 04:38:13,2026-09-07 04:46:53,8.666666666666666
2026-09-07 05:15:26,2026-09-07 05:24:51,9.416666666666666
2026-09-07 05:45:47,2026-09-07 05:55:25,9.633333333333333
2026-09-07 06:07:17,2026-09-07 06:17:05,9.8
2026-09-07 06:22:05,2026-09-07 06:48:43,26.633333333333333
2026-09-07 06:53:43,2026-09-07 07:10:00,16.283333333333335
2026-09-07 07:45:04,2026-09-07 07:52:32,7.466666666666667
2026-09-07 08:29:49,2026-09-07 08:37:29,7.666666666666667
2026-09-07 09:13:33,2026-09-07 09:23:08,9.583333333333334
2026-09-07 09:33:08,2026-09-07 09:42:49,9.683333333333334
2026-09-07 10:34:18,2026-09-07 10:43:06,8.8
2026-09-07 12:00:01,2026-09-07 12:07:23,7.366666666666666
2026-09-07 12:17:23,2026-09-07 12:26:10,8.783333333333333
2026-09-07 14:52:10,2026-09-07 14:59:13,7.05
2026-09-07 15:30:24,2026-09-07 15:47:17,16.883333333333333
2026-09-07 15:52:17,2026-09-07 16:07:51,15.566666666666666
2026-09-07 16:12:51,2026-09-07 16:20:43,7.866666666666666
2026-09-07 16:47:45,2026-09-07 16:55:20,7.583333333333333
2026-09-07 17:10:52,2026-09-07 17:18:43,7.85
2026-09-07 17:40:39,2026-09-07 17:59:23,18.733333333333334
2026-09-07 18:04:23,2026-09-07 18:11:29,7.1
2026-09-07 18:28:16,2026-09-07 18:37:31,9.25
2026-09-07 18:47:31,2026-09-07 18:55:43,8.2
2026-09-07 19:05:43,2026-09-07 19:13:39,7.933333333333334
2026-09-07 20:06:02,2026-09-07 20:13:06,7.066666666666666
2026-09-07 20:23:06,2026-09-07 20:40:06,17.0
2026-09-07 20:56:54,2026-09-07 21:05:21,8.45
2026-09-07 22:13:44,2026-09-07 22:13:46,0.03333333333333333
2026-09-07 22:14:26,2026-09-07 22:14:36,0.16666666666666666
2026-09-07 22:16:26,2026-09-07 22:25:15,8.816666666666666
2026-09-07 22:35:40,2026-09-07 22:45:15,9.583333333333334
2026-09-07 23:28:42,2026-09-07 23:35:57,7.25
2026-09-08 00:20:29,2026-09-08 00:27:52,7.383333333333334
2026-09-08 00:51:35,2026-09-08 00:59:58,8.383333333333333
2026-09-08 01:21:32,2026-09-08 01:28:54,7.366666666666666
2026-09-08 01:33:54,2026-09-08 01:43:14,9.333333333333334
2026-09-08 02:03:22,2026-09-08 02:11:43,8.35
2026-09-08 02:34:11,2026-09-08 02:41:52,7.683333333333334
2026-09-08 03:09:40,2026-09-08 03:16:52,7.2
2026-09-08 03:50:54,2026-09-08 04:00:00,9.1
2026-09-08 04:11:29,2026-09-08 04:30:05,18.6
2026-09-08 04:40:28,2026-09-08 04:48:08,7.666666666666667
2026-09-08 04:59:55,2026-09-08 05:07:29,7.566666666666666
2026-09-08 05:35:13,2026-09-08 05:43:28,8.25
2026-09-08 07:11:38,2026-09-08 07:19:02,7.4
2026-09-08 07:58:09,2026-09-08 08:05:36,7.45
2026-09-08 08:10:36,2026-09-08 08:20:26,9.833333333333334
2026-09-08 08:25:26,2026-09-08 08:33:58,8.533333333333333
2026-09-08 09:06:53,2026-09-08 09:14:22,7.483333333333333
2026-09-08 09:19:22,2026-09-08 09:28:07,8.75
2026-09-08 09:49:01,2026-09-08 09:58:24,9.383333333333333
2026-09-08 10:03:24,2026-09-08 10:19:36,16.2
2026-09-08 10:42:36,2026-09-08 10:52:28,9.866666666666667
2026-09-08 11:14:25,2026-09-08 11:22:49,8.4
2026-09-08 11:27:49,2026-09-08 11:35:36,7.783333333333333
2026-09-08 11:41:55,2026-09-08 11:49:33,7.633333333333334
2026-09-08 12:04:38,2026-09-08 12:12:54,8.266666666666667
2026-09-08 12:28:27,2026-09-08 12:37:17,8.833333333333334
2026-09-08 12:47:17,2026-09-08 12:55:46,8.483333333333333
2026-09-08 13:21:57,2026-09-08 13:30:06,8.15
2026-09-08 13:40:37,2026-09-08 13:48:05,7.466666666666667
2026-09-08 13:53:12,2026-09-08 14:01:58,8.766666666666667
2026-09-08 14:20:55,2026-09-08 14:28:51,7.933333333333334
2026-09-08 14:44:39,2026-09-08 14:53:57,9.3
2026-09-08 15:05:33,2026-09-08 15:15:10,9.616666666666667
2026-09-08 16:13:05,2026-09-08 16:21:08,8.05
2026-09-08 16:36:08,2026-09-08 16:45:34,9.433333333333334
2026-09-08 17:02:31,2026-09-08 17:11:57,9.433333333333334
2026-09-08 17:16:57,2026-09-08 17:24:04,7.116666666666666
2026-09-08 17:40:38,2026-09-08 17:48:53,8.25
2026-09-08 18:21:04,2026-09-08 18:29:42,8.633333333333333
2026-09-08 18:34:42,2026-09-08 18:44:09,9.45
2026-09-08 18:49:09,2026-09-08 19:08:04,18.916666666666668
2026-09-08 19:13:04,2026-09-08 19:22:31,9.45
2026-09-08 19:44:02,2026-09-08 19:53:50,9.8
2026-09-08 20:29:15,2026-09-08 20:38:41,9.433333333333334
2026-09-08 21:28:41,2026-09-08 21:38:25,9.733333333333333
2026-09-08 21:58:41,2026-09-08 22:08:03,9.366666666666667
2026-09-08 22:44:02,2026-09-08 22:53:59,9.95
2026-09-08 23:08:59,2026-09-08 23:27:24,18.416666666666668
2026-09-09 00:03:15,2026-09-09 00:10:49,7.566666666666666
2026-09-09 00:17:10,2026-09-09 00:25:20,8.166666666666666
2026-09-09 00:35:20,2026-09-09 00:45:02,9.7
2026-09-09 00:50:19,2026-09-09 00:58:03,7.733333333333333
2026-09-09 01:03:03,2026-09-09 01:17:32,14.483333333333333
2026-09-09 01:53:08,2026-09-09 02:01:32,8.4
2026-09-09 02:12:38,2026-09-09 02:21:54,9.266666666666667
2026-09-09 02:41:54,2026-09-09 02:49:27,7.55
2026-09-09 03:22:15,2026-09-09 03:40:04,17.816666666666666
2026-09-09 04:00:04,2026-09-09 04:09:37,9.55
2026-09-09 04:41:50,2026-09-09 04:49:22,7.533333333333333
2026-09-09 05:16:22,2026-09-09 05:23:48,7.433333333333334
2026-09-09 05:29:07,2026-09-09 05:37:19,8.2
2026-09-09 05:53:58,2026-09-09 06:10:59,17.016666666666666
2026-09-09 06:28:58,2026-09-09 06:38:06,9.133333333333333
2026-09-09 06:58:06,2026-09-09 07:05:35,7.483333333333333
2026-09-09 07:12:30,2026-09-09 07:28:17,15.783333333333333
2026-09-09 07:58:46,2026-09-09 08:16:50,18.066666666666666
2026-09-09 08:34:00,2026-09-09 08:41:18,7.3
2026-09-09 09:16:20,2026-09-09 09:24:30,8.166666666666666
2026-09-09 09:46:31,2026-09-09 09:53:33,7.033333333333333
2026-09-09 10:35:53,2026-09-09 10:44:44,8.85
2026-09-09 10:56:47,2026-09-09 10:58:52,2.0833333333333335
2026-09-09 11:01:56,2026-09-09 11:13:17,11.35
2026-09-09 11:18:27,2026-09-09 11:33:16,14.816666666666666
2026-09-09 11:39:09,2026-09-09 11:46:13,7.066666666666666
2026-09-09 11:56:25,2026-09-09 12:31:35,35.166666666666664
2026-09-09 12:50:00,2026-09-09 12:58:32,8.533333333333333
2026-09-09 13:05:03,2026-09-09 13:12:26,7.383333333333334
2026-09-09 13:22:26,2026-09-09 13:31:47,9.35
2026-09-09 13:47:48,2026-09-09 13:54:52,7.066666666666666
2026-09-09 14:05:13,2026-09-09 14:12:32,7.316666666666666
2026-09-09 14:33:04,2026-09-09 14:50:12,17.133333333333333
2026-09-09 15:12:11,2026-09-09 15:20:27,8.266666666666667
2026-09-09 16:06:50,2026-09-09 16:23:38,16.8
2026-09-09 16:34:09,2026-09-09 16:59:17,25.133333333333333
2026-09-09 17:09:17,2026-09-09 17:18:40,9.383333333333333
2026-09-09 17:23:40,2026-09-09 17:31:18,7.633333333333334
2026-09-09 17:56:23,2026-09-09 18:06:22,9.983333333333333
2026-09-09 18:11:26,2026-09-09 18:29:02,17.6
2026-09-09 18:45:25,2026-09-09 18:53:51,8.433333333333334
2026-09-09 20:36:15,2026-09-09 20:45:37,9.366666666666667
2026-09-09 21:01:24,2026-09-09 21:10:31,9.116666666666667
2026-09-09 22:11:50,2026-09-09 22:18:52,7.033333333333333
2026-09-09 22:40:18,2026-09-09 22:48:20,8.033333333333333
2026-09-09 22:53:31,2026-09-09 23:01:12,7.683333333333334
2026-09-09 23:06:13,2026-09-09 23:15:35,9.366666666666667
2026-09-09 23:30:35,2026-09-09 23:40:14,9.65
2026-09-10 00:04:44,2026-09-10 00:12:33,7.816666666666666
2026-09-10 00:17:33,2026-09-10 00:25:16,7.716666666666667
2026-09-10 00:30:54,2026-09-10 00:40:20,9.433333333333334
2026-09-10 01:13:52,2026-09-10 01:21:42,7.833333333333333
2026-09-10 01:43:54,2026-09-10 02:08:20,24.433333333333334
2026-09-10 02:34:59,2026-09-10 02:42:13,7.233333333333333
2026-09-10 03:02:23,2026-09-10 03:09:49,7.433333333333334
2026-09-10 03:14:49,2026-09-10 03:22:58,8.15
2026-09-10 03:32:58,2026-09-10 03:40:34,7.6
2026-09-10 05:25:31,2026-09-10 05:34:22,8.85
2026-09-10 05:54:22,2026-09-10 06:03:37,9.25
2026-09-10 06:13:59,2026-09-10 06:23:31,9.533333333333333
2026-09-10 07:00:43,2026-09-10 07:08:47,8.066666666666666
2026-09-10 07:31:07,2026-09-10 07:39:38,8.516666666666667
2026-09-10 08:30:03,2026-09-10 08:38:27,8.4
2026-09-10 09:20:13,2026-09-10 09:35:36,15.383333333333333
2026-09-10 09:52:40,2026-09-10 10:00:44,8.066666666666666
2026-09-10 10:30:44,2026-09-10 10:39:09,8.416666666666666
2026-09-10 11:04:46,2026-09-10 11:21:29,16.716666666666665
2026-09-10 12:10:05,2026-09-10 12:19:57,9.866666666666667
2026-09-10 12:36:54,2026-09-10 13:00:41,23.783333333333335
2026-09-10 13:12:44,2026-09-10 13:36:16,23.533333333333335
2026-09-10 14:44:22,2026-09-10 15:01:59,17.616666666666667
2026-09-10 15:17:11,2026-09-10 15:25:26,8.25
2026-09-10 15:42:44,2026-09-10 16:00:06,17.366666666666667
2026-09-10 17:07:49,2026-09-10 17:15:03,7.233333333333333
2026-09-10 17:35:54,2026-09-10 17:45:44,9.833333333333334
2026-09-10 18:08:06,2026-09-10 18:15:30,7.4
2026-09-10 18:31:24,2026-09-10 18:38:53,7.483333333333333
2026-09-10 18:59:41,2026-09-10 19:08:06,8.416666666666666
2026-09-10 20:26:51,2026-09-10 21:02:45,35.9
2026-09-10 21:58:38,2026-09-10 22:07:19,8.683333333333334
2026-09-10 22:38:35,2026-09-10 22:47:29,8.9
2026-09-10 23:14:06,2026-09-10 23:44:29,30.383333333333333
2026-09-10 23:59:42,2026-09-11 00:16:02,16.333333333333332
2026-09-11 00:27:50,2026-09-11 00:36:51,9.016666666666667
2026-09-11 00:53:32,2026-09-11 01:09:01,15.483333333333333
2026-09-11 01:41:46,2026-09-11 01:50:00,8.233333333333333
2026-09-11 03:05:13,2026-09-11 03:22:25,17.2
2026-09-11 03:27:31,2026-09-11 03:43:41,16.166666666666668
2026-09-11 04:04:06,2026-09-11 04:11:41,7.583333333333333
2026-09-11 04:57:17,2026-09-11 05:06:32,9.25
2026-09-11 05:17:10,2026-09-11 05:26:13,9.05
2026-09-11 05:47:05,2026-09-11 06:02:56,15.85
2026-09-11 06:13:29,2026-09-11 06:21:38,8.15
2026-09-11 07:20:23,2026-09-11 07:38:33,18.166666666666668
2026-09-11 08:16:48,2026-09-11 08:24:17,7.483333333333333
2026-09-11 08:30:06,2026-09-11 08:37:22,7.266666666666667
2026-09-11 09:07:22,2026-09-11 09:15:51,8.483333333333333
2026-09-11 09:26:02,2026-09-11 09:34:05,8.05
2026-09-11 09:56:16,2026-09-11 10:24:23,28.116666666666667
2026-09-11 10:44:23,2026-09-11 10:52:51,8.466666666666667
2026-09-11 11:15:15,2026-09-11 11:24:08,8.883333333333333
2026-09-11 11:44:08,2026-09-11 11:51:44,7.6
2026-09-11 12:48:07,2026-09-11 12:57:01,8.9
2026-09-11 13:08:28,2026-09-11 13:27:32,19.066666666666666
2026-09-11 14:14:24,2026-09-11 14:23:50,9.433333333333334
2026-09-11 15:05:43,2026-09-11 15:21:34,15.85
2026-09-11 16:45:12,2026-09-11 16:53:44,8.533333333333333
2026-09-11 17:20:17,2026-09-11 17:29:23,9.1
2026-09-11 18:05:10,2026-09-11 18:12:13,7.05
2026-09-11 18:32:22,2026-09-11 18:42:21,9.983333333333333
2026-09-11 19:21:03,2026-09-11 19:30:16,9.216666666666667
2026-09-11 19:46:58,2026-09-11 19:56:51,9.883333333333333
2026-09-11 20:01:51,2026-09-11 20:10:22,8.516666666666667
2026-09-11 20:47:15,2026-09-11 20:57:05,9.833333333333334
2026-09-11 21:42:45,2026-09-11 21:55:04,12.316666666666666
2026-09-11 22:00:17,2026-09-11 22:08:07,7.833333333333333
2026-09-11 22:19:54,2026-09-11 22:30:05,10.183333333333334
2026-09-11 22:45:08,2026-09-11 22:52:22,7.233333333333333
2026-09-11 23:07:22,2026-09-11 23:17:19,9.95
2026-09-11 23:22:19,2026-09-12 08:43:14,560.9166666666666
2026-09-12 09:15:32,2026-09-12 09:23:59,8.45
2026-09-12 09:53:59,2026-09-12 11:28:23,94.4
2026-09-12 11:49:38,2026-09-12 16:47:53,298.25
2026-09-12 17:12:53,2026-09-12 17:46:25,33.53333333333333
2026-09-12 18:07:41,2026-09-12 18:22:51,15.166666666666666
2026-09-12 19:23:30,2026-09-12 19:31:41,8.183333333333334
2026-09-12 19:49:35,2026-09-12 19:58:33,8.966666666666667
2026-09-12 20:38:33,2026-09-12 20:46:13,7.666666666666667
2026-09-12 21:41:13,2026-09-12 21:49:03,7.833333333333333
2026-09-12 21:54:03,2026-09-12 22:01:38,7.583333333333333
2026-09-12 22:33:11,2026-09-12 22:50:11,17.0
2026-09-12 23:06:40,2026-09-12 23:21:46,15.1
2026-09-13 00:23:36,2026-09-13 00:30:45,7.15
2026-09-13 00:36:22,2026-09-13 00:46:05,9.716666666666667
2026-09-13 00:56:58,2026-09-13 01:04:51,7.883333333333334
2026-09-13 01:11:07,2026-09-13 01:28:48,17.683333333333334
2026-09-13 01:38:48,2026-09-13 01:46:54,8.1
2026-09-13 02:34:09,2026-09-13 02:51:36,17.45
2026-09-13 02:57:47,2026-09-13 03:07:12,9.416666666666666
2026-09-13 03:29:04,2026-09-13 03:37:34,8.5
2026-09-13 03:42:34,2026-09-13 03:50:36,8.033333333333333
2026-09-13 04:01:46,2026-09-13 04:17:03,15.283333333333333
2026-09-13 04:38:07,2026-09-13 04:56:05,17.966666666666665
2026-09-13 05:01:05,2026-09-13 05:10:19,9.233333333333333
2026-09-13 05:31:20,2026-09-13 05:40:12,8.866666666666667
2026-09-13 05:55:12,2026-09-13 06:02:44,7.533333333333333
2026-09-13 06:08:28,2026-09-13 06:17:20,8.866666666666667
2026-09-13 06:39:43,2026-09-13 06:47:35,7.866666666666666
2026-09-13 07:18:49,2026-09-13 07:27:11,8.366666666666667
2026-09-13 08:10:04,2026-09-13 08:17:20,7.266666666666667
2026-09-13 08:44:16,2026-09-13 09:14:46,30.5
2026-09-13 10:20:35,2026-09-13 10:28:23,7.8
2026-09-13 11:57:23,2026-09-13 12:05:04,7.683333333333334
2026-09-13 12:15:04,2026-09-13 12:23:26,8.366666666666667
2026-09-13 12:33:26,2026-09-13 12:50:53,17.45
2026-09-13 13:00:53,2026-09-13 13:10:05,9.2
2026-09-13 13:49:07,2026-09-13 13:58:12,9.083333333333334
2026-09-13 14:13:15,2026-09-13 14:21:50,8.583333333333334
2026-09-13 14:28:02,2026-09-13 14:52:55,24.883333333333333
2026-09-13 15:07:55,2026-09-13 15:23:37,15.7
2026-09-13 15:39:32,2026-09-13 15:48:30,8.966666666666667
2026-09-13 15:58:30,2026-09-13 16:06:51,8.35
2026-09-13 16:17:33,2026-09-13 16:24:46,7.216666666666667
2026-09-13 16:31:33,2026-09-13 16:49:08,17.583333333333332
2026-09-13 19:09:12,2026-09-13 19:27:16,18.066666666666666
2026-09-13 21:19:44,2026-09-13 21:36:05,16.35
2026-09-13 21:51:05,2026-09-13 21:59:11,8.1
2026-09-13 22:39:07,2026-09-13 22:48:08,9.016666666666667
2026-09-13 23:01:22,2026-09-13 23:11:08,9.766666666666667
2026-09-13 23:16:08,2026-09-13 23:23:47,7.65
2026-09-13 23:51:18,2026-09-13 23:58:43,7.416666666666667
2026-09-14 00:04:08,2026-09-14 00:21:23,17.25
2026-09-14 01:13:37,2026-09-14 01:20:45,7.133333333333334
2026-09-14 01:25:45,2026-09-14 01:33:19,7.566666666666666
2026-09-14 02:10:18,2026-09-14 02:17:28,7.166666666666667
2026-09-14 02:36:35,2026-09-14 02:46:05,9.5
2026-09-14 02:58:33,2026-09-14 03:06:56,8.383333333333333
2026-09-14 03:39:03,2026-09-14 03:55:18,16.25
2026-09-14 04:55:29,2026-09-14 05:04:50,9.35
2026-09-14 05:34:50,2026-09-14 05:41:54,7.066666666666666
2026-09-14 05:46:54,2026-09-14 05:55:17,8.383333333333333
2026-09-14 06:07:06,2026-09-14 06:16:39,9.55
2026-09-14 07:31:13,2026-09-14 07:48:10,16.95
2026-09-14 07:58:10,2026-09-14 08:05:39,7.483333333333333
2026-09-14 08:25:59,2026-09-14 08:34:30,8.516666666666667
2026-09-14 09:15:53,2026-09-14 09:23:29,7.6
2026-09-14 10:06:04,2026-09-14 10:14:56,8.866666666666667
2026-09-14 10:49:44,2026-09-14 10:59:28,9.733333333333333
2026-09-14 11:04:29,2026-09-14 11:12:44,8.25
2026-09-14 11:19:13,2026-09-14 11:27:43,8.5
2026-09-14 11:32:43,2026-09-14 11:40:15,7.533333333333333
2026-09-14 11:50:15,2026-09-14 11:59:03,8.8
2026-09-14 12:14:40,2026-09-14 12:23:08,8.466666666666667
2026-09-14 13:13:06,2026-09-14 13:21:38,8.533333333333333
2026-09-14 13:26:38,2026-09-14 13:41:36,14.966666666666667
2026-09-14 14:03:10,2026-09-14 14:10:45,7.583333333333333
2026-09-14 14:28:51,2026-09-14 14:44:25,15.566666666666666
2026-09-14 14:50:02,2026-09-14 15:04:52,14.833333333333334
2026-09-14 15:17:30,2026-09-14 15:25:46,8.266666666666667
2026-09-14 15:30:55,2026-09-14 15:38:05,7.166666666666667
2026-09-14 15:58:31,2026-09-14 16:06:59,8.466666666666667
2026-09-14 16:23:55,2026-09-14 16:40:14,16.316666666666666
2026-09-14 17:29:26,2026-09-14 17:45:58,16.533333333333335
2026-09-14 17:52:08,2026-09-14 18:00:33,8.416666666666666
2026-09-14 18:05:33,2026-09-14 18:13:40,8.116666666666667
2026-09-14 18:30:30,2026-09-14 18:38:27,7.95
2026-09-14 19:09:04,2026-09-14 19:32:21,23.283333333333335
2026-09-14 19:37:21,2026-09-14 19:56:04,18.716666666666665
2026-09-14 20:19:00,2026-09-14 20:19:02,0.03333333333333333
2026-09-14 21:06:05,2026-09-14 21:14:07,8.033333333333333
2026-09-14 21:25:00,2026-09-14 21:25:02,0.03333333333333333
2026-09-14 21:35:02,2026-09-14 21:59:16,24.233333333333334
2026-09-14 22:29:00,2026-09-14 22:29:02,0.03333333333333333
2026-09-14 22:31:57,2026-09-14 22:39:33,7.6
2026-09-14 23:16:39,2026-09-14 23:24:53,8.233333333333333
2026-09-14 23:35:36,2026-09-14 23:43:14,7.633333333333334
2026-09-14 23:48:14,2026-09-14 23:56:48,8.566666666666666
2026-09-14 23:59:23,2026-09-15 00:00:14,0.85
2026-09-15 00:25:08,2026-09-15 00:41:35,16.45
2026-09-15 01:37:57,2026-09-15 01:54:42,16.75
2026-09-15 03:55:08,2026-09-15 04:04:14,9.1
2026-09-15 04:09:36,2026-09-15 04:17:54,8.3
2026-09-15 05:13:04,2026-09-15 05:30:12,17.133333333333333
2026-09-15 06:02:13,2026-09-15 06:09:56,7.716666666666667
2026-09-15 06:24:59,2026-09-15 06:32:23,7.4
2026-09-15 06:53:15,2026-09-15 07:01:08,7.883333333333334
2026-09-15 07:06:08,2026-09-15 07:22:05,15.95
2026-09-15 07:32:05,2026-09-15 07:48:40,16.583333333333332
2026-09-15 07:53:41,2026-09-15 08:01:00,7.316666666666666
2026-09-15 08:12:13,2026-09-15 08:20:09,7.933333333333334
2026-09-15 08:21:18,2026-09-15 08:21:40,0.36666666666666664
2026-09-15 08:53:15,2026-09-15 09:00:38,7.383333333333334
2026-09-15 09:45:38,2026-09-15 09:53:06,7.466666666666667
2026-09-15 10:05:03,2026-09-15 14:04:51,239.8
2026-09-15 14:14:57,2026-09-15 14:22:07,7.166666666666667
2026-09-15 14:39:22,2026-09-15 14:46:30,7.133333333333334
2026-09-15 14:51:39,2026-09-15 14:59:25,7.766666666666667
2026-09-15 15:25:27,2026-09-15 15:43:59,18.533333333333335
2026-09-15 15:55:51,2026-09-15 16:04:12,8.35
2026-09-15 16:19:50,2026-09-15 16:26:53,7.05
2026-09-15 16:36:53,2026-09-15 16:45:13,8.333333333333334
2026-09-15 17:05:21,2026-09-15 17:13:46,8.416666666666666
2026-09-15 17:40:04,2026-09-15 17:55:39,15.583333333333334
2026-09-15 18:05:45,2026-09-15 18:23:14,17.483333333333334
2026-09-15 19:28:32,2026-09-15 19:45:15,16.716666666666665
2026-09-15 20:06:10,2026-09-15 20:13:57,7.783333333333333
2026-09-15 20:18:57,2026-09-15 20:26:48,7.85
2026-09-15 20:59:42,2026-09-15 21:06:56,7.233333333333333
2026-09-15 21:28:48,2026-09-15 21:36:16,7.466666666666667
2026-09-15 21:48:01,2026-09-15 21:55:26,7.416666666666667
2026-09-15 22:08:03,2026-09-15 22:15:19,7.266666666666667
2026-09-15 22:26:19,2026-09-15 22:44:24,18.083333333333332
2026-09-15 22:50:32,2026-09-15 22:59:27,8.916666666666666
2026-09-15 23:27:43,2026-09-15 23:37:33,9.833333333333334
2026-09-15 23:54:31,2026-09-16 00:10:17,15.766666666666667
2026-09-16 00:36:35,2026-09-16 00:45:30,8.916666666666666
2026-09-16 00:50:30,2026-09-16 00:59:06,8.6
2026-09-16 01:04:06,2026-09-16 01:20:11,16.083333333333332
2026-09-16 02:28:19,2026-09-16 02:45:14,16.916666666666668
2026-09-16 03:01:04,2026-09-16 03:10:10,9.1
2026-09-16 03:21:07,2026-09-16 07:31:47,250.66666666666666
2026-09-16 07:52:06,2026-09-16 08:02:02,9.933333333333334
2026-09-16 08:14:14,2026-09-16 08:48:28,34.233333333333334
2026-09-16 09:31:34,2026-09-16 09:40:13,8.65
2026-09-16 09:50:13,2026-09-16 10:06:28,16.25
2026-09-16 11:06:31,2026-09-16 11:13:41,7.166666666666667
2026-09-16 11:28:41,2026-09-16 11:36:57,8.266666666666667
2026-09-16 11:49:04,2026-09-16 12:04:33,15.483333333333333
2026-09-16 12:15:44,2026-09-16 12:24:39,8.916666666666666
2026-09-16 12:30:39,2026-09-16 12:39:59,9.333333333333334
2026-09-16 13:01:29,2026-09-16 13:25:27,23.966666666666665
2026-09-16 14:03:29,2026-09-16 14:10:41,7.2
2026-09-16 14:27:57,2026-09-16 14:37:35,9.633333333333333
2026-09-16 14:47:35,2026-09-16 14:56:38,9.05
2026-09-16 15:07:11,2026-09-16 15:25:04,17.883333333333333
2026-09-16 15:52:36,2026-09-16 16:00:44,8.133333333333333
2026-09-16 16:05:55,2026-09-16 16:13:17,7.366666666666666
2026-09-16 16:30:25,2026-09-16 16:38:42,8.283333333333333
2026-09-16 16:56:00,2026-09-16 17:15:00,19.0
2026-09-16 17:20:00,2026-09-16 17:27:47,7.783333333333333
2026-09-16 17:39:41,2026-09-16 17:48:29,8.8
2026-09-16 19:33:02,2026-09-16 19:41:26,8.4
2026-09-16 19:53:32,2026-09-16 20:12:01,18.483333333333334
2026-09-16 20:17:01,2026-09-16 20:33:08,16.116666666666667
2026-09-16 20:39:08,2026-09-16 20:46:39,7.516666666666667
2026-09-16 20:51:39,2026-09-16 21:01:24,9.75
2026-09-16 21:16:24,2026-09-16 21:26:09,9.75
2026-09-16 21:36:09,2026-09-16 21:43:56,7.783333333333333
2026-09-16 22:05:09,2026-09-16 22:13:49,8.666666666666666
2026-09-16 22:19:30,2026-09-16 22:28:10,8.666666666666666
2026-09-16 22:33:10,2026-09-16 22:41:26,8.266666666666667
2026-09-16 23:02:31,2026-09-16 23:10:51,8.333333333333334
2026-09-16 23:16:44,2026-09-16 23:24:04,7.333333333333333
2026-09-16 23:29:04,2026-09-16 23:46:05,17.016666666666666
2026-09-16 23:56:10,2026-09-17 00:06:02,9.866666666666667
2026-09-17 00:16:50,2026-09-17 00:34:08,17.3
2026-09-17 01:28:33,2026-09-17 01:46:21,17.8
2026-09-17 01:52:42,2026-09-17 02:00:24,7.7
2026-09-17 02:06:02,2026-09-17 02:20:11,14.15
2026-09-17 02:25:12,2026-09-17 02:32:35,7.383333333333334
2026-09-17 02:37:37,2026-09-17 02:45:20,7.716666666666667
2026-09-17 03:00:20,2026-09-17 03:08:33,8.216666666666667
2026-09-17 03:28:35,2026-09-17 03:35:51,7.266666666666667
2026-09-17 03:40:51,2026-09-17 03:50:25,9.566666666666666
2026-09-17 04:12:32,2026-09-17 04:12:34,0.03333333333333333
2026-09-17 04:29:04,2026-09-17 04:45:47,16.716666666666665
2026-09-17 05:31:55,2026-09-17 05:46:06,14.183333333333334
2026-09-17 06:38:09,2026-09-17 06:46:02,7.883333333333334
2026-09-17 07:08:16,2026-09-17 07:15:45,7.483333333333333
2026-09-17 08:24:27,2026-09-17 08:33:51,9.4
2026-09-17 08:43:51,2026-09-17 09:01:11,17.333333333333332
2026-09-17 09:16:33,2026-09-17 09:23:37,7.066666666666666
2026-09-17 09:35:21,2026-09-17 09:43:40,8.316666666666666
2026-09-17 09:49:14,2026-09-17 09:56:27,7.216666666666667
2026-09-17 10:01:27,2026-09-17 10:09:11,7.733333333333333
2026-09-17 10:14:11,2026-09-17 10:22:45,8.566666666666666
2026-09-17 10:28:06,2026-09-17 10:36:08,8.033333333333333
2026-09-17 10:46:08,2026-09-17 10:53:15,7.116666666666666
2026-09-17 11:37:42,2026-09-17 11:46:54,9.2
2026-09-17 12:17:40,2026-09-17 12:24:57,7.283333333333333
2026-09-17 12:30:32,2026-09-17 12:45:27,14.916666666666666
2026-09-17 13:10:38,2026-09-17 13:18:58,8.333333333333334
2026-09-17 13:35:44,2026-09-17 13:42:55,7.183333333333334
2026-09-17 14:25:01,2026-09-17 14:32:05,7.066666666666666
2026-09-17 14:43:59,2026-09-17 14:53:15,9.266666666666667
2026-09-17 14:58:38,2026-09-17 15:05:47,7.15
2026-09-17 15:28:13,2026-09-17 15:35:24,7.183333333333334
2026-09-17 15:52:38,2026-09-17 16:09:46,17.133333333333333
2026-09-17 16:20:55,2026-09-17 16:39:25,18.5
2026-09-17 16:50:18,2026-09-17 16:58:07,7.816666666666666
2026-09-17 17:04:30,2026-09-17 17:12:20,7.833333333333333
2026-09-17 18:17:12,2026-09-17 18:25:03,7.85
2026-09-17 18:30:03,2026-09-17 18:38:55,8.866666666666667
2026-09-17 19:30:37,2026-09-17 19:38:44,8.116666666666667
2026-09-17 20:19:20,2026-09-17 20:28:07,8.783333333333333
2026-09-17 20:38:07,2026-09-17 20:47:03,8.933333333333334
2026-09-17 21:12:02,2026-09-17 21:21:09,9.116666666666667
2026-09-17 21:56:36,2026-09-17 22:04:30,7.9
2026-09-17 22:15:25,2026-09-17 22:32:15,16.833333333333332
2026-09-17 22:42:39,2026-09-17 22:51:30,8.85
2026-09-17 22:58:14,2026-09-17 23:05:56,7.7
2026-09-17 23:21:50,2026-09-17 23:29:44,7.9
2026-09-17 23:49:44,2026-09-17 23:57:03,7.316666666666666
2026-09-18 00:29:20,2026-09-18 00:46:03,16.716666666666665
2026-09-18 01:07:51,2026-09-18 01:15:56,8.083333333333334
2026-09-18 01:33:57,2026-09-18 01:56:40,22.716666666666665
2026-09-18 03:17:48,2026-09-18 03:25:38,7.833333333333333
2026-09-18 03:31:41,2026-09-18 03:38:43,7.033333333333333
2026-09-18 05:01:00,2026-09-18 05:17:55,16.916666666666668
2026-09-18 05:22:55,2026-09-18 05:30:49,7.9
2026-09-18 05:36:17,2026-09-18 06:00:29,24.2
2026-09-18 06:52:58,2026-09-18 07:01:08,8.166666666666666
2026-09-18 07:43:24,2026-09-18 07:50:28,7.066666666666666
2026-09-18 08:00:28,2026-09-18 08:07:44,7.266666666666667
2026-09-18 08:19:59,2026-09-18 08:37:01,17.033333333333335
2026-09-18 08:47:01,2026-09-18 08:54:15,7.233333333333333
2026-09-18 08:59:57,2026-09-18 09:07:09,7.2
2026-09-18 09:13:55,2026-09-18 09:20:56,7.016666666666667
2026-09-18 09:52:52,2026-09-18 10:10:51,17.983333333333334
2026-09-18 10:15:51,2026-09-18 10:25:06,9.25
2026-09-18 10:32:04,2026-09-18 10:39:43,7.65
2026-09-18 11:05:37,2026-09-18 11:13:03,7.433333333333334
2026-09-18 11:39:15,2026-09-18 11:47:29,8.233333333333333
2026-09-18 11:57:29,2026-09-18 12:06:05,8.6
2026-09-18 13:19:13,2026-09-18 13:26:40,7.45
2026-09-18 14:23:43,2026-09-18 14:30:44,7.016666666666667
2026-09-18 15:20:37,2026-09-18 15:29:04,8.45
2026-09-18 15:41:46,2026-09-18 15:50:45,8.983333333333333
2026-09-18 16:17:58,2026-09-18 16:26:18,8.333333333333334
2026-09-18 16:43:24,2026-09-18 16:50:57,7.55
2026-09-18 17:30:22,2026-09-18 17:39:58,9.6
2026-09-18 17:57:38,2026-09-18 18:05:00,7.366666666666666
2026-09-18 18:20:27,2026-09-18 18:27:32,7.083333333333333
2026-09-18 18:38:22,2026-09-18 18:57:06,18.733333333333334
2026-09-18 19:15:07,2026-09-18 19:23:48,8.683333333333334
2026-09-18 19:34:20,2026-09-18 19:42:01,7.683333333333334
2026-09-18 19:52:51,2026-09-18 20:00:37,7.766666666666667
2026-09-18 20:05:51,2026-09-18 20:22:22,16.516666666666666
2026-09-18 20:48:20,2026-09-18 20:58:14,9.9
2026-09-18 21:04:22,2026-09-18 21:12:56,8.566666666666666
2026-09-18 21:39:57,2026-09-18 21:47:03,7.1
2026-09-18 21:53:18,2026-09-18 22:00:26,7.133333333333334
2026-09-18 22:07:10,2026-09-18 22:16:15,9.083333333333334
2026-09-18 22:42:12,2026-09-18 22:50:40,8.466666666666667
2026-09-18 23:02:14,2026-09-18 23:10:26,8.2
2026-09-18 23:28:27,2026-09-18 23:52:41,24.233333333333334
2026-09-19 00:02:51,2026-09-19 00:11:24,8.55
2026-09-19 00:46:06,2026-09-19 00:53:07,7.016666666666667
2026-09-19 01:24:38,2026-09-19 01:42:13,17.583333333333332
2026-09-19 02:10:56,2026-09-19 02:20:38,9.7
2026-09-19 02:30:38,2026-09-19 02:38:02,7.4
2026-09-19 02:43:17,2026-09-19 02:50:44,7.45
2026-09-19 03:02:42,2026-09-19 03:11:40,8.966666666666667
2026-09-19 03:31:39,2026-09-19 03:41:24,9.75
2026-09-19 03:46:24,2026-09-19 04:11:36,25.2
2026-09-19 04:38:03,2026-09-19 04:46:00,7.95
2026-09-19 05:22:13,2026-09-19 06:06:07,43.9
2026-09-19 06:26:20,2026-09-19 06:33:31,7.183333333333334
2026-09-19 06:50:13,2026-09-19 06:58:24,8.183333333333334
2026-09-19 07:03:24,2026-09-19 07:11:07,7.716666666666667
2026-09-19 08:05:00,2026-09-19 11:22:04,197.06666666666666
2026-09-19 11:37:04,2026-09-19 11:44:05,7.016666666666667
2026-09-19 11:50:37,2026-09-19 11:50:45,0.13333333333333333
2026-09-19 12:32:23,2026-09-19 12:39:24,7.016666666666667
2026-09-19 12:57:14,2026-09-19 13:06:22,9.133333333333333
2026-09-19 13:17:51,2026-09-19 13:26:56,9.083333333333334
2026-09-19 13:31:56,2026-09-19 13:39:46,7.833333333333333
2026-09-19 14:38:26,2026-09-19 14:46:12,7.766666666666667
2026-09-19 14:51:12,2026-09-19 14:59:33,8.35
2026-09-19 15:21:12,2026-09-19 15:28:25,7.216666666666667
2026-09-19 16:02:27,2026-09-19 16:02:31,0.06666666666666667
2026-09-19 16:08:22,2026-09-19 16:17:53,9.516666666666667
2026-09-19 16:23:26,2026-09-19 16:31:22,7.933333333333334
2026-09-19 16:53:06,2026-09-19 17:01:27,8.35
2026-09-19 17:06:49,2026-09-19 17:06:52,0.05
2026-09-19 17:10:50,2026-09-19 17:10:54,0.06666666666666667
2026-09-19 17:45:48,2026-09-19 18:49:41,63.88333333333333
2026-09-19 19:05:12,2026-09-19 19:15:41,10.483333333333333
2026-09-19 20:00:56,2026-09-19 20:27:35,26.65
2026-09-19 20:33:51,2026-09-19 20:33:55,0.06666666666666667
2026-09-19 20:49:56,2026-09-19 20:49:58,0.03333333333333333
2026-09-19 21:18:02,2026-09-19 21:27:13,9.183333333333334
2026-09-19 21:43:44,2026-09-19 22:16:16,32.53333333333333
2026-09-19 22:49:12,2026-09-19 22:59:01,9.816666666666666
2026-09-19 23:22:22,2026-09-19 23:32:20,9.966666666666667
2026-09-19 23:37:34,2026-09-20 00:03:29,25.916666666666668
2026-09-20 00:08:29,2026-09-20 00:17:24,8.916666666666666
2026-09-20 00:35:27,2026-09-20 00:43:49,8.366666666666667
2026-09-20 00:48:49,2026-09-20 00:56:18,7.483333333333333
2026-09-20 01:01:18,2026-09-20 01:10:21,9.05
2026-09-20 01:32:45,2026-09-20 01:41:53,9.133333333333333
2026-09-20 01:58:29,2026-09-20 02:08:13,9.733333333333333
2026-09-20 02:23:13,2026-09-20 02:31:04,7.85
2026-09-20 03:19:45,2026-09-20 03:27:30,7.75
2026-09-20 03:47:54,2026-09-20 03:55:02,7.133333333333334
2026-09-20 04:15:02,2026-09-20 04:24:00,8.966666666666667
2026-09-20 04:46:01,2026-09-20 04:54:06,8.083333333333334
2026-09-20 05:04:06,2026-09-20 05:19:04,14.966666666666667
2026-09-20 05:34:04,2026-09-20 05:42:24,8.333333333333334
2026-09-20 06:07:24,2026-09-20 06:16:17,8.883333333333333
2026-09-20 06:26:17,2026-09-20 09:14:23,168.1
2026-09-20 09:24:23,2026-09-20 09:31:29,7.1
2026-09-20 10:28:19,2026-09-20 10:45:44,17.416666666666668
2026-09-20 11:00:44,2026-09-20 11:07:48,7.066666666666666
2026-09-20 11:30:17,2026-09-20 11:39:02,8.75
2026-09-20 11:50:24,2026-09-20 12:26:34,36.166666666666664
2026-09-20 12:43:04,2026-09-20 12:52:57,9.883333333333333
2026-09-20 13:03:11,2026-09-20 13:39:13,36.03333333333333
2026-09-20 13:45:23,2026-09-20 13:53:13,7.833333333333333
2026-09-20 14:22:36,2026-09-20 14:49:07,26.516666666666666
2026-09-20 15:12:12,2026-09-20 15:21:48,9.6
2026-09-20 15:23:06,2026-09-20 15:23:38,0.5333333333333333
2026-09-20 15:44:51,2026-09-20 15:52:56,8.083333333333334
2026-09-20 17:24:07,2026-09-20 17:32:43,8.6
2026-09-20 17:56:19,2026-09-20 17:56:28,0.15
2026-09-20 18:01:32,2026-09-20 18:11:24,9.866666666666667
2026-09-20 18:16:24,2026-09-20 18:26:00,9.6
2026-09-20 18:31:04,2026-09-20 18:38:40,7.6
2026-09-20 18:48:40,2026-09-20 18:57:41,9.016666666666667
2026-09-20 19:07:41,2026-09-20 21:18:11,130.5
2026-09-20 21:58:12,2026-09-20 22:05:29,7.283333333333333
2026-09-20 22:11:50,2026-09-20 22:20:00,8.166666666666666
2026-09-20 22:35:00,2026-09-20 22:44:38,9.633333333333333
2026-09-20 22:49:38,2026-09-20 22:58:37,8.983333333333333
2026-09-20 23:08:37,2026-09-20 23:17:55,9.3
2026-09-20 23:34:26,2026-09-21 07:55:05,500.65
2026-09-21 08:24:25,2026-09-21 08:32:24,7.983333333333333
2026-09-21 08:53:14,2026-09-21 09:00:29,7.25
2026-09-21 09:48:48,2026-09-21 10:28:20,39.53333333333333
2026-09-21 10:34:40,2026-09-21 10:40:04,5.4
2026-09-21 10:40:11,2026-09-21 10:48:01,7.833333333333333
2026-09-21 12:34:36,2026-09-21 12:50:01,15.416666666666666
2026-09-21 14:02:36,2026-09-21 14:10:24,7.8
2026-09-21 14:37:53,2026-09-21 14:47:01,9.133333333333333
2026-09-21 15:43:46,2026-09-21 15:48:26,4.666666666666667
2026-09-21 16:00:14,2026-09-21 16:36:39,36.416666666666664
2026-09-21 16:47:36,2026-09-21 17:03:00,15.4
2026-09-21 17:05:31,2026-09-21 17:06:38,1.1166666666666667
2026-09-21 17:08:27,2026-09-21 17:24:28,16.016666666666666
2026-09-21 17:29:40,2026-09-21 17:29:45,0.08333333333333333
2026-09-21 17:34:45,2026-09-21 18:00:41,25.933333333333334
2026-09-21 18:03:45,2026-09-21 18:04:36,0.85
2026-09-21 18:36:22,2026-09-21 18:45:56,9.566666666666666
2026-09-21 19:23:28,2026-09-21 19:32:20,8.866666666666667
2026-09-21 19:58:51,2026-09-21 20:14:41,15.833333333333334
2026-09-21 20:45:14,2026-09-21 20:54:59,9.75
2026-09-21 21:15:57,2026-09-21 21:18:03,2.1
2026-09-21 21:19:43,2026-09-21 21:19:46,0.05
2026-09-21 21:20:46,2026-09-21 21:20:50,0.06666666666666667
2026-09-21 21:30:50,2026-09-21 23:12:50,102.0
2026-09-21 23:33:30,2026-09-22 00:13:03,39.55
2026-09-22 00:18:03,2026-09-22 01:02:36,44.55
2026-09-22 01:14:49,2026-09-22 01:22:50,8.016666666666667
2026-09-22 01:29:13,2026-09-22 01:38:26,9.216666666666667
2026-09-22 02:27:43,2026-09-22 02:43:22,15.65
2026-09-22 02:59:02,2026-09-22 03:08:47,9.75
2026-09-22 03:20:29,2026-09-22 03:36:19,15.833333333333334
2026-09-22 04:01:39,2026-09-22 04:09:41,8.033333333333333
2026-09-22 04:16:06,2026-09-22 04:25:19,9.216666666666667
2026-09-22 04:30:19,2026-09-22 04:39:21,9.033333333333333
2026-09-22 05:01:35,2026-09-22 05:09:14,7.65
2026-09-22 06:10:27,2026-09-22 09:00:26,169.98333333333332
2026-09-22 09:05:09,2026-09-22 09:06:00,0.85
2026-09-22 09:11:18,2026-09-22 09:21:16,9.966666666666667
2026-09-22 09:42:18,2026-09-22 09:52:12,9.9
2026-09-22 10:05:53,2026-09-22 10:17:30,11.616666666666667
2026-09-22 10:18:50,2026-09-22 10:19:05,0.25
2026-09-22 10:19:45,2026-09-22 10:20:15,0.5
2026-09-22 10:30:06,2026-09-22 10:39:47,9.683333333333334
2026-09-22 11:05:31,2026-09-22 11:15:28,9.95
2026-09-22 11:26:11,2026-09-22 11:33:27,7.266666666666667
2026-09-22 11:49:20,2026-09-22 12:12:36,23.266666666666666
2026-09-22 12:18:31,2026-09-22 12:27:03,8.533333333333333
2026-09-22 12:32:09,2026-09-22 12:39:16,7.116666666666666
2026-09-22 12:45:50,2026-09-22 12:55:24,9.566666666666666
2026-09-22 13:25:27,2026-09-22 13:25:36,0.15
2026-09-22 14:04:56,2026-09-22 14:05:43,0.7833333333333333
2026-09-22 14:17:23,2026-09-22 14:25:25,8.033333333333333
2026-09-22 15:04:42,2026-09-22 15:14:05,9.383333333333333
2026-09-22 15:19:07,2026-09-22 15:27:27,8.333333333333334
2026-09-22 15:32:27,2026-09-22 15:40:39,8.2
2026-09-22 15:56:53,2026-09-22 16:05:38,8.75
2026-09-22 16:15:49,2026-09-22 16:25:22,9.55
2026-09-22 16:37:05,2026-09-22 16:46:54,9.816666666666666
2026-09-22 16:56:58,2026-09-22 17:06:45,9.783333333333333
2026-09-22 17:25:21,2026-09-22 17:25:29,0.13333333333333333
2026-09-22 17:31:09,2026-09-22 17:31:27,0.3
2026-09-22 17:54:10,2026-09-22 18:03:45,9.583333333333334
2026-09-22 18:08:53,2026-09-22 18:16:44,7.85
2026-09-22 18:23:28,2026-09-22 18:23:31,0.05
2026-09-22 18:27:44,2026-09-22 18:37:36,9.866666666666667
2026-09-22 19:11:52,2026-09-22 19:21:45,9.883333333333333
2026-09-22 19:33:47,2026-09-22 19:43:35,9.8
2026-09-22 20:00:05,2026-09-22 20:09:27,9.366666666666667
2026-09-22 20:26:08,2026-09-22 20:34:38,8.5
2026-09-22 20:54:38,2026-09-22 21:15:59,21.35
2026-09-22 21:40:59,2026-09-22 21:48:04,7.083333333333333
2026-09-22 21:59:15,2026-09-22 22:25:18,26.05
2026-09-22 22:30:18,2026-09-22 22:45:11,14.883333333333333
2026-09-22 22:52:11,2026-09-22 23:01:15,9.066666666666666
2026-09-22 23:06:52,2026-09-22 23:17:22,10.5
2026-09-22 23:56:35,2026-09-23 00:05:44,9.15
2026-09-23 00:19:08,2026-09-23 00:41:24,22.266666666666666
2026-09-23 01:02:53,2026-09-23 01:19:09,16.266666666666666
2026-09-23 01:52:40,2026-09-23 02:00:12,7.533333333333333
2026-09-23 02:10:12,2026-09-23 02:26:58,16.766666666666666
2026-09-23 03:55:24,2026-09-23 03:55:58,0.5666666666666667
2026-09-23 05:17:48,2026-09-23 05:27:16,9.466666666666667
2026-09-23 05:48:05,2026-09-23 06:15:52,27.783333333333335
2026-09-23 06:20:52,2026-09-23 10:07:19,226.45
2026-09-23 10:23:17,2026-09-23 10:30:22,7.083333333333333
2026-09-23 10:36:37,2026-09-23 10:54:14,17.616666666666667
2026-09-23 11:11:14,2026-09-23 11:43:57,32.71666666666667
2026-09-23 11:49:27,2026-09-23 11:59:01,9.566666666666666
2026-09-23 12:50:08,2026-09-23 12:58:02,7.9
2026-09-23 13:37:26,2026-09-23 13:45:51,8.416666666666666
2026-09-23 14:36:51,2026-09-23 14:45:20,8.483333333333333
2026-09-23 14:50:24,2026-09-23 15:00:14,9.833333333333334
2026-09-23 15:07:05,2026-09-23 15:46:08,39.05
2026-09-23 15:51:18,2026-09-23 15:59:07,7.816666666666666
2026-09-23 16:09:10,2026-09-23 16:26:36,17.433333333333334
2026-09-23 16:31:36,2026-09-23 16:38:58,7.366666666666666
2026-09-23 16:49:29,2026-09-23 16:58:07,8.633333333333333
2026-09-23 17:09:14,2026-09-23 17:16:49,7.583333333333333
2026-09-23 17:43:59,2026-09-23 17:51:41,7.7
2026-09-23 18:03:16,2026-09-23 18:22:04,18.8
2026-09-23 18:43:30,2026-09-23 18:50:31,7.016666666666667
2026-09-23 19:21:15,2026-09-23 19:30:07,8.866666666666667
2026-09-23 19:47:14,2026-09-23 19:54:29,7.25
2026-09-23 20:24:43,2026-09-23 20:34:01,9.3
2026-09-23 21:00:29,2026-09-23 21:08:08,7.65
2026-09-23 21:23:08,2026-09-23 21:31:53,8.75
2026-09-23 21:37:29,2026-09-23 21:45:04,7.583333333333333
2026-09-23 22:05:04,2026-09-23 22:13:56,8.866666666666667
2026-09-23 22:25:40,2026-09-23 22:40:29,14.816666666666666
2026-09-23 23:46:17,2026-09-23 23:56:10,9.883333333333333
2026-09-24 00:37:10,2026-09-24 00:45:33,8.383333333333333
2026-09-24 00:51:29,2026-09-24 00:59:45,8.266666666666667
2026-09-24 01:09:45,2026-09-24 01:17:27,7.7
2026-09-24 01:23:03,2026-09-24 01:30:32,7.483333333333333
2026-09-24 01:40:57,2026-09-24 01:49:02,8.083333333333334
2026-09-24 02:16:44,2026-09-24 02:31:40,14.933333333333334
2026-09-24 02:38:07,2026-09-24 02:55:06,16.983333333333334
2026-09-24 03:00:06,2026-09-24 03:08:34,8.466666666666667
2026-09-24 03:43:19,2026-09-24 04:02:28,19.15
2026-09-24 04:49:06,2026-09-24 04:56:22,7.266666666666667
2026-09-24 05:18:20,2026-09-24 05:27:09,8.816666666666666
2026-09-24 05:32:09,2026-09-24 05:39:30,7.35
2026-09-24 05:52:10,2026-09-24 05:52:29,0.31666666666666665
2026-09-24 05:54:48,2026-09-24 06:01:53,7.083333333333333
2026-09-24 06:08:08,2026-09-24 06:17:52,9.733333333333333
2026-09-24 06:18:27,2026-09-24 06:18:46,0.31666666666666665
2026-09-24 06:24:35,2026-09-24 06:32:31,7.933333333333334
2026-09-24 06:58:18,2026-09-24 07:24:58,26.666666666666668
2026-09-24 07:36:35,2026-09-24 07:45:37,9.033333333333333
2026-09-24 07:50:48,2026-09-24 08:00:07,9.316666666666666
2026-09-24 08:11:46,2026-09-24 08:20:26,8.666666666666666
2026-09-24 08:26:14,2026-09-24 08:34:58,8.733333333333333
2026-09-24 08:45:32,2026-09-24 08:55:02,9.5
2026-09-24 09:16:11,2026-09-24 09:24:16,8.083333333333334
2026-09-24 09:35:30,2026-09-24 09:51:13,15.716666666666667
2026-09-24 10:01:15,2026-09-24 10:18:50,17.583333333333332
2026-09-24 10:56:38,2026-09-24 11:03:59,7.35
2026-09-24 11:20:54,2026-09-24 11:29:13,8.316666666666666
2026-09-24 11:34:13,2026-09-24 11:41:44,7.516666666666667
2026-09-24 11:58:23,2026-09-24 12:16:02,17.65
2026-09-24 12:21:02,2026-09-24 12:29:49,8.783333333333333
2026-09-24 13:37:34,2026-09-24 14:02:34,25.0
2026-09-24 14:12:59,2026-09-24 14:21:11,8.2
2026-09-24 14:36:32,2026-09-24 14:43:56,7.4
2026-09-24 15:04:34,2026-09-24 15:30:12,25.633333333333333
2026-09-24 15:35:12,2026-09-24 15:42:39,7.45
2026-09-24 15:52:39,2026-09-24 16:00:59,8.333333333333334
2026-09-24 16:24:41,2026-09-24 16:34:08,9.45
2026-09-24 16:50:41,2026-09-24 16:58:56,8.25
2026-09-24 17:15:26,2026-09-24 17:23:39,8.216666666666667
2026-09-24 17:35:22,2026-09-24 18:07:46,32.4
2026-09-24 18:14:43,2026-09-24 18:23:15,8.533333333333333
2026-09-24 18:35:41,2026-09-24 18:44:08,8.45
2026-09-24 18:59:08,2026-09-24 19:07:51,8.716666666666667
2026-09-24 19:24:33,2026-09-24 19:42:50,18.283333333333335
2026-09-24 20:14:00,2026-09-24 20:30:20,16.333333333333332
2026-09-24 20:45:20,2026-09-24 20:54:34,9.233333333333333
2026-09-24 21:58:49,2026-09-24 22:06:05,7.266666666666667
2026-09-24 22:16:05,2026-09-24 22:24:45,8.666666666666666
2026-09-24 22:29:45,2026-09-24 22:54:15,24.5
2026-09-24 23:04:23,2026-09-24 23:12:56,8.55
2026-09-24 23:17:56,2026-09-24 23:26:24,8.466666666666667
2026-09-25 01:27:00,2026-09-25 01:35:25,8.416666666666666
2026-09-25 02:15:24,2026-09-25 02:34:20,18.933333333333334
2026-09-25 02:46:03,2026-09-25 03:02:52,16.816666666666666
2026-09-25 03:08:55,2026-09-25 03:45:07,36.2
2026-09-25 03:50:07,2026-09-25 03:58:09,8.033333333333333
2026-09-25 04:03:09,2026-09-25 04:11:47,8.633333333333333
2026-09-25 06:10:01,2026-09-25 06:19:38,9.616666666666667
2026-09-25 06:25:17,2026-09-25 06:34:07,8.833333333333334
2026-09-25 07:04:28,2026-09-25 07:14:18,9.833333333333334
2026-09-25 07:26:11,2026-09-25 07:33:47,7.6
2026-09-25 08:24:21,2026-09-25 08:41:36,17.25
2026-09-25 09:13:13,2026-09-25 09:23:08,9.916666666666666
2026-09-25 09:28:09,2026-09-25 09:36:20,8.183333333333334
2026-09-25 09:46:40,2026-09-25 09:54:11,7.516666666666667
2026-09-25 09:59:11,2026-09-25 10:07:28,8.283333333333333
2026-09-25 10:27:35,2026-09-25 10:36:40,9.083333333333334
2026-09-25 11:11:46,2026-09-25 11:29:13,17.45
2026-09-25 11:46:03,2026-09-25 11:55:10,9.116666666666667
2026-09-25 12:00:10,2026-09-25 12:08:21,8.183333333333334
2026-09-25 12:13:48,2026-09-25 12:21:09,7.35
2026-09-25 12:26:19,2026-09-25 12:53:01,26.7
2026-09-25 13:03:34,2026-09-25 13:11:30,7.933333333333334
2026-09-25 15:02:05,2026-09-25 15:11:29,9.4
2026-09-25 15:16:29,2026-09-25 15:34:22,17.883333333333333
2026-09-25 16:02:14,2026-09-25 16:11:41,9.45
2026-09-25 16:32:16,2026-09-25 16:39:38,7.366666666666666
2026-09-25 16:55:35,2026-09-25 17:05:23,9.8
2026-09-25 17:21:52,2026-09-25 17:47:14,25.366666666666667
2026-09-25 17:57:14,2026-09-25 18:06:20,9.1
2026-09-25 18:17:52,2026-09-25 18:25:10,7.3
2026-09-25 20:37:30,2026-09-25 20:45:04,7.566666666666666
2026-09-25 21:39:53,2026-09-25 21:55:59,16.1
2026-09-25 22:06:00,2026-09-25 22:21:35,15.583333333333334
2026-09-25 22:31:35,2026-09-25 22:38:52,7.283333333333333
2026-09-25 22:45:36,2026-09-25 22:53:38,8.033333333333333
2026-09-26 00:33:50,2026-09-26 00:43:28,9.633333333333333
2026-09-26 00:53:28,2026-09-26 01:09:04,15.6
2026-09-26 02:10:26,2026-09-26 02:19:27,9.016666666666667
2026-09-26 03:16:43,2026-09-26 03:34:36,17.883333333333333
2026-09-26 05:00:05,2026-09-26 05:08:32,8.45
2026-09-26 06:50:47,2026-09-26 06:59:44,8.95
2026-09-26 07:16:24,2026-09-26 07:24:35,8.183333333333334
2026-09-26 07:44:35,2026-09-26 07:52:03,7.466666666666667
2026-09-26 08:34:57,2026-09-26 08:42:27,7.5
2026-09-26 09:12:33,2026-09-26 09:22:11,9.633333333333333
2026-09-26 09:47:11,2026-09-26 09:56:32,9.35
2026-09-26 11:12:25,2026-09-26 11:21:56,9.516666666666667
2026-09-26 11:31:56,2026-09-26 11:40:17,8.35
2026-09-26 11:50:17,2026-09-26 11:59:39,9.366666666666667
2026-09-26 12:14:39,2026-09-26 12:22:41,8.033333333333333
2026-09-26 12:57:41,2026-09-26 13:05:20,7.65
2026-09-26 13:10:20,2026-09-26 13:17:21,7.016666666666667
2026-09-26 13:59:02,2026-09-26 14:07:08,8.1
2026-09-26 14:12:08,2026-09-26 14:19:47,7.65
2026-09-26 15:13:13,2026-09-26 15:21:24,8.183333333333334
2026-09-26 15:37:22,2026-09-26 15:46:36,9.233333333333333
2026-09-26 16:03:10,2026-09-26 16:10:58,7.8
2026-09-26 16:25:58,2026-09-26 16:33:30,7.533333333333333
2026-09-26 16:39:41,2026-09-26 16:47:46,8.083333333333334
2026-09-26 17:07:46,2026-09-26 17:15:43,7.95
2026-09-26 18:28:51,2026-09-26 18:45:44,16.883333333333333
2026-09-26 19:27:53,2026-09-26 19:37:16,9.383333333333333
2026-09-26 20:07:16,2026-09-26 20:14:23,7.116666666666666
2026-09-26 20:47:22,2026-09-26 20:55:10,7.8
2026-09-26 21:00:10,2026-09-26 21:09:35,9.416666666666666
2026-09-26 21:14:35,2026-09-26 21:22:45,8.166666666666666
2026-09-26 21:40:02,2026-09-26 21:48:06,8.066666666666666
2026-09-26 22:03:06,2026-09-26 22:18:53,15.783333333333333
2026-09-26 22:23:53,2026-09-26 22:30:57,7.066666666666666
2026-09-26 22:41:02,2026-09-26 22:50:30,9.466666666666667
2026-09-26 23:01:58,2026-09-26 23:09:33,7.583333333333333
2026-09-26 23:51:44,2026-09-26 23:59:48,8.066666666666666
2026-09-27 00:14:51,2026-09-27 00:34:28,19.616666666666667
2026-09-27 00:49:28,2026-09-27 00:57:35,8.116666666666667
2026-09-27 01:07:38,2026-09-27 01:16:57,9.316666666666666
2026-09-27 01:49:01,2026-09-27 02:05:40,16.65
2026-09-27 02:36:04,2026-09-27 02:45:38,9.566666666666666
2026-09-27 03:05:38,2026-09-27 03:15:01,9.383333333333333
2026-09-27 04:21:42,2026-09-27 04:46:07,24.416666666666668
2026-09-27 05:07:03,2026-09-27 05:15:50,8.783333333333333
2026-09-27 05:45:16,2026-09-27 05:54:33,9.283333333333333
2026-09-27 06:05:49,2026-09-27 06:23:06,17.283333333333335
2026-09-27 07:19:56,2026-09-27 07:46:22,26.433333333333334
2026-09-27 08:08:11,2026-09-27 08:15:42,7.516666666666667
2026-09-27 08:31:41,2026-09-27 08:38:58,7.283333333333333
2026-09-27 08:43:58,2026-09-27 11:15:17,151.31666666666666
2026-09-27 11:25:18,2026-09-27 11:25:32,0.23333333333333334
2026-09-27 11:30:32,2026-09-27 11:38:17,7.75
2026-09-27 11:43:17,2026-09-27 11:51:21,8.066666666666666
2026-09-27 11:56:21,2026-09-27 12:03:57,7.6
2026-09-27 12:13:57,2026-09-27 12:43:29,29.533333333333335
2026-09-27 12:58:32,2026-09-27 13:06:28,7.933333333333334
2026-09-27 13:11:28,2026-09-27 13:27:06,15.633333333333333
2026-09-27 13:55:28,2026-09-27 14:03:53,8.416666666666666
2026-09-27 14:19:06,2026-09-27 14:34:11,15.083333333333334
2026-09-27 14:35:20,2026-09-27 14:35:23,0.05
2026-09-27 14:46:34,2026-09-27 14:53:38,7.066666666666666
2026-09-27 16:20:08,2026-09-27 16:27:19,7.183333333333334
2026-09-27 17:03:26,2026-09-27 17:12:21,8.916666666666666
2026-09-27 17:37:21,2026-09-27 17:44:28,7.116666666666666
2026-09-27 18:33:52,2026-09-27 18:42:34,8.7
2026-09-27 18:47:41,2026-09-27 18:55:08,7.45
2026-09-27 19:36:21,2026-09-27 19:45:32,9.183333333333334
2026-09-27 20:10:32,2026-09-27 21:12:14,61.7
2026-09-27 21:35:33,2026-09-27 21:42:42,7.15
2026-09-27 21:48:42,2026-09-27 21:56:12,7.5
2026-09-27 22:13:42,2026-09-27 22:21:24,7.7
2026-09-27 22:32:53,2026-09-27 22:42:49,9.933333333333334
2026-09-27 22:47:49,2026-09-27 22:54:57,7.133333333333334
2026-09-27 23:43:40,2026-09-28 00:02:08,18.466666666666665
2026-09-28 00:17:31,2026-09-28 00:27:20,9.816666666666666
2026-09-28 00:32:31,2026-09-28 00:40:00,7.483333333333333
2026-09-28 01:18:16,2026-09-28 01:26:50,8.566666666666666
2026-09-28 01:59:46,2026-09-28 02:08:07,8.35
2026-09-28 02:57:15,2026-09-28 03:04:47,7.533333333333333
2026-09-28 03:05:09,2026-09-28 03:05:11,0.03333333333333333
2026-09-28 03:11:22,2026-09-28 03:20:10,8.8
2026-09-28 03:30:14,2026-09-28 03:37:20,7.1
2026-09-28 04:08:49,2026-09-28 04:24:05,15.266666666666667
2026-09-28 04:34:05,2026-09-28 04:42:21,8.266666666666667
2026-09-28 05:42:08,2026-09-28 05:50:17,8.15
2026-09-28 06:27:53,2026-09-28 06:37:52,9.983333333333333
2026-09-28 06:54:32,2026-09-28 07:02:02,7.5
2026-09-28 07:24:45,2026-09-28 07:33:07,8.366666666666667
2026-09-28 07:44:59,2026-09-28 07:52:56,7.95
2026-09-28 07:56:33,2026-09-28 07:56:35,0.03333333333333333
2026-09-28 08:03:07,2026-09-28 08:12:22,9.25
2026-09-28 09:42:06,2026-09-28 09:49:45,7.65
2026-09-28 10:01:25,2026-09-28 10:08:41,7.266666666666667
2026-09-28 10:37:15,2026-09-28 10:46:18,9.05
2026-09-28 10:57:52,2026-09-28 11:06:37,8.75
2026-09-28 11:16:37,2026-09-28 11:25:07,8.5
2026-09-28 12:07:43,2026-09-28 12:14:49,7.1
2026-09-28 12:20:55,2026-09-28 12:29:01,8.1
2026-09-28 12:48:58,2026-09-28 12:49:00,0.03333333333333333
2026-09-28 12:52:33,2026-09-28 13:01:39,9.1
2026-09-28 13:08:16,2026-09-28 13:15:21,7.083333333333333
2026-09-28 13:35:28,2026-09-28 13:44:43,9.25
2026-09-28 13:50:28,2026-09-28 13:59:56,9.466666666666667
2026-09-28 14:06:01,2026-09-28 14:21:20,15.316666666666666
2026-09-28 14:33:23,2026-09-28 14:41:16,7.883333333333334
2026-09-28 15:33:55,2026-09-28 15:43:22,9.45
2026-09-28 16:26:38,2026-09-28 16:36:37,9.983333333333333
2026-09-28 16:47:11,2026-09-28 16:56:29,9.3
2026-09-28 17:01:29,2026-09-28 17:08:50,7.35
2026-09-28 17:52:45,2026-09-28 18:00:25,7.666666666666667
2026-09-28 18:15:25,2026-09-28 18:32:23,16.966666666666665
2026-09-28 18:52:53,2026-09-28 19:00:19,7.433333333333334
2026-09-28 19:06:55,2026-09-28 19:16:29,9.566666666666666
2026-09-28 20:36:37,2026-09-28 20:45:19,8.7
2026-09-28 21:31:39,2026-09-28 21:48:03,16.4
2026-09-28 23:32:54,2026-09-28 23:40:24,7.5
2026-09-29 00:15:24,2026-09-29 00:22:33,7.15
2026-09-29 00:56:27,2026-09-29 01:06:24,9.95
2026-09-29 01:17:31,2026-09-29 01:25:06,7.583333333333333
2026-09-29 01:41:20,2026-09-29 01:51:04,9.733333333333333
2026-09-29 01:56:04,2026-09-29 02:03:20,7.266666666666667
2026-09-29 02:20:08,2026-09-29 02:27:26,7.3
2026-09-29 02:57:23,2026-09-29 03:09:09,11.766666666666667
2026-09-29 03:46:16,2026-09-29 03:54:01,7.75
2026-09-29 04:18:28,2026-09-29 04:18:30,0.03333333333333333
2026-09-29 04:37:10,2026-09-29 04:37:12,0.03333333333333333
2026-09-29 04:45:32,2026-09-29 04:45:41,0.15
2026-09-29 05:17:24,2026-09-29 07:49:36,152.2
2026-09-29 08:33:19,2026-09-29 08:41:07,7.8
2026-09-29 09:33:59,2026-09-29 09:42:55,8.933333333333334
2026-09-29 09:47:55,2026-09-29 09:55:47,7.866666666666666
2026-09-29 10:16:43,2026-09-29 10:24:17,7.566666666666666
2026-09-29 10:29:17,2026-09-29 10:47:30,18.216666666666665
2026-09-29 11:02:30,2026-09-29 11:09:47,7.283333333333333
2026-09-29 11:46:42,2026-09-29 11:55:49,9.116666666666667
2026-09-29 12:00:49,2026-09-29 12:07:50,7.016666666666667
2026-09-29 12:43:28,2026-09-29 12:50:58,7.5
2026-09-29 13:06:22,2026-09-29 13:23:19,16.95
2026-09-29 13:52:05,2026-09-29 14:00:58,8.883333333333333
2026-09-29 14:12:27,2026-09-29 14:20:15,7.8
2026-09-29 14:26:06,2026-09-29 14:42:21,16.25
2026-09-29 14:47:21,2026-09-29 14:55:43,8.366666666666667
2026-09-29 15:01:08,2026-09-29 15:18:28,17.333333333333332
2026-09-29 15:23:28,2026-09-29 15:33:07,9.65
2026-09-29 15:59:33,2026-09-29 16:07:53,8.333333333333334
2026-09-29 16:41:55,2026-09-29 16:50:59,9.066666666666666
2026-09-29 17:01:59,2026-09-29 17:11:06,9.116666666666667
2026-09-29 18:11:54,2026-09-29 18:21:23,9.483333333333333
2026-09-29 18:38:38,2026-09-29 18:48:03,9.416666666666666
2026-09-29 20:21:28,2026-09-29 20:40:48,19.333333333333332
2026-09-29 22:11:56,2026-09-29 22:21:55,9.983333333333333
2026-09-29 23:24:36,2026-09-29 23:33:06,8.5
2026-09-29 23:39:58,2026-09-29 23:48:22,8.4
2026-09-30 00:30:41,2026-09-30 00:40:07,9.433333333333334
2026-09-30 01:22:19,2026-09-30 01:30:24,8.083333333333334
2026-09-30 02:05:30,2026-09-30 02:12:40,7.166666666666667
2026-09-30 02:24:45,2026-09-30 02:41:50,17.083333333333332
2026-09-30 03:03:52,2026-09-30 03:04:07,0.25
2026-09-30 03:04:22,2026-09-30 03:04:25,0.05
2026-09-30 04:11:32,2026-09-30 04:20:18,8.766666666666667
2026-09-30 04:50:18,2026-09-30 04:59:37,9.316666666666666
2026-09-30 05:16:22,2026-09-30 05:24:52,8.5
2026-09-30 05:29:52,2026-09-30 05:37:16,7.4
2026-09-30 06:12:38,2026-09-30 06:19:46,7.133333333333334
2026-09-30 06:24:46,2026-09-30 06:32:31,7.75
2026-09-30 06:56:31,2026-09-30 07:06:06,9.583333333333334
2026-09-30 07:11:06,2026-09-30 07:18:19,7.216666666666667
2026-09-30 07:23:19,2026-09-30 07:31:10,7.85
2026-09-30 07:35:07,2026-09-30 07:35:09,0.03333333333333333
2026-09-30 07:41:22,2026-09-30 07:50:30,9.133333333333333
2026-09-30 08:07:31,2026-09-30 08:15:25,7.9
2026-09-30 08:31:56,2026-09-30 08:41:54,9.966666666666667
2026-09-30 09:21:01,2026-09-30 09:46:30,25.483333333333334
2026-09-30 09:56:30,2026-09-30 10:04:28,7.966666666666667
2026-09-30 10:37:17,2026-09-30 11:01:38,24.35
2026-09-30 11:06:38,2026-09-30 11:46:29,39.85
2026-09-30 12:03:27,2026-09-30 12:12:11,8.733333333333333
2026-09-30 12:22:11,2026-09-30 12:30:11,8.0
2026-09-30 12:40:13,2026-09-30 12:54:38,14.416666666666666
2026-09-30 13:17:23,2026-09-30 13:25:07,7.733333333333333
2026-09-30 13:47:01,2026-09-30 13:56:41,9.666666666666666
2026-09-30 14:38:12,2026-09-30 14:46:11,7.983333333333333
2026-09-30 14:52:07,2026-09-30 15:00:14,8.116666666666667
2026-09-30 15:27:28,2026-09-30 15:34:53,7.416666666666667
2026-09-30 16:05:10,2026-09-30 16:22:12,17.033333333333335
2026-09-30 18:03:12,2026-09-30 18:11:41,8.483333333333333
2026-09-30 18:21:41,2026-09-30 18:30:43,9.033333333333333
2026-09-30 18:36:02,2026-09-30 19:03:33,27.516666666666666
2026-09-30 19:15:18,2026-09-30 19:22:39,7.35
2026-09-30 19:43:31,2026-09-30 20:00:04,16.55
2026-09-30 20:47:46,2026-09-30 21:03:09,15.383333333333333
2026-09-30 21:14:03,2026-09-30 21:23:04,9.016666666666667
2026-09-30 21:28:04,2026-09-30 21:36:59,8.916666666666666
2026-09-30 21:47:11,2026-09-30 21:56:41,9.5
2026-09-30 22:22:17,2026-09-30 22:30:15,7.966666666666667
2026-09-30 23:58:44,2026-10-01 00:06:10,7.433333333333334
2026-10-01 00:29:05,2026-10-01 00:36:06,7.016666666666667
2026-10-01 00:56:06,2026-10-01 01:06:05,9.983333333333333
2026-10-01 03:42:07,2026-10-01 03:49:33,7.433333333333334
2026-10-01 03:56:22,2026-10-01 04:03:39,7.283333333333333
2026-10-01 04:16:26,2026-10-01 04:26:23,9.95
2026-10-01 05:19:51,2026-10-01 05:26:53,7.033333333333333
2026-10-01 05:49:28,2026-10-01 06:07:08,17.666666666666668
2026-10-01 06:29:21,2026-10-01 06:38:33,9.2
2026-10-01 06:50:42,2026-10-01 07:07:52,17.166666666666668
2026-10-01 07:24:33,2026-10-01 07:33:18,8.75
2026-10-01 07:54:31,2026-10-01 08:02:11,7.666666666666667
2026-10-01 08:57:55,2026-10-01 09:05:04,7.15
2026-10-01 09:32:11,2026-10-01 09:39:21,7.166666666666667
2026-10-01 09:49:21,2026-10-01 09:56:32,7.183333333333334
2026-10-01 10:01:32,2026-10-01 10:25:35,24.05
2026-10-01 10:30:35,2026-10-01 10:39:13,8.633333333333333
2026-10-01 10:44:50,2026-10-01 11:01:32,16.7
2026-10-01 11:07:16,2026-10-01 11:15:48,8.533333333333333
2026-10-01 12:38:25,2026-10-01 13:01:06,22.683333333333334
2026-10-01 13:11:12,2026-10-01 13:19:12,8.0
2026-10-01 14:22:48,2026-10-01 14:41:08,18.333333333333332
2026-10-01 16:13:30,2026-10-01 16:21:19,7.816666666666666
2026-10-01 16:48:26,2026-10-01 16:56:02,7.6
2026-10-01 17:01:48,2026-10-01 17:09:46,7.966666666666667
2026-10-01 17:41:58,2026-10-01 18:35:14,53.266666666666666
2026-10-01 18:57:46,2026-10-01 19:07:04,9.3
2026-10-01 19:27:57,2026-10-01 19:43:47,15.833333333333334
2026-10-01 20:21:18,2026-10-01 20:30:49,9.516666666666667
2026-10-01 21:07:20,2026-10-01 21:07:39,0.31666666666666665
2026-10-01 21:17:39,2026-10-01 21:34:00,16.35
2026-10-01 21:50:02,2026-10-01 21:58:29,8.45
2026-10-01 22:20:33,2026-10-01 22:28:50,8.283333333333333
2026-10-01 23:40:36,2026-10-01 23:49:14,8.633333333333333
2026-10-01 23:54:14,2026-10-02 00:04:13,9.983333333333333
2026-10-02 00:26:12,2026-10-02 00:43:14,17.033333333333335
2026-10-02 01:20:32,2026-10-02 01:29:23,8.85
2026-10-02 01:41:44,2026-10-02 01:58:49,17.083333333333332
2026-10-02 02:19:38,2026-10-02 02:27:49,8.183333333333334
2026-10-02 03:07:23,2026-10-02 03:14:59,7.6
2026-10-02 03:30:58,2026-10-02 03:50:37,19.65
2026-10-02 04:00:41,2026-10-02 04:10:20,9.65
2026-10-02 04:32:48,2026-10-02 04:48:21,15.55
2026-10-02 04:53:34,2026-10-02 05:02:34,9.0
2026-10-02 05:07:34,2026-10-02 06:39:04,91.5
2026-10-02 07:22:57,2026-10-02 07:32:56,9.983333333333333
2026-10-02 07:38:10,2026-10-02 07:51:08,12.966666666666667
2026-10-02 08:02:17,2026-10-02 08:10:32,8.25
2026-10-02 08:21:19,2026-10-02 08:28:23,7.066666666666666
2026-10-02 08:44:15,2026-10-02 09:17:53,33.63333333333333
2026-10-02 09:27:54,2026-10-02 09:47:33,19.65
2026-10-02 10:03:44,2026-10-02 10:11:56,8.2
2026-10-02 10:51:01,2026-10-02 10:58:25,7.4
2026-10-02 11:24:11,2026-10-02 11:31:54,7.716666666666667
2026-10-02 12:00:28,2026-10-02 12:08:00,7.533333333333333
2026-10-02 12:47:41,2026-10-02 13:07:58,20.283333333333335
2026-10-02 13:54:50,2026-10-02 14:01:56,7.1
2026-10-02 14:07:07,2026-10-02 14:15:20,8.216666666666667
2026-10-02 14:39:36,2026-10-02 14:47:37,8.016666666666667
2026-10-02 14:54:00,2026-10-02 15:02:38,8.633333333333333
2026-10-02 15:07:57,2026-10-02 15:15:12,7.25
2026-10-02 15:20:59,2026-10-02 15:30:37,9.633333333333333
2026-10-02 15:52:12,2026-10-02 16:00:12,8.0
2026-10-02 16:07:06,2026-10-02 16:24:44,17.633333333333333
2026-10-02 16:37:28,2026-10-02 16:46:09,8.683333333333334
2026-10-02 16:56:13,2026-10-02 17:06:04,9.85
2026-10-02 17:11:14,2026-10-02 17:19:16,8.033333333333333
2026-10-02 17:42:31,2026-10-02 17:49:58,7.45
2026-10-02 18:43:58,2026-10-02 18:51:18,7.333333333333333
2026-10-02 19:28:09,2026-10-02 19:35:49,7.666666666666667
2026-10-02 20:01:37,2026-10-02 20:08:58,7.35
2026-10-02 20:40:38,2026-10-02 20:56:23,15.75
2026-10-02 22:07:14,2026-10-02 22:15:21,8.116666666666667
2026-10-02 22:40:21,2026-10-02 22:49:04,8.716666666666667
2026-10-02 23:32:03,2026-10-02 23:32:06,0.05
2026-10-02 23:37:06,2026-10-02 23:46:19,9.216666666666667
2026-10-03 00:03:09,2026-10-03 00:11:36,8.45
2026-10-03 00:17:08,2026-10-03 00:26:39,9.516666666666667
2026-10-03 00:32:31,2026-10-03 00:42:10,9.65
2026-10-03 00:48:45,2026-10-03 00:55:54,7.15
2026-10-03 01:00:54,2026-10-03 01:16:07,15.216666666666667
2026-10-03 02:13:22,2026-10-03 02:22:09,8.783333333333333
2026-10-03 02:33:29,2026-10-03 02:43:27,9.966666666666667
2026-10-03 02:53:38,2026-10-03 03:10:20,16.7
2026-10-03 04:00:44,2026-10-03 04:08:39,7.916666666666667
2026-10-03 04:13:39,2026-10-03 04:22:07,8.466666666666667
2026-10-03 04:32:07,2026-10-03 04:40:05,7.966666666666667
2026-10-03 05:00:05,2026-10-03 05:09:46,9.683333333333334
2026-10-03 06:31:33,2026-10-03 06:40:33,9.0
2026-10-03 07:36:41,2026-10-03 07:45:09,8.466666666666667
2026-10-03 08:00:09,2026-10-03 08:09:08,8.983333333333333
2026-10-03 08:21:03,2026-10-03 08:36:21,15.3
2026-10-03 08:41:21,2026-10-03 08:49:41,8.333333333333334
2026-10-03 09:37:30,2026-10-03 09:46:13,8.716666666666667
2026-10-03 10:16:13,2026-10-03 10:25:54,9.683333333333334
2026-10-03 10:56:47,2026-10-03 11:04:35,7.8
2026-10-03 11:27:07,2026-10-03 11:43:18,16.183333333333334
2026-10-03 13:33:15,2026-10-03 13:41:12,7.95
2026-10-03 14:01:12,2026-10-03 14:09:38,8.433333333333334
2026-10-03 14:49:38,2026-10-03 15:05:44,16.1
2026-10-03 15:16:03,2026-10-03 15:23:22,7.316666666666666
2026-10-03 17:05:43,2026-10-03 17:15:31,9.8
2026-10-03 17:40:39,2026-10-03 17:49:43,9.066666666666666
2026-10-03 17:54:43,2026-10-03 18:11:55,17.2
2026-10-03 18:16:55,2026-10-03 18:25:42,8.783333333333333
2026-10-03 19:29:02,2026-10-03 19:36:30,7.466666666666667
2026-10-03 19:52:15,2026-10-03 20:01:23,9.133333333333333
2026-10-03 20:16:23,2026-10-03 20:24:29,8.1
2026-10-03 20:39:29,2026-10-03 20:49:21,9.866666666666667
2026-10-03 21:05:21,2026-10-03 21:14:15,8.9
2026-10-03 21:19:15,2026-10-03 21:27:35,8.333333333333334
2026-10-03 22:40:08,2026-10-03 22:49:40,9.533333333333333
2026-10-04 00:16:32,2026-10-04 00:25:08,8.6
2026-10-04 00:30:08,2026-10-04 00:39:35,9.45
2026-10-04 02:19:35,2026-10-04 02:29:19,9.733333333333333
2026-10-04 02:44:19,2026-10-04 02:54:15,9.933333333333334
2026-10-04 02:59:15,2026-10-04 03:10:16,11.016666666666667
2026-10-04 05:21:49,2026-10-04 05:29:27,7.633333333333334
2026-10-04 05:45:37,2026-10-04 06:00:08,14.516666666666667
2026-10-04 06:10:08,2026-10-04 06:27:16,17.133333333333333
2026-10-04 06:37:16,2026-10-04 06:46:14,8.966666666666667
2026-10-04 06:51:14,2026-10-04 06:59:54,8.666666666666666
2026-10-04 07:45:44,2026-10-04 07:53:15,7.516666666666667
2026-10-04 07:59:00,2026-10-04 08:07:05,8.083333333333334
2026-10-04 09:09:25,2026-10-04 09:16:41,7.266666666666667
2026-10-04 09:27:24,2026-10-04 09:35:43,8.316666666666666
2026-10-04 09:47:31,2026-10-04 09:54:49,7.3
2026-10-04 09:59:49,2026-10-04 10:09:43,9.9
2026-10-04 10:14:43,2026-10-04 10:22:32,7.816666666666666
2026-10-04 11:02:32,2026-10-04 11:10:14,7.7
2026-10-04 11:57:04,2026-10-04 12:05:16,8.2
2026-10-04 12:42:20,2026-10-04 13:00:47,18.45
2026-10-04 13:33:55,2026-10-04 13:43:14,9.316666666666666
2026-10-04 14:48:27,2026-10-04 14:57:43,9.266666666666667
2026-10-04 15:31:06,2026-10-04 15:39:09,8.05
2026-10-04 15:59:31,2026-10-04 16:09:15,9.733333333333333
2026-10-04 16:14:15,2026-10-04 16:23:41,9.433333333333334
2026-10-04 16:48:41,2026-10-04 16:56:31,7.833333333333333
2026-10-04 18:16:49,2026-10-04 18:25:03,8.233333333333333
2026-10-04 19:31:54,2026-10-04 19:39:10,7.266666666666667
2026-10-04 20:52:09,2026-10-04 21:01:26,9.283333333333333
2026-10-04 21:07:38,2026-10-04 21:26:05,18.45
2026-10-04 21:42:04,2026-10-04 22:00:48,18.733333333333334
2026-10-04 22:08:58,2026-10-04 22:09:01,0.05
2026-10-04 22:40:07,2026-10-04 22:47:18,7.183333333333334
2026-10-04 22:52:18,2026-10-04 23:00:53,8.583333333333334
2026-10-04 23:17:24,2026-10-04 23:32:51,15.45
2026-10-05 00:06:18,2026-10-05 00:22:49,16.516666666666666
2026-10-05 00:28:39,2026-10-05 00:36:39,8.0
2026-10-05 00:41:59,2026-10-05 00:49:36,7.616666666666666
2026-10-05 00:56:31,2026-10-05 01:03:36,7.083333333333333
2026-10-05 01:13:36,2026-10-05 01:22:23,8.783333333333333
2026-10-05 01:28:04,2026-10-05 01:35:30,7.433333333333334
2026-10-05 01:48:23,2026-10-05 01:56:34,8.183333333333334
2026-10-05 02:11:34,2026-10-05 02:20:33,8.983333333333333
2026-10-05 02:37:02,2026-10-05 02:46:33,9.516666666666667
2026-10-05 03:02:09,2026-10-05 03:05:14,3.0833333333333335
2026-10-05 03:06:55,2026-10-05 03:14:37,7.7
2026-10-05 03:19:37,2026-10-05 03:28:23,8.766666666666667
2026-10-05 03:33:23,2026-10-05 03:42:32,9.15
2026-10-05 04:32:25,2026-10-05 04:41:42,9.283333333333333
2026-10-05 05:02:31,2026-10-05 05:12:14,9.716666666666667
2026-10-05 05:35:00,2026-10-05 05:44:18,9.3
2026-10-05 05:59:39,2026-10-05 06:09:11,9.533333333333333
2026-10-05 06:24:23,2026-10-05 06:32:28,8.083333333333334
2026-10-05 07:04:36,2026-10-05 07:29:21,24.75
2026-10-05 07:34:21,2026-10-05 07:50:30,16.15
2026-10-05 08:05:30,2026-10-05 08:30:06,24.6
2026-10-05 09:12:21,2026-10-05 09:22:19,9.966666666666667
2026-10-05 10:22:24,2026-10-05 10:31:52,9.466666666666667
2026-10-05 10:46:52,2026-10-05 10:55:20,8.466666666666667
2026-10-05 11:00:38,2026-10-05 11:09:23,8.75
2026-10-05 11:30:06,2026-10-05 11:39:00,8.9
2026-10-05 11:49:00,2026-10-05 11:56:44,7.733333333333333
2026-10-05 12:30:01,2026-10-05 12:37:52,7.85
2026-10-05 13:10:25,2026-10-05 13:17:44,7.316666666666666
2026-10-05 13:34:24,2026-10-05 13:51:46,17.366666666666667
2026-10-05 14:18:37,2026-10-05 14:18:39,0.03333333333333333
2026-10-05 14:37:21,2026-10-05 14:45:43,8.366666666666667
2026-10-05 15:07:20,2026-10-05 15:16:29,9.15
2026-10-05 15:38:35,2026-10-05 15:45:47,7.2
2026-10-05 15:51:19,2026-10-05 16:08:41,17.366666666666667
2026-10-05 16:26:41,2026-10-05 16:35:13,8.533333333333333
2026-10-05 17:13:43,2026-10-05 17:23:00,9.283333333333333
2026-10-05 17:45:04,2026-10-05 17:52:46,7.7
2026-10-05 17:58:53,2026-10-05 18:06:38,7.75
2026-10-05 19:10:04,2026-10-05 19:27:24,17.333333333333332
2026-10-05 19:54:48,2026-10-05 20:14:04,19.266666666666666
2026-10-05 20:19:04,2026-10-05 20:35:49,16.75
2026-10-05 20:46:36,2026-10-05 20:54:20,7.733333333333333
2026-10-05 21:04:31,2026-10-05 21:14:14,9.716666666666667
2026-10-05 21:40:08,2026-10-05 21:47:13,7.083333333333333
2026-10-05 21:52:17,2026-10-05 22:00:22,8.083333333333334
2026-10-05 22:15:32,2026-10-05 22:24:25,8.883333333333333
2026-10-05 22:29:25,2026-10-05 22:38:25,9.0
2026-10-05 23:04:04,2026-10-05 23:04:54,0.8333333333333334
2026-10-06 00:21:54,2026-10-06 00:40:57,19.05
2026-10-06 00:57:17,2026-10-06 01:05:20,8.05
2026-10-06 01:32:18,2026-10-06 01:41:00,8.7
2026-10-06 03:00:20,2026-10-06 03:10:42,10.366666666666667
2026-10-06 03:30:43,2026-10-06 03:38:30,7.783333333333333
2026-10-06 04:45:27,2026-10-06 04:54:56,9.483333333333333
2026-10-06 05:16:15,2026-10-06 05:25:13,8.966666666666667
2026-10-06 05:35:13,2026-10-06 05:51:22,16.15
2026-10-06 06:11:29,2026-10-06 06:28:54,17.416666666666668
2026-10-06 06:43:54,2026-10-06 06:51:36,7.7
2026-10-06 07:01:36,2026-10-06 07:10:32,8.933333333333334
2026-10-06 07:45:00,2026-10-06 07:54:03,9.05
2026-10-06 08:05:21,2026-10-06 08:13:28,8.116666666666667
2026-10-06 08:43:28,2026-10-06 08:53:12,9.733333333333333
2026-10-06 08:58:35,2026-10-06 09:17:07,18.533333333333335
2026-10-06 09:27:31,2026-10-06 09:37:06,9.583333333333334
2026-10-06 09:48:52,2026-10-06 09:56:48,7.933333333333334
2026-10-06 10:01:48,2026-10-06 10:09:39,7.85
2026-10-06 10:21:13,2026-10-06 10:28:54,7.683333333333334
2026-10-06 10:49:33,2026-10-06 10:57:17,7.733333333333333
2026-10-06 11:02:17,2026-10-06 11:10:11,7.9
2026-10-06 11:26:51,2026-10-06 11:36:33,9.7
2026-10-06 12:41:32,2026-10-06 12:50:16,8.733333333333333
2026-10-06 12:56:57,2026-10-06 13:04:26,7.483333333333333
2026-10-06 13:38:02,2026-10-06 13:45:15,7.216666666666667
2026-10-06 14:13:08,2026-10-06 14:20:20,7.2
2026-10-06 15:14:14,2026-10-06 15:31:26,17.2
2026-10-06 16:16:39,2026-10-06 16:26:06,9.45
2026-10-06 16:36:07,2026-10-06 16:43:12,7.083333333333333
2026-10-06 17:39:25,2026-10-06 17:47:01,7.6
2026-10-06 17:59:20,2026-10-06 18:08:18,8.966666666666667
2026-10-06 18:33:18,2026-10-06 18:41:55,8.616666666666667
2026-10-06 18:46:55,2026-10-06 19:05:18,18.383333333333333
2026-10-06 19:30:11,2026-10-06 19:37:20,7.15
2026-10-06 19:58:03,2026-10-06 20:07:03,9.0
2026-10-06 20:12:03,2026-10-06 20:20:55,8.866666666666667
2026-10-06 21:41:16,2026-10-06 21:49:27,8.183333333333334
2026-10-06 22:09:47,2026-10-06 22:17:30,7.716666666666667
2026-10-06 22:54:06,2026-10-06 23:03:05,8.983333333333333
2026-10-06 23:03:49,2026-10-06 23:03:51,0.03333333333333333
2026-10-06 23:13:51,2026-10-06 23:21:51,8.0
2026-10-06 23:42:08,2026-10-06 23:50:55,8.783333333333333
2026-10-07 00:20:55,2026-10-07 00:35:53,14.966666666666667
2026-10-07 01:34:40,2026-10-07 01:52:47,18.116666666666667
2026-10-07 02:31:12,2026-10-07 02:40:26,9.233333333333333
2026-10-07 03:00:09,2026-10-07 03:00:12,0.05
2026-10-07 03:00:45,2026-10-07 03:01:54,1.15
2026-10-07 03:14:24,2026-10-07 03:23:38,9.233333333333333
2026-10-07 03:33:38,2026-10-07 03:42:31,8.883333333333333
2026-10-07 04:14:42,2026-10-07 04:23:27,8.75
2026-10-07 05:03:27,2026-10-07 05:10:42,7.25
2026-10-07 05:49:51,2026-10-07 05:58:37,8.766666666666667
2026-10-07 06:05:30,2026-10-07 06:15:08,9.633333333333333
2026-10-07 06:48:15,2026-10-07 06:56:17,8.033333333333333
2026-10-07 07:06:17,2026-10-07 07:14:27,8.166666666666666
2026-10-07 07:29:27,2026-10-07 07:44:25,14.966666666666667
2026-10-07 07:49:25,2026-10-07 08:14:11,24.766666666666666
2026-10-07 08:30:09,2026-10-07 08:37:56,7.783333333333333
2026-10-07 08:42:56,2026-10-07 08:57:57,15.016666666666667
2026-10-07 09:19:30,2026-10-07 09:27:52,8.366666666666667
