from_utc,to_utc,часов,пересекают
2026-09-20 23:34:58.478212,2026-09-21 07:52:34.539785,8.3,"oi, gamma, bot_log, liq(маска)"
2026-09-12 01:54:11.113913,2026-09-12 08:38:14.981268,6.7,"oi, gamma, bot_log, liq(маска)"
2026-09-03 03:54:18.131853,2026-09-03 08:37:20.944011,4.7,"oi, gamma, bot_log, liq(маска)"
2026-09-16 03:30:28.145597,2026-09-16 07:31:01.498018,4.0,"oi, gamma, bot_log, liq(маска)"
2026-09-15 10:05:26.215736,2026-09-15 14:01:00.200877,3.9,"oi, gamma, bot_log, liq(маска)"
2026-09-19 08:06:08.104777,2026-09-19 11:19:41.111111,3.2,"oi, gamma, bot_log, liq(маска)"
2026-09-12 11:52:00.026104,2026-09-12 15:03:30.113908,3.2,"oi, gamma, bot_log, liq(маска)"
2026-09-22 06:19:24.128661,2026-09-22 08:54:36.297750,2.6,"oi, gamma, bot_log, liq(маска)"
2026-09-20 06:29:48.052725,2026-09-20 09:01:32.064602,2.5,"oi, gamma, bot_log, liq(маска)"
2026-09-27 08:47:22.163483,2026-09-27 11:05:27.056300,2.3,"oi, gamma, bot_log, liq(маска)"
2026-09-29 05:30:30.202593,2026-09-29 07:44:36.233774,2.2,"oi, gamma, bot_log, liq(маска)"
2026-09-20 19:10:06.018557,2026-09-20 21:16:43.931796,2.1,"oi, gamma, bot_log, liq(маска)"
2026-09-23 08:03:21.151113,2026-09-23 09:55:18.226951,1.9,"oi, gamma, bot_log, liq(маска)"
2026-09-12 15:03:31.108787,2026-09-12 16:42:54.314616,1.7,"oi, gamma, bot_log, liq(маска)"
2026-09-23 06:24:11.923590,2026-09-23 08:01:04.104816,1.6,"oi, gamma, bot_log, liq(маска)"
2026-09-22 19:34:20.991402,2026-09-22 21:09:14.953165,1.6,"oi, gamma, bot_log, liq(маска)"
2026-09-12 10:01:20.705525,2026-09-12 11:23:23.845283,1.4,"oi, gamma, bot_log, liq(маска)"
2026-09-19 17:45:54.120150,2026-09-19 18:45:22.143396,1.0,"oi, gamma, bot_log, liq(маска)"
2026-10-02 05:27:25.185900,2026-10-02 06:26:32.330906,1.0,"oi, gamma, bot_log, liq(маска)"
2026-09-27 20:14:49.174074,2026-09-27 21:09:01.175132,0.9,"oi, gamma, bot_log, liq(маска)"
2026-10-01 17:46:49.142245,2026-10-01 18:31:32.237081,0.7,"oi, gamma, bot_log, liq(маска)"
2026-09-21 21:28:44.043980,2026-09-21 22:04:55.064896,0.6,"oi, gamma, bot_log, liq(маска)"
2026-09-11 23:25:13.188151,2026-09-11 23:58:59.148182,0.6,"oi, gamma, bot_log, liq(маска)"
2026-09-21 16:03:33.657387,2026-09-21 16:36:17.300976,0.5,"oi, gamma, liq(маска)"
