tf,direction,start_label,first_seen_close,last_active_close,n_ticks_active,ended_observed,end_reason,max_age_bars,confirmations_max,left_censored,in_win
1d,BULL,2026-08-19,2026-08-21 00:00:00,2026-09-15 00:00:00,26,True,pivot,26,1,True,True
1d,BULL,2026-09-18,2026-09-19 00:00:00,2026-10-07 00:00:00,19,False,,18,0,False,True
4h,BULL,18.08 12:00,2026-08-20 04:00:00,2026-08-23 04:00:00,19,True,pivot,27,2,True,False
4h,BULL,25.08 00:00,2026-08-25 04:00:00,2026-08-30 20:00:00,35,True,pivot,34,0,False,True
4h,BULL,03.09 12:00,2026-09-03 16:00:00,2026-09-07 12:00:00,24,True,pivot,23,0,False,True
4h,BEAR,10.09 12:00,2026-09-10 16:00:00,2026-09-14 00:00:00,21,True,pivot,20,1,False,True
4h,BEAR,15.09 16:00,2026-09-15 20:00:00,2026-09-18 00:00:00,14,True,pivot,13,0,False,True
4h,BULL,18.09 12:00,2026-09-18 16:00:00,2026-09-23 12:00:00,30,True,pivot,29,0,False,True
4h,BULL,02.10 04:00,2026-10-02 08:00:00,2026-10-07 00:00:00,29,True,pivot,28,0,False,True
1h,BULL,18.08 14:00,2026-08-20 01:00:00,2026-08-22 05:00:00,53,True,pivot,86,6,True,False
1h,BULL,24.08 11:00,2026-08-24 12:00:00,2026-08-25 13:00:00,26,True,pivot,25,1,False,False
1h,BULL,27.08 08:00,2026-08-27 09:00:00,2026-08-28 04:00:00,20,True,pivot,19,0,False,False
1h,BEAR,28.08 18:00,2026-08-28 19:00:00,2026-08-29 14:00:00,20,True,pivot,19,0,False,True
1h,BULL,30.08 16:00,2026-08-30 17:00:00,2026-09-01 08:00:00,40,True,pivot,39,3,False,True
1h,BEAR,01.09 17:00,2026-09-01 18:00:00,2026-09-03 02:00:00,33,True,pivot,32,1,False,True
1h,BULL,03.09 12:00,2026-09-03 13:00:00,2026-09-04 12:00:00,24,True,pivot,23,1,False,True
1h,BULL,06.09 03:00,2026-09-06 04:00:00,2026-09-07 07:00:00,28,True,opposite_bos,27,1,False,True
1h,BEAR,07.09 07:00,2026-09-07 08:00:00,2026-09-09 04:00:00,45,True,pivot,44,3,False,True
1h,BEAR,09.09 22:00,2026-09-09 23:00:00,2026-09-11 12:00:00,38,True,pivot,37,2,False,True
1h,BEAR,12.09 18:00,2026-09-12 19:00:00,2026-09-14 02:00:00,32,True,pivot,31,2,False,True
1h,BULL,14.09 09:00,2026-09-14 10:00:00,2026-09-15 06:00:00,21,True,pivot,20,1,False,True
1h,BEAR,15.09 13:00,2026-09-15 14:00:00,2026-09-16 11:00:00,22,True,pivot,21,0,False,True
1h,BULL,18.09 03:00,2026-09-18 04:00:00,2026-09-19 21:00:00,42,True,pivot,41,3,False,True
1h,BULL,20.09 15:00,2026-09-20 16:00:00,2026-09-23 08:00:00,65,True,pivot,64,6,False,True
1h,BEAR,24.09 09:00,2026-09-24 10:00:00,2026-09-26 22:00:00,61,True,pivot,60,0,False,True
1h,BEAR,28.09 01:00,2026-09-28 02:00:00,2026-09-28 18:00:00,17,True,pivot,16,0,False,True
1h,BULL,30.09 12:00,2026-09-30 13:00:00,2026-10-02 15:00:00,51,True,pivot,50,1,False,True
1h,BULL,04.10 20:00,2026-10-04 21:00:00,2026-10-05 14:00:00,18,True,pivot,17,0,False,True
1h,BEAR,07.10 01:00,2026-10-07 02:00:00,2026-10-07 09:00:00,8,False,,7,0,False,True
