run,state,t0,t1,hours
1,1D BULL / 4H BULL / 1H BEAR,2026-08-29 12:00:00,2026-08-29 14:00:00,3
2,1D BULL / 4H BULL / 1H NONE,2026-08-29 15:00:00,2026-08-30 16:00:00,26
3,1D BULL / 4H BULL / 1H BULL,2026-08-30 17:00:00,2026-08-30 23:00:00,7
4,1D BULL / 4H NONE / 1H BULL,2026-08-31 00:00:00,2026-09-01 08:00:00,33
5,1D BULL / 4H NONE / 1H NONE,2026-09-01 09:00:00,2026-09-01 17:00:00,9
6,1D BULL / 4H NONE / 1H BEAR,2026-09-01 18:00:00,2026-09-03 02:00:00,33
7,1D BULL / 4H NONE / 1H NONE,2026-09-03 03:00:00,2026-09-03 12:00:00,10
8,1D BULL / 4H NONE / 1H BULL,2026-09-03 13:00:00,2026-09-03 15:00:00,3
9,1D BULL / 4H BULL / 1H BULL,2026-09-03 16:00:00,2026-09-04 12:00:00,21
10,1D BULL / 4H BULL / 1H NONE,2026-09-04 13:00:00,2026-09-06 03:00:00,39
11,1D BULL / 4H BULL / 1H BULL,2026-09-06 04:00:00,2026-09-07 07:00:00,28
12,1D BULL / 4H BULL / 1H BEAR,2026-09-07 08:00:00,2026-09-07 15:00:00,8
13,1D BULL / 4H NONE / 1H BEAR,2026-09-07 16:00:00,2026-09-09 04:00:00,37
14,1D BULL / 4H NONE / 1H NONE,2026-09-09 05:00:00,2026-09-09 22:00:00,18
15,1D BULL / 4H NONE / 1H BEAR,2026-09-09 23:00:00,2026-09-10 15:00:00,17
16,1D BULL / 4H BEAR / 1H BEAR,2026-09-10 16:00:00,2026-09-11 12:00:00,21
17,1D BULL / 4H BEAR / 1H NONE,2026-09-11 13:00:00,2026-09-12 18:00:00,30
18,1D BULL / 4H BEAR / 1H BEAR,2026-09-12 19:00:00,2026-09-14 02:00:00,32
19,1D BULL / 4H BEAR / 1H NONE,2026-09-14 03:00:00,2026-09-14 03:00:00,1
20,1D BULL / 4H NONE / 1H NONE,2026-09-14 04:00:00,2026-09-14 09:00:00,6
21,1D BULL / 4H NONE / 1H BULL,2026-09-14 10:00:00,2026-09-15 06:00:00,21
22,1D BULL / 4H NONE / 1H NONE,2026-09-15 07:00:00,2026-09-15 13:00:00,7
23,1D BULL / 4H NONE / 1H BEAR,2026-09-15 14:00:00,2026-09-15 19:00:00,6
24,1D BULL / 4H BEAR / 1H BEAR,2026-09-15 20:00:00,2026-09-15 23:00:00,4
25,1D NONE / 4H BEAR / 1H BEAR,2026-09-16 00:00:00,2026-09-16 11:00:00,12
26,1D NONE / 4H BEAR / 1H NONE,2026-09-16 12:00:00,2026-09-18 03:00:00,40
27,1D NONE / 4H NONE / 1H BULL,2026-09-18 04:00:00,2026-09-18 15:00:00,12
28,1D NONE / 4H BULL / 1H BULL,2026-09-18 16:00:00,2026-09-18 23:00:00,8
29,1D BULL / 4H BULL / 1H BULL,2026-09-19 00:00:00,2026-09-19 21:00:00,22
30,1D BULL / 4H BULL / 1H NONE,2026-09-19 22:00:00,2026-09-20 15:00:00,18
31,1D BULL / 4H BULL / 1H BULL,2026-09-20 16:00:00,2026-09-23 08:00:00,65
32,1D BULL / 4H BULL / 1H NONE,2026-09-23 09:00:00,2026-09-23 15:00:00,7
33,1D BULL / 4H NONE / 1H NONE,2026-09-23 16:00:00,2026-09-24 09:00:00,18
34,1D BULL / 4H NONE / 1H BEAR,2026-09-24 10:00:00,2026-09-26 22:00:00,61
35,1D BULL / 4H NONE / 1H NONE,2026-09-26 23:00:00,2026-09-28 01:00:00,27
36,1D BULL / 4H NONE / 1H BEAR,2026-09-28 02:00:00,2026-09-28 18:00:00,17
37,1D BULL / 4H NONE / 1H NONE,2026-09-28 19:00:00,2026-09-30 12:00:00,42
38,1D BULL / 4H NONE / 1H BULL,2026-09-30 13:00:00,2026-10-02 07:00:00,43
39,1D BULL / 4H BULL / 1H BULL,2026-10-02 08:00:00,2026-10-02 15:00:00,8
40,1D BULL / 4H BULL / 1H NONE,2026-10-02 16:00:00,2026-10-04 20:00:00,53
41,1D BULL / 4H BULL / 1H BULL,2026-10-04 21:00:00,2026-10-05 14:00:00,18
42,1D BULL / 4H BULL / 1H NONE,2026-10-05 15:00:00,2026-10-07 01:00:00,35
43,1D BULL / 4H BULL / 1H BEAR,2026-10-07 02:00:00,2026-10-07 03:00:00,2
44,1D BULL / 4H NONE / 1H BEAR,2026-10-07 04:00:00,2026-10-07 09:00:00,6
