tf,bar_open_utc,bar_close_ms,bar_close_utc,close,state,direction,start_time,start_price,age_bars,confirmations,confirm_dates,price,move_pct,mfe_pct,mae_pct,break_level,dist_to_break_pct,end_time,end_price,broken_level,end_reason
4h,2026-08-20 00:00:00,1787198399999,2026-08-20 04:00:00,69195.64,ACTIVE,BULL,18.08 12:00,64855.06,9,2,"18.08 20:00,19.08 12:00",69195.64,6.6927391632973565,7.93298163628251,-1.0624614332328086,64166.0,7.838481438768197,,,,
4h,2026-08-20 04:00:00,1787212799999,2026-08-20 08:00:00,69816.45,ACTIVE,BULL,18.08 12:00,64855.06,10,2,"18.08 20:00,19.08 12:00",69816.45,7.6499659394347885,7.966903430511052,-1.0624614332328086,64166.0,8.805987594676301,,,,
4h,2026-08-20 08:00:00,1787227199999,2026-08-20 12:00:00,71927.07,ACTIVE,BULL,18.08 12:00,64855.06,11,2,"18.08 20:00,19.08 12:00",71927.07,10.904330363737236,11.772311983058836,-1.0624614332328086,64166.0,12.095299691425376,,,,
4h,2026-08-20 12:00:00,1787241599999,2026-08-20 16:00:00,72470.83,ACTIVE,BULL,18.08 12:00,64855.06,12,2,"18.08 20:00,19.08 12:00",72470.83,11.742753765087887,12.296557893863636,-1.0624614332328086,64166.0,12.942726677679772,,,,
4h,2026-08-20 16:00:00,1787255999999,2026-08-20 20:00:00,72690.76,ACTIVE,BULL,18.08 12:00,64855.06,13,2,"18.08 20:00,19.08 12:00",72690.76,12.081863774391689,12.506256258185555,-1.0624614332328086,64166.0,13.285478290683539,,,,
4h,2026-08-20 20:00:00,1787270399999,2026-08-21 00:00:00,73025.15,ACTIVE,BULL,18.08 12:00,64855.06,14,2,"18.08 20:00,19.08 12:00",73025.15,12.597459627668206,13.175440744330524,-1.0624614332328086,64166.0,13.80661097777638,,,,
4h,2026-08-21 00:00:00,1787284799999,2026-08-21 04:00:00,74510.77,ACTIVE,BULL,18.08 12:00,64855.06,15,2,"18.08 20:00,19.08 12:00",74510.77,14.888136715932433,16.854135976437323,-1.0624614332328086,64166.0,16.121886980643964,,,,
4h,2026-08-21 04:00:00,1787299199999,2026-08-21 08:00:00,76308.65,ACTIVE,BULL,18.08 12:00,64855.06,16,2,"18.08 20:00,19.08 12:00",76308.65,17.6602874162787,18.59822502669799,-1.0624614332328086,64166.0,18.9238070005922,,,,
4h,2026-08-21 08:00:00,1787313599999,2026-08-21 12:00:00,76722.32,ACTIVE,BULL,18.08 12:00,64855.06,17,2,"18.08 20:00,19.08 12:00",76722.32,18.29812508075701,22.581029144063702,-1.0624614332328086,64166.0,19.568494218121767,,,,
4h,2026-08-21 12:00:00,1787327999999,2026-08-21 16:00:00,77221.98,ACTIVE,BULL,18.08 12:00,64855.06,18,2,"18.08 20:00,19.08 12:00",77221.98,19.06855070367679,22.581029144063702,-1.0624614332328086,64166.0,20.347193217591865,,,,
4h,2026-08-21 16:00:00,1787342399999,2026-08-21 20:00:00,77028.94,ACTIVE,BULL,18.08 12:00,64855.06,19,2,"18.08 20:00,19.08 12:00",77028.94,18.770902378318688,22.581029144063702,-1.0624614332328086,64166.0,20.046348533491255,,,,
4h,2026-08-21 20:00:00,1787356799999,2026-08-22 00:00:00,78338.03,ACTIVE,BULL,18.08 12:00,64855.06,20,2,"18.08 20:00,19.08 12:00",78338.03,20.789387905893552,22.581029144063702,-1.0624614332328086,64166.0,22.086509989714177,,,,
4h,2026-08-22 00:00:00,1787371199999,2026-08-22 04:00:00,78410.98,ACTIVE,BULL,18.08 12:00,64855.06,21,2,"18.08 20:00,19.08 12:00",78410.98,20.90186949175592,22.581029144063702,-1.0624614332328086,64166.0,22.20019948259202,,,,
4h,2026-08-22 04:00:00,1787385599999,2026-08-22 08:00:00,77289.18,ACTIVE,BULL,18.08 12:00,64855.06,22,2,"18.08 20:00,19.08 12:00",77289.18,19.172166366047616,22.581029144063702,-1.0624614332328086,64166.0,20.451921578406008,,,,
4h,2026-08-22 08:00:00,1787399999999,2026-08-22 12:00:00,77130.02,ACTIVE,BULL,18.08 12:00,64855.06,23,2,"18.08 20:00,19.08 12:00",77130.02,18.92675760380147,22.581029144063702,-1.0624614332328086,64166.0,20.203877442882522,,,,
4h,2026-08-22 12:00:00,1787414399999,2026-08-22 16:00:00,76978.83,ACTIVE,BULL,18.08 12:00,64855.06,24,2,"18.08 20:00,19.08 12:00",76978.83,18.693637782464467,22.581029144063702,-1.0624614332328086,76500.0,0.6259215686274633,,,,
4h,2026-08-22 16:00:00,1787428799999,2026-08-22 20:00:00,77418.25,ACTIVE,BULL,18.08 12:00,64855.06,25,2,"18.08 20:00,19.08 12:00",77418.25,19.37117936518755,22.581029144063702,-1.0624614332328086,76500.0,1.2003267973856202,,,,
4h,2026-08-22 20:00:00,1787443199999,2026-08-23 00:00:00,77074.93,ACTIVE,BULL,18.08 12:00,64855.06,26,2,"18.08 20:00,19.08 12:00",77074.93,18.841814347253695,22.581029144063702,-1.0624614332328086,76500.0,0.751542483660117,,,,
4h,2026-08-23 00:00:00,1787457599999,2026-08-23 04:00:00,76927.87,ACTIVE,BULL,18.08 12:00,64855.06,27,2,"18.08 20:00,19.08 12:00",76927.87,18.615062571833253,22.581029144063702,-1.0624614332328086,76500.0,0.5593071895424684,,,,
4h,2026-08-23 04:00:00,1787471999999,2026-08-23 08:00:00,76007.13,ENDED,BULL,18.08 12:00,64855.06,28,2,"18.08 20:00,19.08 12:00",76007.13,17.19537380737912,22.581029144063702,-1.0624614332328086,,,23.08 04:00,76007.13,76500.0,pivot
4h,2026-08-23 08:00:00,1787486399999,2026-08-23 12:00:00,77311.02,ENDED,BULL,18.08 12:00,64855.06,28,2,"18.08 20:00,19.08 12:00",76007.13,17.19537380737912,22.581029144063702,-1.0624614332328086,,,23.08 04:00,76007.13,76500.0,pivot
4h,2026-08-23 12:00:00,1787500799999,2026-08-23 16:00:00,77156.13,ENDED,BULL,18.08 12:00,64855.06,28,2,"18.08 20:00,19.08 12:00",76007.13,17.19537380737912,22.581029144063702,-1.0624614332328086,,,23.08 04:00,76007.13,76500.0,pivot
4h,2026-08-23 16:00:00,1787515199999,2026-08-23 20:00:00,77346.01,ENDED,BULL,18.08 12:00,64855.06,28,2,"18.08 20:00,19.08 12:00",76007.13,17.19537380737912,22.581029144063702,-1.0624614332328086,,,23.08 04:00,76007.13,76500.0,pivot
4h,2026-08-23 20:00:00,1787529599999,2026-08-24 00:00:00,77734.0,ENDED,BULL,18.08 12:00,64855.06,28,2,"18.08 20:00,19.08 12:00",76007.13,17.19537380737912,22.581029144063702,-1.0624614332328086,,,23.08 04:00,76007.13,76500.0,pivot
4h,2026-08-24 00:00:00,1787543999999,2026-08-24 04:00:00,76933.02,ENDED,BULL,18.08 12:00,64855.06,28,2,"18.08 20:00,19.08 12:00",76007.13,17.19537380737912,22.581029144063702,-1.0624614332328086,,,23.08 04:00,76007.13,76500.0,pivot
4h,2026-08-24 04:00:00,1787558399999,2026-08-24 08:00:00,77307.15,ENDED,BULL,18.08 12:00,64855.06,28,2,"18.08 20:00,19.08 12:00",76007.13,17.19537380737912,22.581029144063702,-1.0624614332328086,,,23.08 04:00,76007.13,76500.0,pivot
4h,2026-08-24 08:00:00,1787572799999,2026-08-24 12:00:00,78443.65,ENDED,BULL,18.08 12:00,64855.06,28,2,"18.08 20:00,19.08 12:00",76007.13,17.19537380737912,22.581029144063702,-1.0624614332328086,,,23.08 04:00,76007.13,76500.0,pivot
4h,2026-08-24 12:00:00,1787587199999,2026-08-24 16:00:00,79100.01,ENDED,BULL,18.08 12:00,64855.06,28,2,"18.08 20:00,19.08 12:00",76007.13,17.19537380737912,22.581029144063702,-1.0624614332328086,,,23.08 04:00,76007.13,76500.0,pivot
4h,2026-08-24 16:00:00,1787601599999,2026-08-24 20:00:00,78758.0,ENDED,BULL,18.08 12:00,64855.06,28,2,"18.08 20:00,19.08 12:00",76007.13,17.19537380737912,22.581029144063702,-1.0624614332328086,,,23.08 04:00,76007.13,76500.0,pivot
4h,2026-08-24 20:00:00,1787615999999,2026-08-25 00:00:00,78992.75,ENDED,BULL,18.08 12:00,64855.06,28,2,"18.08 20:00,19.08 12:00",76007.13,17.19537380737912,22.581029144063702,-1.0624614332328086,,,23.08 04:00,76007.13,76500.0,pivot
4h,2026-08-25 00:00:00,1787630399999,2026-08-25 04:00:00,80488.01,ACTIVE,BULL,25.08 00:00,80488.01,0,0,,80488.01,0.0,0.0,0.0,80000.0,0.6100124999999901,,,,
4h,2026-08-25 04:00:00,1787644799999,2026-08-25 08:00:00,79705.79,ACTIVE,BULL,25.08 00:00,80488.01,1,0,,79705.79,-0.9718466141727222,0.5412980144496204,-1.3900703968205863,80000.0,-0.36776250000001287,,,,
4h,2026-08-25 08:00:00,1787659199999,2026-08-25 12:00:00,79117.99,ACTIVE,BULL,25.08 00:00,80488.01,2,0,,79117.99,-1.7021417227236602,0.5412980144496204,-1.9878861460234876,80000.0,-1.102512499999997,,,,
4h,2026-08-25 12:00:00,1787673599999,2026-08-25 16:00:00,79502.01,ACTIVE,BULL,25.08 00:00,80488.01,3,0,,79502.01,-1.2250271810670954,0.5412980144496204,-2.941146140897244,80000.0,-0.6224875000000019,,,,
4h,2026-08-25 16:00:00,1787687999999,2026-08-25 20:00:00,78925.95,ACTIVE,BULL,25.08 00:00,80488.01,4,0,,78925.95,-1.9407362661842398,0.5412980144496204,-2.941146140897244,80000.0,-1.3425624999999997,,,,
4h,2026-08-25 20:00:00,1787702399999,2026-08-26 00:00:00,78539.14,ACTIVE,BULL,25.08 00:00,80488.01,5,0,,78539.14,-2.4213171626432217,0.5412980144496204,-3.2762768019733546,80000.0,-1.8260750000000048,,,,
4h,2026-08-26 00:00:00,1787716799999,2026-08-26 04:00:00,79088.62,ACTIVE,BULL,25.08 00:00,80488.01,6,0,,79088.62,-1.7386316297296922,0.5412980144496204,-3.2762768019733546,80000.0,-1.1392250000000104,,,,
4h,2026-08-26 04:00:00,1787731199999,2026-08-26 08:00:00,78925.56,ACTIVE,BULL,25.08 00:00,80488.01,7,0,,78925.56,-1.941220810403932,0.5412980144496204,-3.2762768019733546,77851.0,1.3802777099844565,,,,
4h,2026-08-26 08:00:00,1787745599999,2026-08-26 12:00:00,78487.26,ACTIVE,BULL,25.08 00:00,80488.01,8,0,,78487.26,-2.485773968073013,0.5412980144496204,-3.2762768019733546,77851.0,0.8172791614751151,,,,
4h,2026-08-26 12:00:00,1787759999999,2026-08-26 16:00:00,78011.65,ACTIVE,BULL,25.08 00:00,80488.01,9,0,,78011.65,-3.0766818560926,0.5412980144496204,-3.547646413422312,77851.0,0.20635573081912995,,,,
4h,2026-08-26 16:00:00,1787774399999,2026-08-26 20:00:00,78475.49,ACTIVE,BULL,25.08 00:00,80488.01,10,0,,78475.49,-2.500397264139076,0.5412980144496204,-3.547646413422312,77851.0,0.8021605374369134,,,,
4h,2026-08-26 20:00:00,1787788799999,2026-08-27 00:00:00,79023.75,ACTIVE,BULL,25.08 00:00,80488.01,11,0,,79023.75,-1.819227484938435,0.5412980144496204,-3.547646413422312,77632.58,1.7919924856290903,,,,
4h,2026-08-27 00:00:00,1787803199999,2026-08-27 04:00:00,78830.68,ACTIVE,BULL,25.08 00:00,80488.01,12,0,,78830.68,-2.059101722107437,0.5412980144496204,-3.547646413422312,77632.58,1.5432953535744698,,,,
4h,2026-08-27 04:00:00,1787817599999,2026-08-27 08:00:00,79082.17,ACTIVE,BULL,25.08 00:00,80488.01,13,0,,79082.17,-1.7466452456707526,0.5412980144496204,-3.547646413422312,77632.58,1.8672443966180063,,,,
4h,2026-08-27 08:00:00,1787831999999,2026-08-27 12:00:00,79477.67,ACTIVE,BULL,25.08 00:00,80488.01,14,0,,79477.67,-1.2552677100601595,0.5412980144496204,-3.547646413422312,77632.58,2.3766954544084395,,,,
4h,2026-08-27 12:00:00,1787846399999,2026-08-27 16:00:00,80302.32,ACTIVE,BULL,25.08 00:00,80488.01,15,0,,80302.32,-0.23070516962711007,0.5412980144496204,-3.547646413422312,77632.58,3.4389427737684386,,,,
4h,2026-08-27 16:00:00,1787860799999,2026-08-27 20:00:00,79910.19,ACTIVE,BULL,25.08 00:00,80488.01,16,0,,79910.19,-0.717895746211139,0.5412980144496204,-3.547646413422312,77632.58,2.9338326769508427,,,,
4h,2026-08-27 20:00:00,1787875199999,2026-08-28 00:00:00,80249.58,ACTIVE,BULL,25.08 00:00,80488.01,17,0,,80249.58,-0.29623045718236707,0.5412980144496204,-3.547646413422312,77632.58,3.3710073786031636,,,,
4h,2026-08-28 00:00:00,1787889599999,2026-08-28 04:00:00,79810.49,ACTIVE,BULL,25.08 00:00,80488.01,18,0,,79810.49,-0.8417651275015814,1.2310653474971067,-3.547646413422312,77632.58,2.805407214342237,,,,
4h,2026-08-28 04:00:00,1787903999999,2026-08-28 08:00:00,79660.0,ACTIVE,BULL,25.08 00:00,80488.01,19,0,,79660.0,-1.0287370752488423,1.2310653474971067,-3.547646413422312,77632.58,2.61155818858525,,,,
4h,2026-08-28 08:00:00,1787918399999,2026-08-28 12:00:00,79604.13,ACTIVE,BULL,25.08 00:00,80488.01,20,0,,79604.13,-1.0981511407723854,1.2310653474971067,-3.547646413422312,77632.58,2.5395909810030926,,,,
4h,2026-08-28 12:00:00,1787932799999,2026-08-28 16:00:00,78331.13,ACTIVE,BULL,25.08 00:00,80488.01,21,0,,78331.13,-2.679753170689636,1.2310653474971067,-3.547646413422312,77632.58,0.899815515599256,,,,
4h,2026-08-28 16:00:00,1787947199999,2026-08-28 20:00:00,77580.03,ACTIVE,BULL,25.08 00:00,80488.01,22,0,,77580.03,-3.612935640973103,1.2310653474971067,-4.472728298289386,77632.58,-0.06769065255850526,,,,
4h,2026-08-28 20:00:00,1787961599999,2026-08-29 00:00:00,77845.87,ACTIVE,BULL,25.08 00:00,80488.01,23,0,,77845.87,-3.2826504220939245,1.2310653474971067,-4.472728298289386,77632.58,0.2747428978915778,,,,
4h,2026-08-29 00:00:00,1787975999999,2026-08-29 04:00:00,77507.17,ACTIVE,BULL,25.08 00:00,80488.01,24,0,,77507.17,-3.703458440580154,1.2310653474971067,-4.472728298289386,76888.0,0.8052882114244042,,,,
4h,2026-08-29 04:00:00,1787990399999,2026-08-29 08:00:00,77626.01,ACTIVE,BULL,25.08 00:00,80488.01,25,0,,77626.01,-3.555809119892517,1.2310653474971067,-4.472728298289386,76888.0,0.9598506919155092,,,,
4h,2026-08-29 08:00:00,1788004799999,2026-08-29 12:00:00,77584.67,ACTIVE,BULL,25.08 00:00,80488.01,26,0,,77584.67,-3.607170807179849,1.2310653474971067,-4.472728298289386,76888.0,0.9060841743835146,,,,
4h,2026-08-29 12:00:00,1788019199999,2026-08-29 16:00:00,77865.36,ACTIVE,BULL,25.08 00:00,80488.01,27,0,,77865.36,-3.2584356353200894,1.2310653474971067,-4.472728298289386,76888.0,1.2711476433253655,,,,
4h,2026-08-29 16:00:00,1788033599999,2026-08-29 20:00:00,78182.0,ACTIVE,BULL,25.08 00:00,80488.01,28,0,,78182.0,-2.8650354257733435,1.2310653474971067,-4.472728298289386,76888.0,1.682967433149507,,,,
4h,2026-08-29 20:00:00,1788047999999,2026-08-30 00:00:00,78230.0,ACTIVE,BULL,25.08 00:00,80488.01,29,0,,78230.0,-2.8053992141189643,1.2310653474971067,-4.472728298289386,76888.0,1.745395900530644,,,,
4h,2026-08-30 00:00:00,1788062399999,2026-08-30 04:00:00,78144.68,ACTIVE,BULL,25.08 00:00,80488.01,30,0,,78144.68,-2.9114025803346433,1.2310653474971067,-4.472728298289386,76888.0,1.6344292997606757,,,,
4h,2026-08-30 04:00:00,1788076799999,2026-08-30 08:00:00,78118.0,ACTIVE,BULL,25.08 00:00,80488.01,31,0,,78118.0,-2.94455037464586,1.2310653474971067,-4.472728298289386,76888.0,1.599729476641354,,,,
4h,2026-08-30 08:00:00,1788091199999,2026-08-30 12:00:00,78166.0,ACTIVE,BULL,25.08 00:00,80488.01,32,0,,78166.0,-2.88491416299147,1.2310653474971067,-4.472728298289386,76888.0,1.6621579440224687,,,,
4h,2026-08-30 12:00:00,1788105599999,2026-08-30 16:00:00,78823.63,ACTIVE,BULL,25.08 00:00,80488.01,33,0,,78823.63,-2.0678607906941537,1.2310653474971067,-4.472728298289386,76888.0,2.5174669649360215,,,,
4h,2026-08-30 16:00:00,1788119999999,2026-08-30 20:00:00,78856.39,ACTIVE,BULL,25.08 00:00,80488.01,34,0,,78856.39,-2.027159076240048,1.2310653474971067,-4.472728298289386,77962.49,1.1465770269779574,,,,
4h,2026-08-30 20:00:00,1788134399999,2026-08-31 00:00:00,77682.0,ENDED,BULL,25.08 00:00,80488.01,35,0,,77682.0,-3.486245963839829,1.2310653474971067,-4.472728298289386,,,30.08 20:00,77682.0,77962.49,pivot
4h,2026-08-31 00:00:00,1788148799999,2026-08-31 04:00:00,77756.71,ENDED,BULL,25.08 00:00,80488.01,35,0,,77682.0,-3.486245963839829,1.2310653474971067,-4.472728298289386,,,30.08 20:00,77682.0,77962.49,pivot
4h,2026-08-31 04:00:00,1788163199999,2026-08-31 08:00:00,78196.01,ENDED,BULL,25.08 00:00,80488.01,35,0,,77682.0,-3.486245963839829,1.2310653474971067,-4.472728298289386,,,30.08 20:00,77682.0,77962.49,pivot
4h,2026-08-31 08:00:00,1788177599999,2026-08-31 12:00:00,78315.43,ENDED,BULL,25.08 00:00,80488.01,35,0,,77682.0,-3.486245963839829,1.2310653474971067,-4.472728298289386,,,30.08 20:00,77682.0,77962.49,pivot
4h,2026-08-31 12:00:00,1788191999999,2026-08-31 16:00:00,78580.42,ENDED,BULL,25.08 00:00,80488.01,35,0,,77682.0,-3.486245963839829,1.2310653474971067,-4.472728298289386,,,30.08 20:00,77682.0,77962.49,pivot
4h,2026-08-31 16:00:00,1788206399999,2026-08-31 20:00:00,78898.06,ENDED,BULL,25.08 00:00,80488.01,35,0,,77682.0,-3.486245963839829,1.2310653474971067,-4.472728298289386,,,30.08 20:00,77682.0,77962.49,pivot
4h,2026-08-31 20:00:00,1788220799999,2026-09-01 00:00:00,78581.29,ENDED,BULL,25.08 00:00,80488.01,35,0,,77682.0,-3.486245963839829,1.2310653474971067,-4.472728298289386,,,30.08 20:00,77682.0,77962.49,pivot
4h,2026-09-01 00:00:00,1788235199999,2026-09-01 04:00:00,78679.01,ENDED,BULL,25.08 00:00,80488.01,35,0,,77682.0,-3.486245963839829,1.2310653474971067,-4.472728298289386,,,30.08 20:00,77682.0,77962.49,pivot
4h,2026-09-01 04:00:00,1788249599999,2026-09-01 08:00:00,78632.37,ENDED,BULL,25.08 00:00,80488.01,35,0,,77682.0,-3.486245963839829,1.2310653474971067,-4.472728298289386,,,30.08 20:00,77682.0,77962.49,pivot
4h,2026-09-01 08:00:00,1788263999999,2026-09-01 12:00:00,78098.97,ENDED,BULL,25.08 00:00,80488.01,35,0,,77682.0,-3.486245963839829,1.2310653474971067,-4.472728298289386,,,30.08 20:00,77682.0,77962.49,pivot
4h,2026-09-01 12:00:00,1788278399999,2026-09-01 16:00:00,77919.06,ENDED,BULL,25.08 00:00,80488.01,35,0,,77682.0,-3.486245963839829,1.2310653474971067,-4.472728298289386,,,30.08 20:00,77682.0,77962.49,pivot
4h,2026-09-01 16:00:00,1788292799999,2026-09-01 20:00:00,77312.0,ENDED,BULL,25.08 00:00,80488.01,35,0,,77682.0,-3.486245963839829,1.2310653474971067,-4.472728298289386,,,30.08 20:00,77682.0,77962.49,pivot
4h,2026-09-01 20:00:00,1788307199999,2026-09-02 00:00:00,77439.0,ENDED,BULL,25.08 00:00,80488.01,35,0,,77682.0,-3.486245963839829,1.2310653474971067,-4.472728298289386,,,30.08 20:00,77682.0,77962.49,pivot
4h,2026-09-02 00:00:00,1788321599999,2026-09-02 04:00:00,77563.5,ENDED,BULL,25.08 00:00,80488.01,35,0,,77682.0,-3.486245963839829,1.2310653474971067,-4.472728298289386,,,30.08 20:00,77682.0,77962.49,pivot
4h,2026-09-02 04:00:00,1788335999999,2026-09-02 08:00:00,77473.85,ENDED,BULL,25.08 00:00,80488.01,35,0,,77682.0,-3.486245963839829,1.2310653474971067,-4.472728298289386,,,30.08 20:00,77682.0,77962.49,pivot
4h,2026-09-02 08:00:00,1788350399999,2026-09-02 12:00:00,76828.76,ENDED,BULL,25.08 00:00,80488.01,35,0,,77682.0,-3.486245963839829,1.2310653474971067,-4.472728298289386,,,30.08 20:00,77682.0,77962.49,pivot
4h,2026-09-02 12:00:00,1788364799999,2026-09-02 16:00:00,77288.98,ENDED,BULL,25.08 00:00,80488.01,35,0,,77682.0,-3.486245963839829,1.2310653474971067,-4.472728298289386,,,30.08 20:00,77682.0,77962.49,pivot
4h,2026-09-02 16:00:00,1788379199999,2026-09-02 20:00:00,77341.47,ENDED,BULL,25.08 00:00,80488.01,35,0,,77682.0,-3.486245963839829,1.2310653474971067,-4.472728298289386,,,30.08 20:00,77682.0,77962.49,pivot
4h,2026-09-02 20:00:00,1788393599999,2026-09-03 00:00:00,77340.01,ENDED,BULL,25.08 00:00,80488.01,35,0,,77682.0,-3.486245963839829,1.2310653474971067,-4.472728298289386,,,30.08 20:00,77682.0,77962.49,pivot
4h,2026-09-03 00:00:00,1788407999999,2026-09-03 04:00:00,77708.0,ENDED,BULL,25.08 00:00,80488.01,35,0,,77682.0,-3.486245963839829,1.2310653474971067,-4.472728298289386,,,30.08 20:00,77682.0,77962.49,pivot
4h,2026-09-03 04:00:00,1788422399999,2026-09-03 08:00:00,77663.15,ENDED,BULL,25.08 00:00,80488.01,35,0,,77682.0,-3.486245963839829,1.2310653474971067,-4.472728298289386,,,30.08 20:00,77682.0,77962.49,pivot
4h,2026-09-03 08:00:00,1788436799999,2026-09-03 12:00:00,77948.39,ENDED,BULL,25.08 00:00,80488.01,35,0,,77682.0,-3.486245963839829,1.2310653474971067,-4.472728298289386,,,30.08 20:00,77682.0,77962.49,pivot
4h,2026-09-03 12:00:00,1788451199999,2026-09-03 16:00:00,81348.0,ACTIVE,BULL,03.09 12:00,81348.0,0,0,,81348.0,0.0,0.0,0.0,79220.61,2.6853996706160066,,,,
4h,2026-09-03 16:00:00,1788465599999,2026-09-03 20:00:00,81755.41,ACTIVE,BULL,03.09 12:00,81348.0,1,0,,81755.41,0.5008236219698148,0.5433446427693278,-0.9028863647538965,79220.61,3.1996724084805805,,,,
4h,2026-09-03 20:00:00,1788479999999,2026-09-04 00:00:00,81270.37,ACTIVE,BULL,03.09 12:00,81348.0,2,0,,81270.37,-0.09542951271083178,1.1702807690416428,-0.9028863647538965,79220.61,2.587407494085192,,,,
4h,2026-09-04 00:00:00,1788494399999,2026-09-04 04:00:00,80850.0,ACTIVE,BULL,03.09 12:00,81348.0,3,0,,80850.0,-0.612184688007078,1.1702807690416428,-0.9028863647538965,79220.61,2.056775377013631,,,,
4h,2026-09-04 04:00:00,1788508799999,2026-09-04 08:00:00,80656.87,ACTIVE,BULL,03.09 12:00,81348.0,4,0,,80656.87,-0.8495967940207572,1.1702807690416428,-0.9524389044598403,79220.61,1.8129878070870742,,,,
4h,2026-09-04 08:00:00,1788523199999,2026-09-04 12:00:00,81224.86,ACTIVE,BULL,03.09 12:00,81348.0,5,0,,81224.86,-0.15137434233171154,1.1702807690416428,-1.0389069184245536,79220.61,2.529960322193925,,,,
4h,2026-09-04 12:00:00,1788537599999,2026-09-04 16:00:00,79429.33,ACTIVE,BULL,03.09 12:00,81348.0,6,0,,79429.33,-2.358595171362543,1.1702807690416428,-3.304322171411711,79220.61,0.26346679229054537,,,,
4h,2026-09-04 16:00:00,1788551999999,2026-09-04 20:00:00,79793.34,ACTIVE,BULL,03.09 12:00,81348.0,7,0,,79793.34,-1.9111225844519852,1.1702807690416428,-3.304322171411711,79220.61,0.7229558065760866,,,,
4h,2026-09-04 20:00:00,1788566399999,2026-09-05 00:00:00,79660.77,ACTIVE,BULL,03.09 12:00,81348.0,8,0,,79660.77,-2.074089098687115,1.1702807690416428,-3.304322171411711,78660.0,1.2722730739893162,,,,
4h,2026-09-05 00:00:00,1788580799999,2026-09-05 04:00:00,79582.0,ACTIVE,BULL,03.09 12:00,81348.0,9,0,,79582.0,-2.1709199980331384,1.1702807690416428,-3.304322171411711,78660.0,1.1721332316297906,,,,
4h,2026-09-05 04:00:00,1788595199999,2026-09-05 08:00:00,79709.96,ACTIVE,BULL,03.09 12:00,81348.0,10,0,,79709.96,-2.0136204946648917,1.1702807690416428,-3.304322171411711,78660.0,1.3348080345792157,,,,
4h,2026-09-05 08:00:00,1788609599999,2026-09-05 12:00:00,79609.28,ACTIVE,BULL,03.09 12:00,81348.0,11,0,,79609.28,-2.137385061710184,1.1702807690416428,-3.304322171411711,78660.0,1.2068141367912455,,,,
4h,2026-09-05 12:00:00,1788623999999,2026-09-05 16:00:00,79806.01,ACTIVE,BULL,03.09 12:00,81348.0,12,0,,79806.01,-1.8955475242169562,1.1702807690416428,-3.304322171411711,79442.0,0.4582085043176143,,,,
4h,2026-09-05 16:00:00,1788638399999,2026-09-05 20:00:00,79754.0,ACTIVE,BULL,03.09 12:00,81348.0,13,0,,79754.0,-1.9594827162314976,1.1702807690416428,-3.304322171411711,79442.0,0.3927393570151816,,,,
4h,2026-09-05 20:00:00,1788652799999,2026-09-06 00:00:00,79831.75,ACTIVE,BULL,03.09 12:00,81348.0,14,0,,79831.75,-1.8639056891380235,1.1702807690416428,-3.304322171411711,79442.0,0.49060950127137737,,,,
4h,2026-09-06 00:00:00,1788667199999,2026-09-06 04:00:00,80028.01,ACTIVE,BULL,03.09 12:00,81348.0,15,0,,80028.01,-1.6226459163101836,1.1702807690416428,-3.304322171411711,79442.0,0.7376576621938025,,,,
4h,2026-09-06 04:00:00,1788681599999,2026-09-06 08:00:00,79805.0,ACTIVE,BULL,03.09 12:00,81348.0,16,0,,79805.0,-1.8967891036042683,1.1702807690416428,-3.304322171411711,79442.0,0.4569371365272801,,,,
4h,2026-09-06 08:00:00,1788695999999,2026-09-06 12:00:00,79919.17,ACTIVE,BULL,03.09 12:00,81348.0,17,0,,79919.17,-1.756441461375824,1.1702807690416428,-3.304322171411711,79442.0,0.600652048035033,,,,
4h,2026-09-06 12:00:00,1788710399999,2026-09-06 16:00:00,79716.5,ACTIVE,BULL,03.09 12:00,81348.0,18,0,,79716.5,-2.005580960810349,1.1702807690416428,-3.304322171411711,79442.0,0.3455351073739399,,,,
4h,2026-09-06 16:00:00,1788724799999,2026-09-06 20:00:00,79829.99,ACTIVE,BULL,03.09 12:00,81348.0,19,0,,79829.99,-1.8660692334169227,1.1702807690416428,-3.304322171411711,79442.0,0.48839404848821655,,,,
4h,2026-09-06 20:00:00,1788739199999,2026-09-07 00:00:00,80341.83,ACTIVE,BULL,03.09 12:00,81348.0,20,0,,80341.83,-1.2368712199439469,1.1702807690416428,-3.304322171411711,79233.0,1.3994547726326134,,,,
4h,2026-09-07 00:00:00,1788753599999,2026-09-07 04:00:00,79596.39,ACTIVE,BULL,03.09 12:00,81348.0,21,0,,79596.39,-2.153230564980091,1.1702807690416428,-3.304322171411711,79233.0,0.4586346598008495,,,,
4h,2026-09-07 04:00:00,1788767999999,2026-09-07 08:00:00,79397.83,ACTIVE,BULL,03.09 12:00,81348.0,22,0,,79397.83,-2.397317696808765,1.1702807690416428,-3.304322171411711,79233.0,0.20803200686583256,,,,
4h,2026-09-07 08:00:00,1788782399999,2026-09-07 12:00:00,79420.16,ACTIVE,BULL,03.09 12:00,81348.0,23,0,,79420.16,-2.369867728770214,1.1702807690416428,-3.304322171411711,79233.0,0.23621470851791226,,,,
4h,2026-09-07 12:00:00,1788796799999,2026-09-07 16:00:00,78821.99,ENDED,BULL,03.09 12:00,81348.0,24,0,,78821.99,-3.1051900476963157,1.1702807690416428,-3.304322171411711,,,07.09 12:00,78821.99,79233.0,pivot
4h,2026-09-07 16:00:00,1788811199999,2026-09-07 20:00:00,79365.82,ENDED,BULL,03.09 12:00,81348.0,24,0,,78821.99,-3.1051900476963157,1.1702807690416428,-3.304322171411711,,,07.09 12:00,78821.99,79233.0,pivot
4h,2026-09-07 20:00:00,1788825599999,2026-09-08 00:00:00,79112.01,ENDED,BULL,03.09 12:00,81348.0,24,0,,78821.99,-3.1051900476963157,1.1702807690416428,-3.304322171411711,,,07.09 12:00,78821.99,79233.0,pivot
4h,2026-09-08 00:00:00,1788839999999,2026-09-08 04:00:00,78906.28,ENDED,BULL,03.09 12:00,81348.0,24,0,,78821.99,-3.1051900476963157,1.1702807690416428,-3.304322171411711,,,07.09 12:00,78821.99,79233.0,pivot
4h,2026-09-08 04:00:00,1788854399999,2026-09-08 08:00:00,78482.0,ENDED,BULL,03.09 12:00,81348.0,24,0,,78821.99,-3.1051900476963157,1.1702807690416428,-3.304322171411711,,,07.09 12:00,78821.99,79233.0,pivot
4h,2026-09-08 08:00:00,1788868799999,2026-09-08 12:00:00,78430.01,ENDED,BULL,03.09 12:00,81348.0,24,0,,78821.99,-3.1051900476963157,1.1702807690416428,-3.304322171411711,,,07.09 12:00,78821.99,79233.0,pivot
4h,2026-09-08 12:00:00,1788883199999,2026-09-08 16:00:00,78904.0,ENDED,BULL,03.09 12:00,81348.0,24,0,,78821.99,-3.1051900476963157,1.1702807690416428,-3.304322171411711,,,07.09 12:00,78821.99,79233.0,pivot
4h,2026-09-08 16:00:00,1788897599999,2026-09-08 20:00:00,78446.0,ENDED,BULL,03.09 12:00,81348.0,24,0,,78821.99,-3.1051900476963157,1.1702807690416428,-3.304322171411711,,,07.09 12:00,78821.99,79233.0,pivot
4h,2026-09-08 20:00:00,1788911999999,2026-09-09 00:00:00,78455.8,ENDED,BULL,03.09 12:00,81348.0,24,0,,78821.99,-3.1051900476963157,1.1702807690416428,-3.304322171411711,,,07.09 12:00,78821.99,79233.0,pivot
4h,2026-09-09 00:00:00,1788926399999,2026-09-09 04:00:00,78638.01,ENDED,BULL,03.09 12:00,81348.0,24,0,,78821.99,-3.1051900476963157,1.1702807690416428,-3.304322171411711,,,07.09 12:00,78821.99,79233.0,pivot
4h,2026-09-09 04:00:00,1788940799999,2026-09-09 08:00:00,79277.43,ENDED,BULL,03.09 12:00,81348.0,24,0,,78821.99,-3.1051900476963157,1.1702807690416428,-3.304322171411711,,,07.09 12:00,78821.99,79233.0,pivot
4h,2026-09-09 08:00:00,1788955199999,2026-09-09 12:00:00,79324.75,ENDED,BULL,03.09 12:00,81348.0,24,0,,78821.99,-3.1051900476963157,1.1702807690416428,-3.304322171411711,,,07.09 12:00,78821.99,79233.0,pivot
4h,2026-09-09 12:00:00,1788969599999,2026-09-09 16:00:00,78596.7,ENDED,BULL,03.09 12:00,81348.0,24,0,,78821.99,-3.1051900476963157,1.1702807690416428,-3.304322171411711,,,07.09 12:00,78821.99,79233.0,pivot
4h,2026-09-09 16:00:00,1788983999999,2026-09-09 20:00:00,78234.94,ENDED,BULL,03.09 12:00,81348.0,24,0,,78821.99,-3.1051900476963157,1.1702807690416428,-3.304322171411711,,,07.09 12:00,78821.99,79233.0,pivot
4h,2026-09-09 20:00:00,1788998399999,2026-09-10 00:00:00,78306.43,ENDED,BULL,03.09 12:00,81348.0,24,0,,78821.99,-3.1051900476963157,1.1702807690416428,-3.304322171411711,,,07.09 12:00,78821.99,79233.0,pivot
4h,2026-09-10 00:00:00,1789012799999,2026-09-10 04:00:00,78328.08,ENDED,BULL,03.09 12:00,81348.0,24,0,,78821.99,-3.1051900476963157,1.1702807690416428,-3.304322171411711,,,07.09 12:00,78821.99,79233.0,pivot
4h,2026-09-10 04:00:00,1789027199999,2026-09-10 08:00:00,78112.0,ENDED,BULL,03.09 12:00,81348.0,24,0,,78821.99,-3.1051900476963157,1.1702807690416428,-3.304322171411711,,,07.09 12:00,78821.99,79233.0,pivot
4h,2026-09-10 08:00:00,1789041599999,2026-09-10 12:00:00,77840.8,ENDED,BULL,03.09 12:00,81348.0,24,0,,78821.99,-3.1051900476963157,1.1702807690416428,-3.304322171411711,,,07.09 12:00,78821.99,79233.0,pivot
4h,2026-09-10 12:00:00,1789055999999,2026-09-10 16:00:00,77250.0,ACTIVE,BEAR,10.09 12:00,77250.0,0,0,,77250.0,-0.0,-0.0,-0.0,77620.01,0.47669408957817794,,,,
4h,2026-09-10 16:00:00,1789070399999,2026-09-10 20:00:00,77160.83,ACTIVE,BEAR,10.09 12:00,77250.0,1,0,,77160.83,0.11543042071197052,0.5760647249190898,-0.38058252427184414,77620.01,0.5915742602970453,,,,
4h,2026-09-10 20:00:00,1789084799999,2026-09-11 00:00:00,76568.72,ACTIVE,BEAR,10.09 12:00,77250.0,2,0,,76568.72,0.8819158576051755,1.017475728155337,-0.38058252427184414,77620.01,1.3544059064151015,,,,
4h,2026-09-11 00:00:00,1789099199999,2026-09-11 04:00:00,76891.8,ACTIVE,BEAR,10.09 12:00,77250.0,3,0,,76891.8,0.46368932038834965,1.017475728155337,-0.38058252427184414,77620.01,0.9381730303822278,,,,
4h,2026-09-11 04:00:00,1789113599999,2026-09-11 08:00:00,77230.7,ACTIVE,BEAR,10.09 12:00,77250.0,4,0,,77230.7,0.024983818770230037,1.017475728155337,-0.38058252427184414,77620.01,0.5015588119609893,,,,
4h,2026-09-11 08:00:00,1789127999999,2026-09-11 12:00:00,77036.12,ACTIVE,BEAR,10.09 12:00,77250.0,5,0,,77036.12,0.27686731391586283,1.017475728155337,-0.38058252427184414,77620.01,0.7522415933726379,,,,
4h,2026-09-11 12:00:00,1789142399999,2026-09-11 16:00:00,77732.25,ACTIVE,BEAR,10.09 12:00,77250.0,6,0,,77732.25,-0.6242718446601847,1.557825242718447,-3.417475728155339,77620.01,-0.14460188809561902,,,,
4h,2026-09-11 16:00:00,1789156799999,2026-09-11 20:00:00,77286.01,ACTIVE,BEAR,10.09 12:00,77250.0,7,1,11.09 16:00,77286.01,-0.046614886731388694,1.557825242718447,-3.417475728155339,77620.01,0.43030141325670623,,,,
4h,2026-09-11 20:00:00,1789171199999,2026-09-12 00:00:00,77225.7,ACTIVE,BEAR,10.09 12:00,77250.0,8,1,11.09 16:00,77225.7,0.03145631067961174,1.557825242718447,-3.417475728155339,79890.0,3.3349605707848284,,,,
4h,2026-09-12 00:00:00,1789185599999,2026-09-12 04:00:00,77268.09,ACTIVE,BEAR,10.09 12:00,77250.0,9,1,11.09 16:00,77268.09,-0.02341747572816022,1.557825242718447,-3.417475728155339,79890.0,3.281900112654901,,,,
4h,2026-09-12 04:00:00,1789199999999,2026-09-12 08:00:00,77269.55,ACTIVE,BEAR,10.09 12:00,77250.0,10,1,11.09 16:00,77269.55,-0.02530744336570745,1.557825242718447,-3.417475728155339,79890.0,3.280072599824757,,,,
4h,2026-09-12 08:00:00,1789214399999,2026-09-12 12:00:00,77356.04,ACTIVE,BEAR,10.09 12:00,77250.0,11,1,11.09 16:00,77356.04,-0.1372686084142316,1.557825242718447,-3.417475728155339,79890.0,3.1718112404556353,,,,
4h,2026-09-12 12:00:00,1789228799999,2026-09-12 16:00:00,77380.37,ACTIVE,BEAR,10.09 12:00,77250.0,12,1,11.09 16:00,77380.37,-0.16876375404530908,1.557825242718447,-3.417475728155339,79890.0,3.1413568656903257,,,,
4h,2026-09-12 16:00:00,1789243199999,2026-09-12 20:00:00,77114.99,ACTIVE,BEAR,10.09 12:00,77250.0,13,1,11.09 16:00,77114.99,0.17477022653721308,1.557825242718447,-3.417475728155339,79890.0,3.4735386155964387,,,,
4h,2026-09-12 20:00:00,1789257599999,2026-09-13 00:00:00,77278.73,ACTIVE,BEAR,10.09 12:00,77250.0,14,1,11.09 16:00,77278.73,-0.03719093851131117,1.557825242718447,-3.417475728155339,77505.67,0.2928043845050299,,,,
4h,2026-09-13 00:00:00,1789271999999,2026-09-13 04:00:00,77192.01,ACTIVE,BEAR,10.09 12:00,77250.0,15,1,11.09 16:00,77192.01,0.07506796116505399,1.557825242718447,-3.417475728155339,77505.67,0.4046929727850923,,,,
4h,2026-09-13 04:00:00,1789286399999,2026-09-13 08:00:00,77127.99,ACTIVE,BEAR,10.09 12:00,77250.0,16,1,11.09 16:00,77127.99,0.15794174757280954,1.557825242718447,-3.417475728155339,77505.67,0.4872933812455127,,,,
4h,2026-09-13 08:00:00,1789300799999,2026-09-13 12:00:00,76792.32,ACTIVE,BEAR,10.09 12:00,77250.0,17,1,11.09 16:00,76792.32,0.5924660194174702,1.557825242718447,-3.417475728155339,77505.67,0.9203842764019643,,,,
4h,2026-09-13 12:00:00,1789315199999,2026-09-13 16:00:00,77134.83,ACTIVE,BEAR,10.09 12:00,77250.0,18,1,11.09 16:00,77134.83,0.1490873786407776,1.557825242718447,-3.417475728155339,77505.67,0.4784682204540647,,,,
4h,2026-09-13 16:00:00,1789329599999,2026-09-13 20:00:00,77284.0,ACTIVE,BEAR,10.09 12:00,77250.0,19,1,11.09 16:00,77284.0,-0.0440129449838178,1.557825242718447,-3.417475728155339,77505.67,0.2860048819654071,,,,
4h,2026-09-13 20:00:00,1789343999999,2026-09-14 00:00:00,76842.01,ACTIVE,BEAR,10.09 12:00,77250.0,20,1,11.09 16:00,76842.01,0.5281423948220176,1.557825242718447,-3.417475728155339,77505.67,0.8562728378452844,,,,
4h,2026-09-14 00:00:00,1789358399999,2026-09-14 04:00:00,77596.33,ENDED,BEAR,10.09 12:00,77250.0,21,1,11.09 16:00,77596.33,-0.44832362459548136,1.557825242718447,-3.417475728155339,,,14.09 00:00,77596.33,77505.67,pivot
4h,2026-09-14 04:00:00,1789372799999,2026-09-14 08:00:00,77892.24,ENDED,BEAR,10.09 12:00,77250.0,21,1,11.09 16:00,77596.33,-0.44832362459548136,1.557825242718447,-3.417475728155339,,,14.09 00:00,77596.33,77505.67,pivot
4h,2026-09-14 08:00:00,1789387199999,2026-09-14 12:00:00,77776.0,ENDED,BEAR,10.09 12:00,77250.0,21,1,11.09 16:00,77596.33,-0.44832362459548136,1.557825242718447,-3.417475728155339,,,14.09 00:00,77596.33,77505.67,pivot
4h,2026-09-14 12:00:00,1789401599999,2026-09-14 16:00:00,78578.02,ENDED,BEAR,10.09 12:00,77250.0,21,1,11.09 16:00,77596.33,-0.44832362459548136,1.557825242718447,-3.417475728155339,,,14.09 00:00,77596.33,77505.67,pivot
4h,2026-09-14 16:00:00,1789415999999,2026-09-14 20:00:00,78982.0,ENDED,BEAR,10.09 12:00,77250.0,21,1,11.09 16:00,77596.33,-0.44832362459548136,1.557825242718447,-3.417475728155339,,,14.09 00:00,77596.33,77505.67,pivot
4h,2026-09-14 20:00:00,1789430399999,2026-09-15 00:00:00,78189.21,ENDED,BEAR,10.09 12:00,77250.0,21,1,11.09 16:00,77596.33,-0.44832362459548136,1.557825242718447,-3.417475728155339,,,14.09 00:00,77596.33,77505.67,pivot
4h,2026-09-15 00:00:00,1789444799999,2026-09-15 04:00:00,77676.99,ENDED,BEAR,10.09 12:00,77250.0,21,1,11.09 16:00,77596.33,-0.44832362459548136,1.557825242718447,-3.417475728155339,,,14.09 00:00,77596.33,77505.67,pivot
4h,2026-09-15 04:00:00,1789459199999,2026-09-15 08:00:00,76930.01,ENDED,BEAR,10.09 12:00,77250.0,21,1,11.09 16:00,77596.33,-0.44832362459548136,1.557825242718447,-3.417475728155339,,,14.09 00:00,77596.33,77505.67,pivot
4h,2026-09-15 08:00:00,1789473599999,2026-09-15 12:00:00,76940.01,ENDED,BEAR,10.09 12:00,77250.0,21,1,11.09 16:00,77596.33,-0.44832362459548136,1.557825242718447,-3.417475728155339,,,14.09 00:00,77596.33,77505.67,pivot
4h,2026-09-15 12:00:00,1789487999999,2026-09-15 16:00:00,76512.0,ENDED,BEAR,10.09 12:00,77250.0,21,1,11.09 16:00,77596.33,-0.44832362459548136,1.557825242718447,-3.417475728155339,,,14.09 00:00,77596.33,77505.67,pivot
4h,2026-09-15 16:00:00,1789502399999,2026-09-15 20:00:00,76186.48,ACTIVE,BEAR,15.09 16:00,76186.48,0,0,,76186.48,-0.0,-0.0,-0.0,76388.72,0.2647511307952377,,,,
4h,2026-09-15 20:00:00,1789516799999,2026-09-16 00:00:00,75644.48,ACTIVE,BEAR,15.09 16:00,76186.48,1,0,,75644.48,0.7114123135758432,1.372737000055646,-0.07809784623202809,76388.72,0.9742799722262774,,,,
4h,2026-09-16 00:00:00,1789531199999,2026-09-16 04:00:00,75824.01,ACTIVE,BEAR,15.09 16:00,76186.48,2,0,,75824.01,0.4757668289701811,1.372737000055646,-0.07809784623202809,76388.72,0.7392583617057635,,,,
4h,2026-09-16 04:00:00,1789545599999,2026-09-16 08:00:00,75766.63,ACTIVE,BEAR,15.09 16:00,76186.48,3,0,,75766.63,0.5510820292524254,1.372737000055646,-0.07809784623202809,76388.72,0.8143741641436053,,,,
4h,2026-09-16 08:00:00,1789559999999,2026-09-16 12:00:00,76250.0,ACTIVE,BEAR,15.09 16:00,76186.48,4,0,,76250.0,-0.08337437298586714,1.372737000055646,-0.1542662162630437,76388.72,0.1815974924046393,,,,
4h,2026-09-16 12:00:00,1789574399999,2026-09-16 16:00:00,75788.41,ACTIVE,BEAR,15.09 16:00,76186.48,5,0,,75788.41,0.5224942798249699,1.372737000055646,-0.1542662162630437,76388.72,0.7858621011060274,,,,
4h,2026-09-16 16:00:00,1789588799999,2026-09-16 20:00:00,76080.0,ACTIVE,BEAR,15.09 16:00,76186.48,6,0,,76080.0,0.13976233053423215,1.4722559698255977,-0.4912682670205948,76388.72,0.40414343897895444,,,,
4h,2026-09-16 20:00:00,1789603199999,2026-09-17 00:00:00,76206.01,ACTIVE,BEAR,15.09 16:00,76186.48,7,0,,76206.01,-0.025634469527924253,1.4722559698255977,-0.4912682670205948,76388.72,0.23918452881526164,,,,
4h,2026-09-17 00:00:00,1789617599999,2026-09-17 04:00:00,76441.99,ACTIVE,BEAR,15.09 16:00,76186.48,8,0,,76441.99,-0.33537446539071425,1.4722559698255977,-0.7712654528730045,76388.72,-0.06973542690595913,,,,
4h,2026-09-17 04:00:00,1789631999999,2026-09-17 08:00:00,76462.76,ACTIVE,BEAR,15.09 16:00,76186.48,9,0,,76462.76,-0.36263652028549753,1.4722559698255977,-0.7712654528730045,76388.72,-0.09692530520211129,,,,
4h,2026-09-17 08:00:00,1789646399999,2026-09-17 12:00:00,76482.0,ACTIVE,BEAR,15.09 16:00,76186.48,10,0,,76482.0,-0.38789034484858487,1.4722559698255977,-0.7712654528730045,76774.08,0.38044089880334697,,,,
4h,2026-09-17 12:00:00,1789660799999,2026-09-17 16:00:00,76780.01,ACTIVE,BEAR,15.09 16:00,76186.48,11,0,,76780.01,-0.7790489861193128,1.4722559698255977,-1.303367736637795,76774.08,-0.007723961003502922,,,,
4h,2026-09-17 16:00:00,1789675199999,2026-09-17 20:00:00,76594.01,ACTIVE,BEAR,15.09 16:00,76186.48,12,0,,76594.01,-0.5349111810914575,1.4722559698255977,-1.303367736637795,76774.08,0.23454530487373448,,,,
4h,2026-09-17 20:00:00,1789689599999,2026-09-18 00:00:00,76417.01,ACTIVE,BEAR,15.09 16:00,76186.48,13,0,,76417.01,-0.30258649566170526,1.4722559698255977,-1.303367736637795,77179.47,0.9879052032878755,,,,
4h,2026-09-18 00:00:00,1789703999999,2026-09-18 04:00:00,77383.47,ENDED,BEAR,15.09 16:00,76186.48,14,0,,77383.47,-1.571131780861923,1.4722559698255977,-1.8524940383123134,,,18.09 00:00,77383.47,77179.47,pivot
4h,2026-09-18 04:00:00,1789718399999,2026-09-18 08:00:00,77798.01,ENDED,BEAR,15.09 16:00,76186.48,14,0,,77383.47,-1.571131780861923,1.4722559698255977,-1.8524940383123134,,,18.09 00:00,77383.47,77179.47,pivot
4h,2026-09-18 08:00:00,1789732799999,2026-09-18 12:00:00,78062.0,ENDED,BEAR,15.09 16:00,76186.48,14,0,,77383.47,-1.571131780861923,1.4722559698255977,-1.8524940383123134,,,18.09 00:00,77383.47,77179.47,pivot
4h,2026-09-18 12:00:00,1789747199999,2026-09-18 16:00:00,80725.6,ACTIVE,BULL,18.09 12:00,80725.6,0,0,,80725.6,0.0,0.0,0.0,79600.0,1.4140703517588005,,,,
4h,2026-09-18 16:00:00,1789761599999,2026-09-18 20:00:00,81204.76,ACTIVE,BULL,18.09 12:00,80725.6,1,0,,81204.76,0.5935663531766666,0.835422715966172,-0.21066427502552942,79600.0,2.016030150753756,,,,
4h,2026-09-18 20:00:00,1789775999999,2026-09-19 00:00:00,80883.87,ACTIVE,BULL,18.09 12:00,80725.6,2,0,,80883.87,0.1960592426689889,0.835422715966172,-0.21066427502552942,79600.0,1.6129020100502434,,,,
4h,2026-09-19 00:00:00,1789790399999,2026-09-19 04:00:00,81136.01,ACTIVE,BULL,18.09 12:00,80725.6,3,0,,81136.01,0.5084013002071064,1.2578413786952236,-0.21066427502552942,79600.0,1.9296608040200836,,,,
4h,2026-09-19 04:00:00,1789804799999,2026-09-19 08:00:00,81100.16,ACTIVE,BULL,18.09 12:00,80725.6,4,0,,81100.16,0.4639915962222574,1.2578413786952236,-0.21066427502552942,79600.0,1.884623115577888,,,,
4h,2026-09-19 08:00:00,1789819199999,2026-09-19 12:00:00,81302.63,ACTIVE,BULL,18.09 12:00,80725.6,5,0,,81302.63,0.714804225673138,1.2578413786952236,-0.21066427502552942,79600.0,2.1389824120602974,,,,
4h,2026-09-19 12:00:00,1789833599999,2026-09-19 16:00:00,81636.01,ACTIVE,BULL,18.09 12:00,80725.6,6,0,,81636.01,1.1277835036221262,1.5179819041295284,-0.21066427502552942,79600.0,2.5578015075376825,,,,
4h,2026-09-19 16:00:00,1789847999999,2026-09-19 20:00:00,81354.01,ACTIVE,BULL,18.09 12:00,80725.6,7,0,,81354.01,0.7784519408960522,1.5179819041295284,-0.21066427502552942,79600.0,2.203530150753763,,,,
4h,2026-09-19 20:00:00,1789862399999,2026-09-20 00:00:00,81249.99,ACTIVE,BULL,18.09 12:00,80725.6,8,0,,81249.99,0.6495956672976089,1.5179819041295284,-0.21066427502552942,79600.0,2.07285175879397,,,,
4h,2026-09-20 00:00:00,1789876799999,2026-09-20 04:00:00,80486.38,ACTIVE,BULL,18.09 12:00,80725.6,9,0,,80486.38,-0.2963372214018878,1.5179819041295284,-0.7427135877590363,79600.0,1.11354271356785,,,,
4h,2026-09-20 04:00:00,1789891199999,2026-09-20 08:00:00,80311.61,ACTIVE,BULL,18.09 12:00,80725.6,10,0,,80311.61,-0.5128360767835849,1.5179819041295284,-0.7427135877590363,79600.0,0.8939824120603124,,,,
4h,2026-09-20 08:00:00,1789905599999,2026-09-20 12:00:00,80493.2,ACTIVE,BULL,18.09 12:00,80725.6,11,0,,80493.2,-0.28788884814731075,1.5179819041295284,-0.7427135877590363,80126.04,0.4582280616888035,,,,
4h,2026-09-20 12:00:00,1789919999999,2026-09-20 16:00:00,80912.0,ACTIVE,BULL,18.09 12:00,80725.6,12,0,,80912.0,0.23090568543311374,1.5179819041295284,-0.7427135877590363,80126.04,0.9809045848266029,,,,
4h,2026-09-20 16:00:00,1789934399999,2026-09-20 20:00:00,81177.32,ACTIVE,BULL,18.09 12:00,80725.6,13,0,,81177.32,0.559574657853279,1.5179819041295284,-0.7427135877590363,80126.04,1.312032892178383,,,,
4h,2026-09-20 20:00:00,1789948799999,2026-09-21 00:00:00,81178.0,ACTIVE,BULL,18.09 12:00,80725.6,14,0,,81178.0,0.5604170176499057,1.5179819041295284,-0.7427135877590363,80126.04,1.3128815551099349,,,,
4h,2026-09-21 00:00:00,1789963199999,2026-09-21 04:00:00,81425.23,ACTIVE,BULL,18.09 12:00,80725.6,15,0,,81425.23,0.8666767419504895,1.7025578007472175,-0.7427135877590363,80126.04,1.62143293241499,,,,
4h,2026-09-21 04:00:00,1789977599999,2026-09-21 08:00:00,81720.01,ACTIVE,BULL,18.09 12:00,80725.6,16,0,,81720.01,1.231839713795857,1.7025578007472175,-0.7427135877590363,80126.04,1.9893283132424777,,,,
4h,2026-09-21 08:00:00,1789991999999,2026-09-21 12:00:00,84887.19,ACTIVE,BULL,18.09 12:00,80725.6,17,0,,84887.19,5.155229567819863,5.666442863230481,-0.7427135877590363,80126.04,5.942075759640697,,,,
4h,2026-09-21 12:00:00,1790006399999,2026-09-21 16:00:00,85927.71,ACTIVE,BULL,18.09 12:00,80725.6,18,0,,85927.71,6.444188708414678,6.960741078418731,-0.7427135877590363,80126.04,7.2406798089609925,,,,
4h,2026-09-21 16:00:00,1790020799999,2026-09-21 20:00:00,86490.11,ACTIVE,BULL,18.09 12:00,80725.6,19,0,,86490.11,7.1408698108158974,7.643300266582087,-0.7427135877590363,80126.04,7.94257397470286,,,,
4h,2026-09-21 20:00:00,1790035199999,2026-09-22 00:00:00,86620.0,ACTIVE,BULL,18.09 12:00,80725.6,20,0,,86620.0,7.301772919619043,8.262645307064908,-0.7427135877590363,80126.04,8.104681074966402,,,,
4h,2026-09-22 00:00:00,1790049599999,2026-09-22 04:00:00,85692.83,ACTIVE,BULL,18.09 12:00,80725.6,21,0,,85692.83,6.153227724538435,8.262645307064908,-0.7427135877590363,80126.04,6.947541648133382,,,,
4h,2026-09-22 04:00:00,1790063999999,2026-09-22 08:00:00,85344.0,ACTIVE,BULL,18.09 12:00,80725.6,22,0,,85344.0,5.72110953650391,8.262645307064908,-0.7427135877590363,80126.04,6.512190044584765,,,,
4h,2026-09-22 08:00:00,1790078399999,2026-09-22 12:00:00,85986.62,ACTIVE,BULL,18.09 12:00,80725.6,23,0,,85986.62,6.517164319621016,8.262645307064908,-0.7427135877590363,80126.04,7.314201475575244,,,,
4h,2026-09-22 12:00:00,1790092799999,2026-09-22 16:00:00,86413.12,ACTIVE,BULL,18.09 12:00,80725.6,24,0,,86413.12,7.045497339134044,8.262645307064908,-0.7427135877590363,85114.0,1.5263293935192657,,,,
4h,2026-09-22 16:00:00,1790107199999,2026-09-22 20:00:00,86192.44,ACTIVE,BULL,18.09 12:00,80725.6,25,0,,86192.44,6.772126809834789,8.262645307064908,-0.7427135877590363,85114.0,1.2670535987029163,,,,
4h,2026-09-22 20:00:00,1790121599999,2026-09-23 00:00:00,86208.56,ACTIVE,BULL,18.09 12:00,80725.6,26,0,,86208.56,6.792095692072886,8.262645307064908,-0.7427135877590363,85114.0,1.2859929036351136,,,,
4h,2026-09-23 00:00:00,1790135999999,2026-09-23 04:00:00,86704.27,ACTIVE,BULL,18.09 12:00,80725.6,27,0,,86704.27,7.406163596182624,8.262645307064908,-0.7427135877590363,85114.0,1.868400028197481,,,,
4h,2026-09-23 04:00:00,1790150399999,2026-09-23 08:00:00,86124.77,ACTIVE,BULL,18.09 12:00,80725.6,28,0,,86124.77,6.688299622424609,8.262645307064908,-0.7427135877590363,85114.0,1.1875484644124468,,,,
4h,2026-09-23 08:00:00,1790164799999,2026-09-23 12:00:00,85649.95,ACTIVE,BULL,18.09 12:00,80725.6,29,0,,85649.95,6.1001095067735545,8.262645307064908,-0.7427135877590363,85114.0,0.6296848932020538,,,,
4h,2026-09-23 12:00:00,1790179199999,2026-09-23 16:00:00,83996.01,ENDED,BULL,18.09 12:00,80725.6,30,0,,83996.01,4.051267503741052,8.262645307064908,-0.7427135877590363,,,23.09 12:00,83996.01,85114.0,pivot
4h,2026-09-23 16:00:00,1790193599999,2026-09-23 20:00:00,84518.0,ENDED,BULL,18.09 12:00,80725.6,30,0,,83996.01,4.051267503741052,8.262645307064908,-0.7427135877590363,,,23.09 12:00,83996.01,85114.0,pivot
4h,2026-09-23 20:00:00,1790207999999,2026-09-24 00:00:00,84397.6,ENDED,BULL,18.09 12:00,80725.6,30,0,,83996.01,4.051267503741052,8.262645307064908,-0.7427135877590363,,,23.09 12:00,83996.01,85114.0,pivot
4h,2026-09-24 00:00:00,1790222399999,2026-09-24 04:00:00,83934.01,ENDED,BULL,18.09 12:00,80725.6,30,0,,83996.01,4.051267503741052,8.262645307064908,-0.7427135877590363,,,23.09 12:00,83996.01,85114.0,pivot
4h,2026-09-24 04:00:00,1790236799999,2026-09-24 08:00:00,84524.02,ENDED,BULL,18.09 12:00,80725.6,30,0,,83996.01,4.051267503741052,8.262645307064908,-0.7427135877590363,,,23.09 12:00,83996.01,85114.0,pivot
4h,2026-09-24 08:00:00,1790251199999,2026-09-24 12:00:00,83494.58,ENDED,BULL,18.09 12:00,80725.6,30,0,,83996.01,4.051267503741052,8.262645307064908,-0.7427135877590363,,,23.09 12:00,83996.01,85114.0,pivot
4h,2026-09-24 12:00:00,1790265599999,2026-09-24 16:00:00,84418.0,ENDED,BULL,18.09 12:00,80725.6,30,0,,83996.01,4.051267503741052,8.262645307064908,-0.7427135877590363,,,23.09 12:00,83996.01,85114.0,pivot
4h,2026-09-24 16:00:00,1790279999999,2026-09-24 20:00:00,84412.65,ENDED,BULL,18.09 12:00,80725.6,30,0,,83996.01,4.051267503741052,8.262645307064908,-0.7427135877590363,,,23.09 12:00,83996.01,85114.0,pivot
4h,2026-09-24 20:00:00,1790294399999,2026-09-25 00:00:00,84410.24,ENDED,BULL,18.09 12:00,80725.6,30,0,,83996.01,4.051267503741052,8.262645307064908,-0.7427135877590363,,,23.09 12:00,83996.01,85114.0,pivot
4h,2026-09-25 00:00:00,1790308799999,2026-09-25 04:00:00,84231.19,ENDED,BULL,18.09 12:00,80725.6,30,0,,83996.01,4.051267503741052,8.262645307064908,-0.7427135877590363,,,23.09 12:00,83996.01,85114.0,pivot
4h,2026-09-25 04:00:00,1790323199999,2026-09-25 08:00:00,84043.96,ENDED,BULL,18.09 12:00,80725.6,30,0,,83996.01,4.051267503741052,8.262645307064908,-0.7427135877590363,,,23.09 12:00,83996.01,85114.0,pivot
4h,2026-09-25 08:00:00,1790337599999,2026-09-25 12:00:00,84582.64,ENDED,BULL,18.09 12:00,80725.6,30,0,,83996.01,4.051267503741052,8.262645307064908,-0.7427135877590363,,,23.09 12:00,83996.01,85114.0,pivot
4h,2026-09-25 12:00:00,1790351999999,2026-09-25 16:00:00,83796.01,ENDED,BULL,18.09 12:00,80725.6,30,0,,83996.01,4.051267503741052,8.262645307064908,-0.7427135877590363,,,23.09 12:00,83996.01,85114.0,pivot
4h,2026-09-25 16:00:00,1790366399999,2026-09-25 20:00:00,84020.01,ENDED,BULL,18.09 12:00,80725.6,30,0,,83996.01,4.051267503741052,8.262645307064908,-0.7427135877590363,,,23.09 12:00,83996.01,85114.0,pivot
4h,2026-09-25 20:00:00,1790380799999,2026-09-26 00:00:00,84099.99,ENDED,BULL,18.09 12:00,80725.6,30,0,,83996.01,4.051267503741052,8.262645307064908,-0.7427135877590363,,,23.09 12:00,83996.01,85114.0,pivot
4h,2026-09-26 00:00:00,1790395199999,2026-09-26 04:00:00,83939.0,ENDED,BULL,18.09 12:00,80725.6,30,0,,83996.01,4.051267503741052,8.262645307064908,-0.7427135877590363,,,23.09 12:00,83996.01,85114.0,pivot
4h,2026-09-26 04:00:00,1790409599999,2026-09-26 08:00:00,84116.8,ENDED,BULL,18.09 12:00,80725.6,30,0,,83996.01,4.051267503741052,8.262645307064908,-0.7427135877590363,,,23.09 12:00,83996.01,85114.0,pivot
4h,2026-09-26 08:00:00,1790423999999,2026-09-26 12:00:00,84176.0,ENDED,BULL,18.09 12:00,80725.6,30,0,,83996.01,4.051267503741052,8.262645307064908,-0.7427135877590363,,,23.09 12:00,83996.01,85114.0,pivot
4h,2026-09-26 12:00:00,1790438399999,2026-09-26 16:00:00,84155.99,ENDED,BULL,18.09 12:00,80725.6,30,0,,83996.01,4.051267503741052,8.262645307064908,-0.7427135877590363,,,23.09 12:00,83996.01,85114.0,pivot
4h,2026-09-26 16:00:00,1790452799999,2026-09-26 20:00:00,84016.63,ENDED,BULL,18.09 12:00,80725.6,30,0,,83996.01,4.051267503741052,8.262645307064908,-0.7427135877590363,,,23.09 12:00,83996.01,85114.0,pivot
4h,2026-09-26 20:00:00,1790467199999,2026-09-27 00:00:00,84433.1,ENDED,BULL,18.09 12:00,80725.6,30,0,,83996.01,4.051267503741052,8.262645307064908,-0.7427135877590363,,,23.09 12:00,83996.01,85114.0,pivot
4h,2026-09-27 00:00:00,1790481599999,2026-09-27 04:00:00,84402.15,ENDED,BULL,18.09 12:00,80725.6,30,0,,83996.01,4.051267503741052,8.262645307064908,-0.7427135877590363,,,23.09 12:00,83996.01,85114.0,pivot
4h,2026-09-27 04:00:00,1790495999999,2026-09-27 08:00:00,84791.0,ENDED,BULL,18.09 12:00,80725.6,30,0,,83996.01,4.051267503741052,8.262645307064908,-0.7427135877590363,,,23.09 12:00,83996.01,85114.0,pivot
4h,2026-09-27 08:00:00,1790510399999,2026-09-27 12:00:00,84898.0,ENDED,BULL,18.09 12:00,80725.6,30,0,,83996.01,4.051267503741052,8.262645307064908,-0.7427135877590363,,,23.09 12:00,83996.01,85114.0,pivot
4h,2026-09-27 12:00:00,1790524799999,2026-09-27 16:00:00,84463.37,ENDED,BULL,18.09 12:00,80725.6,30,0,,83996.01,4.051267503741052,8.262645307064908,-0.7427135877590363,,,23.09 12:00,83996.01,85114.0,pivot
4h,2026-09-27 16:00:00,1790539199999,2026-09-27 20:00:00,84736.01,ENDED,BULL,18.09 12:00,80725.6,30,0,,83996.01,4.051267503741052,8.262645307064908,-0.7427135877590363,,,23.09 12:00,83996.01,85114.0,pivot
4h,2026-09-27 20:00:00,1790553599999,2026-09-28 00:00:00,84472.0,ENDED,BULL,18.09 12:00,80725.6,30,0,,83996.01,4.051267503741052,8.262645307064908,-0.7427135877590363,,,23.09 12:00,83996.01,85114.0,pivot
4h,2026-09-28 00:00:00,1790567999999,2026-09-28 04:00:00,83338.6,ENDED,BULL,18.09 12:00,80725.6,30,0,,83996.01,4.051267503741052,8.262645307064908,-0.7427135877590363,,,23.09 12:00,83996.01,85114.0,pivot
4h,2026-09-28 04:00:00,1790582399999,2026-09-28 08:00:00,82966.01,ENDED,BULL,18.09 12:00,80725.6,30,0,,83996.01,4.051267503741052,8.262645307064908,-0.7427135877590363,,,23.09 12:00,83996.01,85114.0,pivot
4h,2026-09-28 08:00:00,1790596799999,2026-09-28 12:00:00,83082.54,ENDED,BULL,18.09 12:00,80725.6,30,0,,83996.01,4.051267503741052,8.262645307064908,-0.7427135877590363,,,23.09 12:00,83996.01,85114.0,pivot
4h,2026-09-28 12:00:00,1790611199999,2026-09-28 16:00:00,83370.0,ENDED,BULL,18.09 12:00,80725.6,30,0,,83996.01,4.051267503741052,8.262645307064908,-0.7427135877590363,,,23.09 12:00,83996.01,85114.0,pivot
4h,2026-09-28 16:00:00,1790625599999,2026-09-28 20:00:00,83389.54,ENDED,BULL,18.09 12:00,80725.6,30,0,,83996.01,4.051267503741052,8.262645307064908,-0.7427135877590363,,,23.09 12:00,83996.01,85114.0,pivot
4h,2026-09-28 20:00:00,1790639999999,2026-09-29 00:00:00,83500.01,ENDED,BULL,18.09 12:00,80725.6,30,0,,83996.01,4.051267503741052,8.262645307064908,-0.7427135877590363,,,23.09 12:00,83996.01,85114.0,pivot
4h,2026-09-29 00:00:00,1790654399999,2026-09-29 04:00:00,83069.99,ENDED,BULL,18.09 12:00,80725.6,30,0,,83996.01,4.051267503741052,8.262645307064908,-0.7427135877590363,,,23.09 12:00,83996.01,85114.0,pivot
4h,2026-09-29 04:00:00,1790668799999,2026-09-29 08:00:00,83980.97,ENDED,BULL,18.09 12:00,80725.6,30,0,,83996.01,4.051267503741052,8.262645307064908,-0.7427135877590363,,,23.09 12:00,83996.01,85114.0,pivot
4h,2026-09-29 08:00:00,1790683199999,2026-09-29 12:00:00,84358.01,ENDED,BULL,18.09 12:00,80725.6,30,0,,83996.01,4.051267503741052,8.262645307064908,-0.7427135877590363,,,23.09 12:00,83996.01,85114.0,pivot
4h,2026-09-29 12:00:00,1790697599999,2026-09-29 16:00:00,83068.0,ENDED,BULL,18.09 12:00,80725.6,30,0,,83996.01,4.051267503741052,8.262645307064908,-0.7427135877590363,,,23.09 12:00,83996.01,85114.0,pivot
4h,2026-09-29 16:00:00,1790711999999,2026-09-29 20:00:00,83594.01,ENDED,BULL,18.09 12:00,80725.6,30,0,,83996.01,4.051267503741052,8.262645307064908,-0.7427135877590363,,,23.09 12:00,83996.01,85114.0,pivot
4h,2026-09-29 20:00:00,1790726399999,2026-09-30 00:00:00,83663.66,ENDED,BULL,18.09 12:00,80725.6,30,0,,83996.01,4.051267503741052,8.262645307064908,-0.7427135877590363,,,23.09 12:00,83996.01,85114.0,pivot
4h,2026-09-30 00:00:00,1790740799999,2026-09-30 04:00:00,83300.65,ENDED,BULL,18.09 12:00,80725.6,30,0,,83996.01,4.051267503741052,8.262645307064908,-0.7427135877590363,,,23.09 12:00,83996.01,85114.0,pivot
4h,2026-09-30 04:00:00,1790755199999,2026-09-30 08:00:00,83304.92,ENDED,BULL,18.09 12:00,80725.6,30,0,,83996.01,4.051267503741052,8.262645307064908,-0.7427135877590363,,,23.09 12:00,83996.01,85114.0,pivot
4h,2026-09-30 08:00:00,1790769599999,2026-09-30 12:00:00,83915.16,ENDED,BULL,18.09 12:00,80725.6,30,0,,83996.01,4.051267503741052,8.262645307064908,-0.7427135877590363,,,23.09 12:00,83996.01,85114.0,pivot
4h,2026-09-30 12:00:00,1790783999999,2026-09-30 16:00:00,84134.43,ENDED,BULL,18.09 12:00,80725.6,30,0,,83996.01,4.051267503741052,8.262645307064908,-0.7427135877590363,,,23.09 12:00,83996.01,85114.0,pivot
4h,2026-09-30 16:00:00,1790798399999,2026-09-30 20:00:00,83603.16,ENDED,BULL,18.09 12:00,80725.6,30,0,,83996.01,4.051267503741052,8.262645307064908,-0.7427135877590363,,,23.09 12:00,83996.01,85114.0,pivot
4h,2026-09-30 20:00:00,1790812799999,2026-10-01 00:00:00,83623.6,ENDED,BULL,18.09 12:00,80725.6,30,0,,83996.01,4.051267503741052,8.262645307064908,-0.7427135877590363,,,23.09 12:00,83996.01,85114.0,pivot
4h,2026-10-01 00:00:00,1790827199999,2026-10-01 04:00:00,83754.01,ENDED,BULL,18.09 12:00,80725.6,30,0,,83996.01,4.051267503741052,8.262645307064908,-0.7427135877590363,,,23.09 12:00,83996.01,85114.0,pivot
4h,2026-10-01 04:00:00,1790841599999,2026-10-01 08:00:00,83429.93,ENDED,BULL,18.09 12:00,80725.6,30,0,,83996.01,4.051267503741052,8.262645307064908,-0.7427135877590363,,,23.09 12:00,83996.01,85114.0,pivot
4h,2026-10-01 08:00:00,1790855999999,2026-10-01 12:00:00,83905.76,ENDED,BULL,18.09 12:00,80725.6,30,0,,83996.01,4.051267503741052,8.262645307064908,-0.7427135877590363,,,23.09 12:00,83996.01,85114.0,pivot
4h,2026-10-01 12:00:00,1790870399999,2026-10-01 16:00:00,84162.65,ENDED,BULL,18.09 12:00,80725.6,30,0,,83996.01,4.051267503741052,8.262645307064908,-0.7427135877590363,,,23.09 12:00,83996.01,85114.0,pivot
4h,2026-10-01 16:00:00,1790884799999,2026-10-01 20:00:00,84675.36,ENDED,BULL,18.09 12:00,80725.6,30,0,,83996.01,4.051267503741052,8.262645307064908,-0.7427135877590363,,,23.09 12:00,83996.01,85114.0,pivot
4h,2026-10-01 20:00:00,1790899199999,2026-10-02 00:00:00,84880.05,ENDED,BULL,18.09 12:00,80725.6,30,0,,83996.01,4.051267503741052,8.262645307064908,-0.7427135877590363,,,23.09 12:00,83996.01,85114.0,pivot
4h,2026-10-02 00:00:00,1790913599999,2026-10-02 04:00:00,85512.9,ENDED,BULL,18.09 12:00,80725.6,30,0,,83996.01,4.051267503741052,8.262645307064908,-0.7427135877590363,,,23.09 12:00,83996.01,85114.0,pivot
4h,2026-10-02 04:00:00,1790927999999,2026-10-02 08:00:00,86089.65,ACTIVE,BULL,02.10 04:00,86089.65,0,0,,86089.65,0.0,0.0,0.0,85649.95,0.5133686592928566,,,,
4h,2026-10-02 08:00:00,1790942399999,2026-10-02 12:00:00,86424.85,ACTIVE,BULL,02.10 04:00,86089.65,1,0,,86424.85,0.3893615550766061,0.6399840166616988,-0.03179243962543321,85649.95,0.9047290745645586,,,,
4h,2026-10-02 12:00:00,1790956799999,2026-10-02 16:00:00,85326.0,ACTIVE,BULL,02.10 04:00,86089.65,2,0,,85326.0,-0.8870404282047772,1.3129917475561914,-1.0764940965609648,85649.95,-0.3782255564655834,,,,
4h,2026-10-02 16:00:00,1790971199999,2026-10-02 20:00:00,84315.28,ACTIVE,BULL,02.10 04:00,86089.65,3,0,,84315.28,-2.061072382104001,1.3129917475561914,-2.557392206844833,85649.95,-1.5582846224662106,,,,
4h,2026-10-02 20:00:00,1790985599999,2026-10-03 00:00:00,84518.01,ACTIVE,BULL,02.10 04:00,86089.65,4,0,,84518.01,-1.82558530555067,1.3129917475561914,-2.557392206844833,85649.95,-1.3215886290651735,,,,
4h,2026-10-03 00:00:00,1790999999999,2026-10-03 04:00:00,84699.56,ACTIVE,BULL,02.10 04:00,86089.65,5,0,,84699.56,-1.6147004895478156,1.3129917475561914,-2.557392206844833,83888.0,0.9674327674995098,,,,
4h,2026-10-03 04:00:00,1791014399999,2026-10-03 08:00:00,84560.0,ACTIVE,BULL,02.10 04:00,86089.65,6,0,,84560.0,-1.7768105689824454,1.3129917475561914,-2.557392206844833,83888.0,0.8010680907877266,,,,
4h,2026-10-03 08:00:00,1791028799999,2026-10-03 12:00:00,84672.01,ACTIVE,BULL,02.10 04:00,86089.65,7,0,,84672.01,-1.6467020135405352,1.3129917475561914,-2.557392206844833,83888.0,0.9345913599084321,,,,
4h,2026-10-03 12:00:00,1791043199999,2026-10-03 16:00:00,84867.28,ACTIVE,BULL,02.10 04:00,86089.65,8,0,,84867.28,-1.4198803224313217,1.3129917475561914,-2.557392206844833,83888.0,1.1673660118252993,,,,
4h,2026-10-03 16:00:00,1791057599999,2026-10-03 20:00:00,84842.5,ACTIVE,BULL,02.10 04:00,86089.65,9,0,,84842.5,-1.4486642703274932,1.3129917475561914,-2.557392206844833,83888.0,1.1378266259775005,,,,
4h,2026-10-03 20:00:00,1791071999999,2026-10-04 00:00:00,84753.56,ACTIVE,BULL,02.10 04:00,86089.65,10,0,,84753.56,-1.5519751793624414,1.3129917475561914,-2.557392206844833,83888.0,1.0318043105092434,,,,
4h,2026-10-04 00:00:00,1791086399999,2026-10-04 04:00:00,84840.87,ACTIVE,BULL,02.10 04:00,86089.65,11,0,,84840.87,-1.4505576454312386,1.3129917475561914,-2.557392206844833,83888.0,1.1358835590310923,,,,
4h,2026-10-04 04:00:00,1791100799999,2026-10-04 08:00:00,85106.0,ACTIVE,BULL,02.10 04:00,86089.65,12,0,,85106.0,-1.1425879882192458,1.3129917475561914,-2.557392206844833,84558.0,0.6480758769128903,,,,
4h,2026-10-04 08:00:00,1791115199999,2026-10-04 12:00:00,85309.46,ACTIVE,BULL,02.10 04:00,86089.65,13,0,,85309.46,-0.9062529583985901,1.3129917475561914,-2.557392206844833,84558.0,0.8886917855200016,,,,
4h,2026-10-04 12:00:00,1791129599999,2026-10-04 16:00:00,85256.01,ACTIVE,BULL,02.10 04:00,86089.65,14,0,,85256.01,-0.9683393996839373,1.3129917475561914,-2.557392206844833,84558.0,0.8254807351167237,,,,
4h,2026-10-04 16:00:00,1791143999999,2026-10-04 20:00:00,85428.0,ACTIVE,BULL,02.10 04:00,86089.65,15,0,,85428.0,-0.7685592867435198,1.3129917475561914,-2.557392206844833,84558.0,1.0288795856098876,,,,
4h,2026-10-04 20:00:00,1791158399999,2026-10-05 00:00:00,86530.0,ACTIVE,BULL,02.10 04:00,86089.65,16,0,,86530.0,0.5115016729653421,1.3129917475561914,-2.557392206844833,84558.0,2.3321270607157274,,,,
4h,2026-10-05 00:00:00,1791172799999,2026-10-05 04:00:00,86085.03,ACTIVE,BULL,02.10 04:00,86089.65,17,0,,86085.03,-0.0053664987602952685,1.3129917475561914,-2.557392206844833,84558.0,1.805896544383745,,,,
4h,2026-10-05 04:00:00,1791187199999,2026-10-05 08:00:00,86252.76,ACTIVE,BULL,02.10 04:00,86089.65,18,0,,86252.76,0.18946528415437758,1.3129917475561914,-2.557392206844833,84558.0,2.004257432768042,,,,
4h,2026-10-05 08:00:00,1791201599999,2026-10-05 12:00:00,86216.0,ACTIVE,BULL,02.10 04:00,86089.65,19,0,,86216.0,0.14676561003559296,1.3129917475561914,-2.557392206844833,84558.0,1.9607843137254832,,,,
4h,2026-10-05 12:00:00,1791215999999,2026-10-05 16:00:00,85269.78,ACTIVE,BULL,02.10 04:00,86089.65,20,0,,85269.78,-0.9523444455866614,1.3129917475561914,-2.557392206844833,84558.0,0.8417654154544874,,,,
4h,2026-10-05 16:00:00,1791230399999,2026-10-05 20:00:00,85724.0,ACTIVE,BULL,02.10 04:00,86089.65,21,0,,85724.0,-0.42473166054223244,1.3129917475561914,-2.557392206844833,84558.0,1.3789351687599094,,,,
4h,2026-10-05 20:00:00,1791244799999,2026-10-06 00:00:00,85766.87,ACTIVE,BULL,02.10 04:00,86089.65,22,0,,85766.87,-0.3749347337339559,1.3129917475561914,-2.557392206844833,84558.0,1.4296340973059873,,,,
4h,2026-10-06 00:00:00,1791259199999,2026-10-06 04:00:00,85516.27,ACTIVE,BULL,02.10 04:00,86089.65,23,0,,85516.27,-0.6660266361868006,1.3129917475561914,-2.557392206844833,84972.01,0.6405168007677098,,,,
4h,2026-10-06 04:00:00,1791273599999,2026-10-06 08:00:00,85555.0,ACTIVE,BULL,02.10 04:00,86089.65,24,0,,85555.0,-0.6210386498260778,1.3129917475561914,-2.557392206844833,84972.01,0.6860965157820864,,,,
4h,2026-10-06 08:00:00,1791287999999,2026-10-06 12:00:00,86242.01,ACTIVE,BULL,02.10 04:00,86089.65,25,0,,86242.01,0.17697830110821045,1.3129917475561914,-2.557392206844833,84972.01,1.4946098132785135,,,,
4h,2026-10-06 12:00:00,1791302399999,2026-10-06 16:00:00,85720.65,ACTIVE,BULL,02.10 04:00,86089.65,26,0,,85720.65,-0.4286229529333663,1.3129917475561914,-2.557392206844833,85136.11,0.6865946776285492,,,,
4h,2026-10-06 16:00:00,1791316799999,2026-10-06 20:00:00,85614.0,ACTIVE,BULL,02.10 04:00,86089.65,27,0,,85614.0,-0.5525054405494667,1.3129917475561914,-2.557392206844833,85136.11,0.5613246834979879,,,,
4h,2026-10-06 20:00:00,1791331199999,2026-10-07 00:00:00,85549.93,ACTIVE,BULL,02.10 04:00,86089.65,28,0,,85549.93,-0.6269278595046002,1.3129917475561914,-2.557392206844833,85136.11,0.4860687198416702,,,,
4h,2026-10-07 00:00:00,1791345599999,2026-10-07 04:00:00,84150.39,ENDED,BULL,02.10 04:00,86089.65,29,0,,84150.39,-2.2526052783348516,1.3129917475561914,-2.918643530319842,,,07.10 00:00,84150.39,85136.11,pivot
4h,2026-10-07 04:00:00,1791359999999,2026-10-07 08:00:00,84145.17,ENDED,BULL,02.10 04:00,86089.65,29,0,,84150.39,-2.2526052783348516,1.3129917475561914,-2.918643530319842,,,07.10 00:00,84150.39,85136.11,pivot
