,n,lag_med,lag_max,susp
2026-08-28 21:00:00,119.0,0.0021859875,0.004193941111111111,False
2026-08-28 22:00:00,171.0,0.0020997891666666665,0.004242312777777778,False
2026-08-28 23:00:00,100.0,0.0018796183333333334,0.0042314288888888885,False
2026-08-29 00:00:00,189.0,0.0020081630555555557,0.0042511375,False
2026-08-29 01:00:00,113.0,0.0025527905555555556,0.0042195125000000005,False
2026-08-29 02:00:00,156.0,0.002298365,0.004170281666666667,False
2026-08-29 03:00:00,182.0,0.0022006630555555552,0.004232776944444444,False
2026-08-29 04:00:00,108.0,0.0020270445833333334,0.004205277777777777,False
2026-08-29 05:00:00,135.0,0.0016900366666666668,0.004204742777777778,False
2026-08-29 06:00:00,211.0,0.002086696388888889,0.004235654722222222,False
2026-08-29 07:00:00,174.0,0.0023896330555555558,0.004209571666666667,False
2026-08-29 08:00:00,216.0,0.0023542183333333335,0.004196303888888889,False
2026-08-29 09:00:00,249.0,0.0019613244444444448,0.0042461825,False
2026-08-29 10:00:00,141.0,0.0021981255555555555,0.004179629444444445,False
2026-08-29 11:00:00,81.0,0.0018133858333333334,0.004165066111111111,False
2026-08-29 12:00:00,171.0,0.002157606388888889,0.004231293888888889,False
2026-08-29 13:00:00,348.0,0.0018448230555555556,0.004229891666666667,False
2026-08-29 14:00:00,412.0,0.002012587361111111,0.004372345277777778,False
2026-08-29 15:00:00,115.0,0.0018070725,0.004253893333333333,False
2026-08-29 16:00:00,198.0,0.0019848416666666665,0.004438034444444444,False
2026-08-29 17:00:00,140.0,0.0021902641666666665,0.004225841388888889,False
2026-08-29 18:00:00,178.0,0.0019257976388888888,0.004209136388888889,False
2026-08-29 19:00:00,132.0,0.00222648875,0.004149028055555556,False
2026-08-29 20:00:00,110.0,0.0015353415277777776,0.004155128888888889,False
2026-08-29 21:00:00,43.0,0.0021425972222222224,0.003810468611111111,True
2026-08-29 22:00:00,48.0,0.0026099706944444443,0.004215445,True
2026-08-29 23:00:00,28.0,0.002406161944444444,0.003991510555555556,True
2026-08-30 00:00:00,59.0,0.0023299477777777777,0.0043186225,False
2026-08-30 01:00:00,229.0,0.002263019166666667,0.0042352425,False
2026-08-30 02:00:00,51.0,0.0019315452777777778,0.0041712675,True
2026-08-30 03:00:00,36.0,0.0027745875,0.0041698075,True
2026-08-30 04:00:00,118.0,0.0020027726388888887,0.004224739444444445,False
2026-08-30 05:00:00,64.0,0.0018443201388888889,0.0041109802777777775,False
2026-08-30 06:00:00,116.0,0.0024591001388888888,0.004129910833333333,False
2026-08-30 07:00:00,115.0,0.0021332375000000002,0.0041587513888888894,False
2026-08-30 08:00:00,186.0,0.0025488766666666666,0.004219145555555555,False
2026-08-30 09:00:00,126.0,0.0021401781944444444,0.0042048561111111115,False
2026-08-30 10:00:00,95.0,0.0023710383333333334,0.004216948055555556,False
2026-08-30 11:00:00,135.0,0.0022704944444444444,0.004202607222222222,False
2026-08-30 12:00:00,542.0,0.0019316845833333334,0.0042666925000000005,False
2026-08-30 13:00:00,302.0,0.002508897222222222,0.004221822777777778,False
2026-08-30 14:00:00,197.0,0.002510008888888889,0.0042225894444444445,False
2026-08-30 15:00:00,430.0,0.001909801388888889,0.004249909722222223,False
2026-08-30 16:00:00,431.0,0.0023409436111111108,0.004587244999999999,False
2026-08-30 17:00:00,158.0,0.001952213888888889,0.0042536525,False
2026-08-30 18:00:00,124.0,0.001550962361111111,0.004392284722222222,False
2026-08-30 19:00:00,116.0,0.0019312275,0.004212980277777778,False
2026-08-30 20:00:00,165.0,0.002316185277777778,0.004383416111111111,False
2026-08-30 21:00:00,109.0,0.002021381666666667,0.004816020833333334,False
2026-08-30 22:00:00,119.0,0.0017798816666666668,0.004265535277777777,False
2026-08-30 23:00:00,676.0,0.0023016793055555557,0.004929420833333333,False
2026-08-31 00:00:00,298.0,0.0017786205555555556,0.004242549444444445,False
2026-08-31 01:00:00,195.0,0.002185546111111111,0.004865836388888889,False
2026-08-31 02:00:00,219.0,0.001985663888888889,0.0042326925,False
2026-08-31 03:00:00,282.0,0.002287553611111111,0.004281454722222223,False
2026-08-31 04:00:00,188.0,0.002029585416666667,0.0042362925,False
2026-08-31 05:00:00,169.0,0.0022078108333333335,0.004665115277777778,False
2026-08-31 06:00:00,209.0,0.002741058888888889,0.0042352275,False
2026-08-31 07:00:00,331.0,0.0019839608333333332,0.004256438333333334,False
2026-08-31 08:00:00,570.0,0.002146082361111111,0.004238229166666667,False
2026-08-31 09:00:00,367.0,0.0025039658333333333,0.004236245277777778,False
2026-08-31 10:00:00,166.0,0.0024486091666666666,0.0042243908333333335,False
2026-08-31 11:00:00,226.0,0.0019412536111111111,0.004237921666666667,False
2026-08-31 12:00:00,480.0,0.0021201643055555556,0.004794888611111111,False
2026-08-31 13:00:00,353.0,0.00199806,0.004253534166666666,False
2026-08-31 14:00:00,475.0,0.002053821388888889,0.004830420833333333,False
2026-08-31 15:00:00,588.0,0.002176686666666667,0.004313292222222222,False
2026-08-31 16:00:00,258.0,0.0025962595833333335,0.00440636,False
2026-08-31 17:00:00,492.0,0.002105541388888889,0.004288691388888889,False
2026-08-31 18:00:00,191.0,0.002341761388888889,0.0042253775,False
2026-08-31 19:00:00,269.0,0.0024004599999999997,0.00474574,False
2026-08-31 20:00:00,100.0,0.0019764926388888887,0.004006889166666667,False
2026-08-31 21:00:00,68.0,0.002021821388888889,0.004153344722222222,False
2026-08-31 22:00:00,155.0,0.0025301161111111114,0.0041831463888888885,False
2026-08-31 23:00:00,78.0,0.002181264722222222,0.004227450277777778,False
2026-09-01 00:00:00,118.0,0.0020713601388888886,0.004210258611111111,False
2026-09-01 01:00:00,112.0,0.0018184677777777778,0.004228621944444445,False
2026-09-01 02:00:00,154.0,0.0019378609722222224,0.004372430833333333,False
2026-09-01 03:00:00,138.0,0.0024464855555555555,0.004184549166666667,False
2026-09-01 04:00:00,82.0,0.0022634825,0.004226135,False
2026-09-01 05:00:00,158.0,0.0022972166666666667,0.004237883888888889,False
2026-09-01 06:00:00,198.0,0.0019756275,0.004228999722222222,False
2026-09-01 07:00:00,223.0,0.002286155277777778,0.004220878055555556,False
2026-09-01 08:00:00,884.0,0.002089201666666667,0.004305567777777778,False
2026-09-01 09:00:00,254.0,0.0020569816666666666,0.004251278333333333,False
2026-09-01 10:00:00,342.0,0.002185488611111111,0.005815083611111112,False
2026-09-01 11:00:00,253.0,0.0021028866666666667,0.004266410277777777,False
2026-09-01 12:00:00,329.0,0.002052603611111111,0.00483485388888889,False
2026-09-01 13:00:00,783.0,0.0025348866666666664,0.005123826111111111,False
2026-09-01 14:00:00,385.0,0.002054813888888889,0.004857978333333333,False
2026-09-01 15:00:00,567.0,0.0022299758333333333,0.0043861644444444445,False
2026-09-01 16:00:00,445.0,0.0018968802777777779,0.004228708055555556,False
2026-09-01 17:00:00,214.0,0.001967577916666667,0.004249518888888889,False
2026-09-01 18:00:00,704.0,0.0021064584722222226,0.01642197611111111,False
2026-09-01 19:00:00,374.0,0.0021928147222222225,0.004297154166666667,False
2026-09-01 20:00:00,182.0,0.00214367125,0.0041761444444444445,False
2026-09-01 21:00:00,205.0,0.0022490875,0.0042320180555555555,False
2026-09-01 22:00:00,160.0,0.0024698947222222224,0.004172424722222222,False
2026-09-01 23:00:00,201.0,0.002272940833333333,0.004215691944444444,False
2026-09-02 00:00:00,97.0,0.0024687872222222225,0.0043068997222222224,False
2026-09-02 01:00:00,264.0,0.0022496988888888888,0.004285406111111111,False
2026-09-02 02:00:00,165.0,0.0024940702777777775,0.004240794444444444,False
2026-09-02 03:00:00,188.0,0.002680846527777778,0.004206233055555555,False
2026-09-02 04:00:00,102.0,0.0024778018055555554,0.004238090277777778,False
2026-09-02 05:00:00,141.0,0.0016240797222222222,0.004208173611111111,False
2026-09-02 06:00:00,123.0,0.0018914513888888887,0.004729423333333333,False
2026-09-02 07:00:00,239.0,0.0020911627777777777,0.004195519444444445,False
2026-09-02 08:00:00,741.0,0.0021554672222222223,0.004227393888888889,False
2026-09-02 09:00:00,498.0,0.002147673194444444,0.004581723888888888,False
2026-09-02 10:00:00,376.0,0.002187249722222222,0.004505541666666667,False
2026-09-02 11:00:00,268.0,0.002219702638888889,0.004242137222222222,False
2026-09-02 12:00:00,261.0,0.002429241388888889,0.004148990833333334,False
2026-09-02 13:00:00,569.0,0.0018806241666666668,0.004651318333333333,False
2026-09-02 14:00:00,400.0,0.001778961111111111,0.004719590555555556,False
2026-09-02 15:00:00,476.0,0.0023111080555555555,0.004810768055555555,False
2026-09-02 16:00:00,348.0,0.0021843608333333335,0.004239317777777778,False
2026-09-02 17:00:00,252.0,0.0022115541666666667,0.004235195277777778,False
2026-09-02 18:00:00,361.0,0.001828574722222222,0.004607338055555556,False
2026-09-02 19:00:00,137.0,0.0019646730555555555,0.0042248933333333336,False
2026-09-02 20:00:00,219.0,0.002028220833333333,0.007035121111111112,False
2026-09-02 21:00:00,81.0,0.0020370866666666668,0.004210693333333333,False
2026-09-02 22:00:00,152.0,0.002201373888888889,0.004669683888888889,False
2026-09-02 23:00:00,252.0,0.002231228333333333,0.004625888888888889,False
2026-09-03 00:00:00,126.0,0.0021666195833333333,0.004171766388888889,False
2026-09-03 01:00:00,212.0,0.002349342361111111,0.004436244722222222,False
2026-09-03 02:00:00,253.0,0.0018867477777777778,0.004286880277777778,False
2026-09-03 03:00:00,176.0,0.002486165555555556,4.695181296944444,False
2026-09-03 04:00:00,161.0,4.109575233611111,4.6118183125,True
2026-09-03 05:00:00,320.0,3.212373156111111,3.604527689166667,True
2026-09-03 06:00:00,115.0,2.2753759875,2.6126769136111108,True
2026-09-03 07:00:00,359.0,1.3368657933333334,1.6118905922222222,True
2026-09-03 08:00:00,522.0,0.21295679625,0.6047040172222222,False
2026-09-03 09:00:00,320.0,0.0022416490277777775,0.004237643611111111,False
2026-09-03 10:00:00,397.0,0.0019339469444444443,0.004274954444444445,False
2026-09-03 11:00:00,236.0,0.0020979322222222222,0.004866501388888889,False
2026-09-03 12:00:00,612.0,0.002214109861111111,0.00507548138888889,False
2026-09-03 13:00:00,500.0,0.0021677709722222223,0.004282252777777777,False
2026-09-03 14:00:00,1624.0,0.0021745727777777776,0.004799005,False
2026-09-03 15:00:00,1999.0,0.0022165847222222223,0.007154891666666666,False
2026-09-03 16:00:00,673.0,0.0021158133333333334,0.004341700555555556,False
2026-09-03 17:00:00,450.0,0.0022751394444444446,0.004513683055555555,False
2026-09-03 18:00:00,461.0,0.0018903308333333333,0.004241603888888889,False
2026-09-03 19:00:00,681.0,0.002403157777777778,0.004381381388888889,False
2026-09-03 20:00:00,504.0,0.0020862811111111114,0.004541560277777777,False
2026-09-03 21:00:00,520.0,0.0022370101388888885,0.0048592738888888895,False
2026-09-03 22:00:00,203.0,0.00184663,0.004629482777777778,False
2026-09-03 23:00:00,296.0,0.002357557222222222,0.0042986069444444445,False
2026-09-04 00:00:00,346.0,0.0021283443055555556,0.004245049444444445,False
2026-09-04 01:00:00,350.0,0.00225459125,0.004269965277777778,False
2026-09-04 02:00:00,234.0,0.0019440841666666668,0.004273983888888889,False
2026-09-04 03:00:00,289.0,0.001870535277777778,0.004243658888888889,False
2026-09-04 04:00:00,298.0,0.0021096665277777777,0.0043701347222222225,False
2026-09-04 05:00:00,210.0,0.00213312625,0.0044297297222222224,False
2026-09-04 06:00:00,317.0,0.001975124722222222,0.004509916111111111,False
2026-09-04 07:00:00,387.0,0.0021262619444444445,0.004231266388888889,False
2026-09-04 08:00:00,1156.0,0.0021444375,0.004550197222222222,False
2026-09-04 09:00:00,435.0,0.002062446388888889,0.004284055833333333,False
2026-09-04 10:00:00,260.0,0.002506591527777778,0.004263071944444445,False
2026-09-04 11:00:00,477.0,0.002216523888888889,0.004206065,False
2026-09-04 12:00:00,1109.0,0.002093235,0.0048445469444444444,False
2026-09-04 13:00:00,722.0,0.002069438888888889,0.004694749722222222,False
2026-09-04 14:00:00,661.0,0.0022258141666666666,0.0054732205555555555,False
2026-09-04 15:00:00,293.0,0.002227382777777778,0.00637219,False
2026-09-04 16:00:00,372.0,0.0022986072222222226,0.004243163055555555,False
2026-09-04 17:00:00,269.0,0.002120190277777778,0.004743269722222222,False
2026-09-04 18:00:00,320.0,0.002066220277777778,0.004204946111111111,False
2026-09-04 19:00:00,288.0,0.0021360418055555554,0.0043261525,False
2026-09-04 20:00:00,207.0,0.0022582183333333334,0.004202991666666667,False
2026-09-04 21:00:00,85.0,0.0022157666666666664,0.004208806666666667,False
2026-09-04 22:00:00,92.0,0.0022594690277777775,0.004218257222222223,False
2026-09-04 23:00:00,69.0,0.0017725241666666667,0.004206299166666667,False
2026-09-05 00:00:00,52.0,0.0017466226388888888,0.004250649166666666,False
2026-09-05 01:00:00,64.0,0.0018553475,0.004661363611111111,False
2026-09-05 02:00:00,37.0,0.0021369330555555555,0.004207131111111111,True
2026-09-05 03:00:00,59.0,0.0024474530555555554,0.0039052480555555554,False
2026-09-05 04:00:00,31.0,0.0017541905555555556,0.0038210786111111113,True
2026-09-05 05:00:00,66.0,0.002700356388888889,0.004435134166666667,False
2026-09-05 06:00:00,77.0,0.001695322777777778,0.022157504444444445,False
2026-09-05 07:00:00,149.0,0.002113317777777778,0.004171838333333333,False
2026-09-05 08:00:00,294.0,0.0019221495833333334,0.6075268777777777,False
2026-09-05 09:00:00,96.0,0.002277189861111111,0.004151926388888889,False
2026-09-05 10:00:00,136.0,0.002143643611111111,0.0041873894444444445,False
2026-09-05 11:00:00,81.0,0.002226215,0.004199205833333333,False
2026-09-05 12:00:00,142.0,0.002317017638888889,0.004196357222222222,False
2026-09-05 13:00:00,130.0,0.002460199722222222,0.004200376666666667,False
2026-09-05 14:00:00,38.0,0.0018276254166666667,0.004191280833333333,True
2026-09-05 15:00:00,151.0,0.002347253611111111,0.004215726944444445,False
2026-09-05 16:00:00,189.0,0.0015983336111111111,0.0041634072222222224,False
2026-09-05 17:00:00,137.0,0.002615256388888889,0.004196643611111111,False
2026-09-05 18:00:00,43.0,0.0019299608333333334,0.0039337972222222226,True
2026-09-05 19:00:00,116.0,0.00254988,0.004229001944444444,False
2026-09-05 20:00:00,40.0,0.0024319570833333335,0.0040895524999999995,True
2026-09-05 21:00:00,88.0,0.0017870236111111111,0.0039043161111111113,False
2026-09-05 22:00:00,63.0,0.0019367647222222222,0.0040837408333333335,False
2026-09-05 23:00:00,68.0,0.002442910694444444,0.004224620277777778,False
2026-09-06 00:00:00,83.0,0.0023134255555555556,0.004182844444444445,False
2026-09-06 01:00:00,43.0,0.001963288888888889,0.0039913974999999996,True
2026-09-06 02:00:00,66.0,0.0015543008333333335,0.004166549166666667,False
2026-09-06 03:00:00,103.0,0.0019059994444444444,0.004224382222222223,False
2026-09-06 04:00:00,60.0,0.0017861444444444443,0.0041989525,False
2026-09-06 05:00:00,95.0,0.0020980916666666666,0.004190337222222222,False
2026-09-06 06:00:00,105.0,0.0017966891666666665,0.004223904722222222,False
2026-09-06 07:00:00,127.0,0.0016884630555555555,0.004207263611111111,False
2026-09-06 08:00:00,331.0,0.002225068611111111,0.004150858888888889,False
2026-09-06 09:00:00,173.0,0.0019512652777777778,0.004214845833333333,False
2026-09-06 10:00:00,86.0,0.0018805636111111112,0.004186280277777778,False
2026-09-06 11:00:00,110.0,0.0023196359722222224,0.004226499444444445,False
2026-09-06 12:00:00,92.0,0.0021084293055555555,0.004176060833333333,False
2026-09-06 13:00:00,101.0,0.0022168755555555556,0.004204217222222222,False
2026-09-06 14:00:00,259.0,0.0014724675,0.004785752777777778,False
2026-09-06 15:00:00,96.0,0.002003751805555555,0.004240131388888889,False
2026-09-06 16:00:00,128.0,0.00212001125,0.0042568369444444445,False
2026-09-06 17:00:00,106.0,0.002736947361111111,0.004254375555555556,False
2026-09-06 18:00:00,79.0,0.0018512044444444443,0.0042134116666666666,False
2026-09-06 19:00:00,37.0,0.002269833055555555,0.004153817777777778,True
2026-09-06 20:00:00,97.0,0.0019983391666666666,0.004105728055555555,False
2026-09-06 21:00:00,80.0,0.0026787545833333332,0.004196787222222223,False
2026-09-06 22:00:00,99.0,0.0024293825,0.004240788888888889,False
2026-09-06 23:00:00,211.0,0.002430209722222222,0.004202986111111111,False
2026-09-07 00:00:00,70.0,0.0019689579166666665,0.0042365852777777775,False
2026-09-07 01:00:00,68.0,0.0016823395833333334,0.004243975277777778,False
2026-09-07 02:00:00,152.0,0.0019331206944444444,0.004212571388888889,False
2026-09-07 03:00:00,128.0,0.0019154101388888889,0.004170826388888889,False
2026-09-07 04:00:00,85.0,0.0020169230555555557,0.0042278041666666665,False
2026-09-07 05:00:00,74.0,0.0021563668055555553,0.004057085,False
2026-09-07 06:00:00,108.0,0.002083544861111111,0.0042255125000000004,False
2026-09-07 07:00:00,318.0,0.002263662222222222,0.004238556666666666,False
2026-09-07 08:00:00,424.0,0.0020551502777777777,0.004342634166666666,False
2026-09-07 09:00:00,246.0,0.002078665,0.004242080555555555,False
2026-09-07 10:00:00,172.0,0.0023879327777777777,0.004233433888888889,False
2026-09-07 11:00:00,98.0,0.0017201468055555555,0.004263595555555556,False
2026-09-07 12:00:00,240.0,0.002197177916666667,0.004123379444444445,False
2026-09-07 13:00:00,213.0,0.0020811700000000002,0.004253010555555555,False
2026-09-07 14:00:00,278.0,0.0017505256944444444,0.004252734722222222,False
2026-09-07 15:00:00,335.0,0.0023770036111111113,0.004258292222222223,False
2026-09-07 16:00:00,189.0,0.0022549066666666664,0.0042471144444444445,False
2026-09-07 17:00:00,105.0,0.002287627222222222,0.004254985833333333,False
2026-09-07 18:00:00,37.0,0.002763758611111111,0.004057882777777778,True
2026-09-07 19:00:00,158.0,0.002527675,0.004217287222222222,False
2026-09-07 20:00:00,37.0,0.0019699155555555556,0.0042342625,True
2026-09-07 21:00:00,55.0,0.0022449883333333334,0.004239412222222222,False
2026-09-07 22:00:00,122.0,0.0021634377777777778,0.004230045277777778,False
2026-09-07 23:00:00,79.0,0.002180426388888889,0.004228763611111111,False
2026-09-08 00:00:00,86.0,0.0016172520833333333,0.004188113888888889,False
2026-09-08 01:00:00,100.0,0.0018628384722222222,0.004193628888888889,False
2026-09-08 02:00:00,159.0,0.0017890147222222221,0.004205147222222222,False
2026-09-08 03:00:00,134.0,0.0020363319444444447,0.004227070555555556,False
2026-09-08 04:00:00,177.0,0.002480245277777778,0.004247573888888889,False
2026-09-08 05:00:00,232.0,0.0016566030555555558,0.004833835277777778,False
2026-09-08 06:00:00,257.0,0.0017809716666666666,0.004236076944444445,False
2026-09-08 07:00:00,315.0,0.002045183888888889,0.004231213055555556,False
2026-09-08 08:00:00,780.0,0.0019151934722222222,0.004249671388888889,False
2026-09-08 09:00:00,276.0,0.0020133963888888887,0.004182779444444445,False
2026-09-08 10:00:00,234.0,0.002164230277777778,0.004360581666666667,False
2026-09-08 11:00:00,136.0,0.0019542344444444444,0.004185187777777778,False
2026-09-08 12:00:00,280.0,0.00193838,0.004242266944444444,False
2026-09-08 13:00:00,518.0,0.0021293058333333335,0.004200195555555556,False
2026-09-08 14:00:00,425.0,0.0019234655555555556,0.004230634722222223,False
2026-09-08 15:00:00,226.0,0.002217504027777778,0.0041660111111111115,False
2026-09-08 16:00:00,156.0,0.002170578888888889,0.004351038888888889,False
2026-09-08 17:00:00,105.0,0.0019041269444444444,0.004206542777777778,False
2026-09-08 18:00:00,148.0,0.002453439583333333,0.004225099166666667,False
2026-09-08 19:00:00,174.0,0.0023755588888888885,0.0042751325,False
2026-09-08 20:00:00,153.0,0.002189804722222222,0.004215954166666667,False
2026-09-08 21:00:00,95.0,0.0022053213888888886,0.004138019722222223,False
2026-09-08 22:00:00,91.0,0.0018927475,0.004066497777777778,False
2026-09-08 23:00:00,91.0,0.002771749444444445,0.0041912469444444446,False
2026-09-09 00:00:00,123.0,0.0024485577777777776,0.004224952777777778,False
2026-09-09 01:00:00,162.0,0.002220534027777778,0.004224297777777777,False
2026-09-09 02:00:00,120.0,0.002236454861111111,0.004214900000000001,False
2026-09-09 03:00:00,81.0,0.0024603516666666663,0.004234441111111111,False
2026-09-09 04:00:00,196.0,0.00215282625,0.004227253888888889,False
2026-09-09 05:00:00,278.0,0.002448001527777778,0.004152787222222222,False
2026-09-09 06:00:00,243.0,0.0021379641666666666,0.004245382222222222,False
2026-09-09 07:00:00,185.0,0.002268438888888889,0.015146948611111112,False
2026-09-09 08:00:00,710.0,0.0020700337500000002,0.004255123333333334,False
2026-09-09 09:00:00,305.0,0.0019837044444444446,0.004238848333333334,False
2026-09-09 10:00:00,207.0,0.0021899447222222222,0.037055246666666666,False
2026-09-09 11:00:00,233.0,0.0024134666666666667,0.02073810111111111,False
2026-09-09 12:00:00,182.0,0.002521150972222222,0.2075753088888889,False
2026-09-09 13:00:00,236.0,0.0021003004166666667,0.004230114444444445,False
2026-09-09 14:00:00,374.0,0.0021055808333333335,0.0042261377777777775,False
2026-09-09 15:00:00,736.0,0.0019758843055555555,0.004247088611111111,False
2026-09-09 16:00:00,335.0,0.0022342875000000003,0.004254780555555555,False
2026-09-09 17:00:00,115.0,0.0015902594444444445,0.0042295138888888886,False
2026-09-09 18:00:00,198.0,0.0023633716666666667,0.004244032777777778,False
2026-09-09 19:00:00,216.0,0.0017047756944444446,0.004484119722222222,False
2026-09-09 20:00:00,171.0,0.001833413888888889,0.004235623888888889,False
2026-09-09 21:00:00,71.0,0.002471458888888889,0.0042451569444444445,False
2026-09-09 22:00:00,149.0,0.002467318611111111,0.004271440277777778,False
2026-09-09 23:00:00,158.0,0.0021193937500000003,0.004191926666666667,False
2026-09-10 00:00:00,109.0,0.0020306527777777775,0.004191813055555556,False
2026-09-10 01:00:00,169.0,0.00244964,0.0042315044444444444,False
2026-09-10 02:00:00,183.0,0.0024438694444444443,0.004250523055555556,False
2026-09-10 03:00:00,125.0,0.0017688441666666667,0.004218210555555556,False
2026-09-10 04:00:00,70.0,0.0021931643055555553,0.004201429166666667,False
2026-09-10 05:00:00,144.0,0.002646124583333333,0.004216766388888888,False
2026-09-10 06:00:00,169.0,0.002637615833333333,0.004172733888888888,False
2026-09-10 07:00:00,173.0,0.002356113611111111,0.004146332500000001,False
2026-09-10 08:00:00,416.0,0.002204925138888889,0.004236338888888889,False
2026-09-10 09:00:00,231.0,0.002020712777777778,0.004268795555555555,False
2026-09-10 10:00:00,227.0,0.002404928611111111,0.004187129166666667,False
2026-09-10 11:00:00,300.0,0.001892697361111111,0.0042428825,False
2026-09-10 12:00:00,918.0,0.0025222597222222224,0.004765181388888888,False
2026-09-10 13:00:00,752.0,0.0021912775,0.0049049325000000005,False
2026-09-10 14:00:00,421.0,0.002602925555555556,0.009025458333333333,False
2026-09-10 15:00:00,312.0,0.002381018888888889,0.004221708888888889,False
2026-09-10 16:00:00,401.0,0.0018564483333333335,0.004219473333333334,False
2026-09-10 17:00:00,215.0,0.002306351388888889,0.004188495833333333,False
2026-09-10 18:00:00,192.0,0.0021261181944444447,0.004167595277777778,False
2026-09-10 19:00:00,105.0,0.002145793888888889,0.004246538888888889,False
2026-09-10 20:00:00,82.0,0.0020177329166666666,0.004146010277777778,False
2026-09-10 21:00:00,64.0,0.002113089861111111,0.004221682777777778,False
2026-09-10 22:00:00,223.0,0.0020207666666666665,0.004212538888888889,False
2026-09-10 23:00:00,325.0,0.0020622083333333334,0.004210773888888889,False
2026-09-11 00:00:00,172.0,0.0019389722222222221,0.004134291111111111,False
2026-09-11 01:00:00,222.0,0.0018962297222222223,0.004257637222222222,False
2026-09-11 02:00:00,105.0,0.0023766966666666665,0.004241366944444444,False
2026-09-11 03:00:00,307.0,0.0018160858333333334,0.004231574166666667,False
2026-09-11 04:00:00,121.0,0.001864358888888889,0.00423963,False
2026-09-11 05:00:00,102.0,0.002343646805555556,0.004192859722222222,False
2026-09-11 06:00:00,214.0,0.0016032965277777778,0.004215091666666666,False
2026-09-11 07:00:00,360.0,0.0023929393055555554,0.0042577275,False
2026-09-11 08:00:00,789.0,0.0019960666666666666,0.0042498200000000005,False
2026-09-11 09:00:00,586.0,0.0020002856944444443,0.004227807777777778,False
2026-09-11 10:00:00,412.0,0.0019244720833333333,0.06939540083333333,False
2026-09-11 11:00:00,298.0,0.0020471854166666664,0.004256043611111111,False
2026-09-11 12:00:00,1062.0,0.0024195679166666667,0.004643903611111112,False
2026-09-11 13:00:00,1094.0,0.002294247361111111,0.006163736666666667,False
2026-09-11 14:00:00,1066.0,0.002305429166666667,0.0069051024999999995,False
2026-09-11 15:00:00,533.0,0.002197441388888889,0.004333516666666666,False
2026-09-11 16:00:00,588.0,0.0023219858333333333,0.005126653055555555,False
2026-09-11 17:00:00,302.0,0.002001124861111111,0.004231099166666667,False
2026-09-11 18:00:00,511.0,0.0019424502777777779,0.004385409722222222,False
2026-09-11 19:00:00,324.0,0.002137392638888889,0.004218368888888889,False
2026-09-11 20:00:00,259.0,0.002089621388888889,0.004334976666666667,False
2026-09-11 21:00:00,116.0,0.0032865113888888887,0.10288191694444446,False
2026-09-11 22:00:00,193.0,0.0026396686111111113,0.13060397027777776,False
2026-09-11 23:00:00,52.0,0.13920917527777776,0.5478938105555555,False
2026-09-12 00:00:00,50.0,0.05463595125,0.13994766166666667,True
2026-09-12 01:00:00,102.0,0.03739348666666667,6.724581503611111,False
2026-09-12 02:00:00,51.0,6.0528346822222225,6.587942355833333,True
2026-09-12 03:00:00,70.0,5.156345954305555,5.633756970555556,True
2026-09-12 04:00:00,62.0,4.068203345000001,4.6357009425,True
2026-09-12 05:00:00,66.0,3.1511730066666663,3.615271021666667,True
2026-09-12 06:00:00,96.0,2.2120550536111114,2.6355952722222225,True
2026-09-12 07:00:00,66.0,1.0073902702777777,1.6332014975,True
2026-09-12 08:00:00,301.0,0.3448200838888889,0.6238875313888889,False
2026-09-12 09:00:00,148.0,0.0021465923611111107,0.006135500277777778,False
2026-09-12 10:00:00,92.0,0.8691879840277779,1.3417072772222223,False
2026-09-12 11:00:00,193.0,0.16766321444444446,3.1711054983333335,False
2026-09-12 12:00:00,86.0,2.986838666944444,3.049293383333333,True
2026-09-12 13:00:00,135.0,1.6415629416666666,2.0493493941666667,True
2026-09-12 14:00:00,108.0,0.52966163,1.0394023155555556,False
2026-09-12 15:00:00,96.0,1.2205668529166667,1.6488633880555554,True
2026-09-12 16:00:00,107.0,0.05319925833333333,0.6954703041666667,False
2026-09-12 17:00:00,86.0,0.001959851111111111,0.004195105555555556,False
2026-09-12 18:00:00,82.0,0.0018816390277777777,0.004071278611111112,False
2026-09-12 19:00:00,55.0,0.0026422025,0.004232906944444444,False
2026-09-12 20:00:00,28.0,0.0022152179166666664,0.003918755277777778,True
2026-09-12 21:00:00,96.0,0.0018900736111111113,0.004161735277777778,False
2026-09-12 22:00:00,44.0,0.0019081375,0.004121650833333333,True
2026-09-12 23:00:00,14.0,0.0013360793055555557,0.0041422613888888885,True
2026-09-13 00:00:00,55.0,0.0019528344444444444,0.004233143611111111,False
2026-09-13 01:00:00,60.0,0.0024300422222222223,0.004218478055555556,False
2026-09-13 02:00:00,24.0,0.002207884861111111,0.003862635833333333,True
2026-09-13 03:00:00,22.0,0.002543574722222222,0.004076173333333334,True
2026-09-13 04:00:00,46.0,0.002319215138888889,0.004159243055555555,True
2026-09-13 05:00:00,49.0,0.0014770555555555557,0.004013588611111111,True
2026-09-13 06:00:00,106.0,0.002039512361111111,0.004263120277777778,False
2026-09-13 07:00:00,99.0,0.0022656783333333333,0.004251522777777778,False
2026-09-13 08:00:00,412.0,0.002366388611111111,0.009901060833333334,False
2026-09-13 09:00:00,202.0,0.002058718611111111,0.006116317777777778,False
2026-09-13 10:00:00,67.0,0.0024452594444444448,0.00421705,False
2026-09-13 11:00:00,162.0,0.00174372125,0.004048983611111111,False
2026-09-13 12:00:00,181.0,0.0023695663888888886,0.004333526388888889,False
2026-09-13 13:00:00,231.0,0.0023359422222222225,0.004226626944444444,False
2026-09-13 14:00:00,235.0,0.001608798611111111,0.004249904166666666,False
2026-09-13 15:00:00,90.0,0.002344864861111111,0.004229208888888889,False
2026-09-13 16:00:00,193.0,0.0027267577777777777,0.004186853611111111,False
2026-09-13 17:00:00,93.0,0.0022043994444444445,0.00420213,False
2026-09-13 18:00:00,50.0,0.0015412466666666668,0.0038385705555555555,True
2026-09-13 19:00:00,75.0,0.0026848494444444444,0.004238736666666666,False
2026-09-13 20:00:00,26.0,0.001384748611111111,0.0036897591666666665,True
2026-09-13 21:00:00,55.0,0.0019912825,0.004247373888888889,False
2026-09-13 22:00:00,225.0,0.0010597144444444444,0.004310150555555555,False
2026-09-13 23:00:00,192.0,0.002368655,0.004248345555555555,False
2026-09-14 00:00:00,227.0,0.0016669125000000002,0.004225787222222222,False
2026-09-14 01:00:00,165.0,0.0019733930555555558,0.004517156111111111,False
2026-09-14 02:00:00,348.0,0.0017125752777777778,0.004261262777777778,False
2026-09-14 03:00:00,166.0,0.0021349062499999997,0.004236136944444444,False
2026-09-14 04:00:00,162.0,0.00244025375,0.004226047777777778,False
2026-09-14 05:00:00,77.0,0.0018887094444444445,0.004207774444444444,False
2026-09-14 06:00:00,281.0,0.0021779605555555556,0.004254558611111112,False
2026-09-14 07:00:00,221.0,0.0021298627777777777,0.004278018611111111,False
2026-09-14 08:00:00,570.0,0.002007668611111111,0.00424996,False
2026-09-14 09:00:00,350.0,0.0020337533333333333,0.0040723880555555555,False
2026-09-14 10:00:00,184.0,0.0021301301388888887,0.004239557777777778,False
2026-09-14 11:00:00,161.0,0.0019315024999999998,0.004575033333333334,False
2026-09-14 12:00:00,231.0,0.0022376486111111114,0.0043346788888888885,False
2026-09-14 13:00:00,583.0,0.001941968888888889,0.004238099166666666,False
2026-09-14 14:00:00,454.0,0.002228826527777778,0.004275712777777778,False
2026-09-14 15:00:00,320.0,0.0021745970833333336,0.004233565,False
2026-09-14 16:00:00,300.0,0.0019441337499999998,0.004345268888888889,False
2026-09-14 17:00:00,244.0,0.002061276527777778,0.004169331388888889,False
2026-09-14 18:00:00,297.0,0.0021216055555555555,0.004289295,False
2026-09-14 19:00:00,147.0,0.0020192944444444444,0.004062346388888889,False
2026-09-14 20:00:00,340.0,0.0019585258333333334,0.0042537175,False
2026-09-14 21:00:00,163.0,0.002065497777777778,0.004249276944444444,False
2026-09-14 22:00:00,145.0,0.002048708611111111,0.004219391666666667,False
2026-09-14 23:00:00,250.0,0.002020032222222222,0.016017559166666667,False
2026-09-15 00:00:00,166.0,0.001969037916666667,0.004246301944444445,False
2026-09-15 01:00:00,127.0,0.002397931388888889,0.004244905833333333,False
2026-09-15 02:00:00,165.0,0.0018443097222222223,0.0042194388888888885,False
2026-09-15 03:00:00,152.0,0.0022572366666666665,0.004259495555555556,False
2026-09-15 04:00:00,120.0,0.00229276875,0.004249714444444444,False
2026-09-15 05:00:00,276.0,0.0026757859722222224,0.004216435833333333,False
2026-09-15 06:00:00,267.0,0.0016705144444444445,0.004190163888888889,False
2026-09-15 07:00:00,368.0,0.0022480230555555554,0.004523785555555555,False
2026-09-15 08:00:00,695.0,0.0020907302777777776,0.008976656944444444,False
2026-09-15 09:00:00,69.0,0.00213736,0.0042103213888888885,False
2026-09-15 10:00:00,334.0,3.1928871104166667,3.9084153669444444,True
2026-09-15 11:00:00,513.0,2.3743531497222223,2.9900413127777776,True
2026-09-15 12:00:00,315.0,1.5886607391666667,2.000975347222222,True
2026-09-15 13:00:00,858.0,0.37367637611111115,0.9956164922222223,False
2026-09-15 14:00:00,923.0,0.0022488891666666666,0.004930121666666666,False
2026-09-15 15:00:00,546.0,0.002114512222222222,0.004231973333333333,False
2026-09-15 16:00:00,182.0,0.0021235526388888887,0.004142063611111111,False
2026-09-15 17:00:00,553.0,0.002209471111111111,0.0044081,False
2026-09-15 18:00:00,1998.0,0.002291952083333333,0.007488641666666666,False
2026-09-15 19:00:00,595.0,0.0023199730555555557,0.005351858333333333,False
2026-09-15 20:00:00,227.0,0.002222257777777778,0.0081329875,False
2026-09-15 21:00:00,207.0,0.0018593738888888888,0.004443585277777778,False
2026-09-15 22:00:00,195.0,0.0017182344444444445,0.004278683888888889,False
2026-09-15 23:00:00,130.0,0.0022141898611111113,0.004266801944444444,False
2026-09-16 00:00:00,131.0,0.0022794338888888887,0.004143067222222222,False
2026-09-16 01:00:00,233.0,0.0022951194444444443,0.004231899444444445,False
2026-09-16 02:00:00,264.0,0.002215350277777778,0.0042061550000000005,False
2026-09-16 03:00:00,100.0,0.003278630694444444,4.000569963888888,False
2026-09-16 04:00:00,70.0,2.9922850666666667,3.509651697222222,True
2026-09-16 05:00:00,135.0,1.96505592,2.493909719722222,True
2026-09-16 06:00:00,154.0,1.0472945186111111,1.5169233319444444,True
2026-09-16 07:00:00,294.0,0.0033291094444444446,0.5152555213888889,False
2026-09-16 08:00:00,535.0,0.0023420125000000003,0.07355481277777778,False
2026-09-16 09:00:00,238.0,0.002327022222222222,0.004189896944444445,False
2026-09-16 10:00:00,170.0,0.0023809665277777776,0.004257813055555556,False
2026-09-16 11:00:00,276.0,0.0023809758333333333,0.0043197275,False
2026-09-16 12:00:00,181.0,0.0022892936111111113,0.004345734444444444,False
2026-09-16 13:00:00,291.0,0.0018113069444444445,0.0042641675,False
2026-09-16 14:00:00,298.0,0.002002273888888889,0.0043950375,False
2026-09-16 15:00:00,257.0,0.001990682777777778,0.004184441111111111,False
2026-09-16 16:00:00,151.0,0.0014770186111111112,0.004239299722222222,False
2026-09-16 17:00:00,198.0,0.0023955283333333332,0.004227803611111111,False
2026-09-16 18:00:00,1010.0,0.0020204884722222222,0.004282694444444444,False
2026-09-16 19:00:00,563.0,0.0024631586111111114,0.0041743225,False
2026-09-16 20:00:00,321.0,0.002259171388888889,0.004224755,False
2026-09-16 21:00:00,126.0,0.0020114681944444447,0.008838484722222222,False
2026-09-16 22:00:00,141.0,0.002083955,0.004204423333333333,False
2026-09-16 23:00:00,171.0,0.0018761919444444445,0.0042065405555555555,False
2026-09-17 00:00:00,227.0,0.0019408152777777778,0.004246611111111112,False
2026-09-17 01:00:00,231.0,0.002073258888888889,0.004267378888888889,False
2026-09-17 02:00:00,160.0,0.0021053459722222222,0.004234238611111111,False
2026-09-17 03:00:00,171.0,0.001939319722222222,0.004224382222222223,False
2026-09-17 04:00:00,167.0,0.002033156388888889,0.0072907575,False
2026-09-17 05:00:00,127.0,0.0022520927777777778,0.004221623611111111,False
2026-09-17 06:00:00,207.0,0.002222129166666667,0.004229050277777778,False
2026-09-17 07:00:00,298.0,0.002102416527777778,0.004181863055555556,False
2026-09-17 08:00:00,477.0,0.002168155,0.007883814444444444,False
2026-09-17 09:00:00,280.0,0.002193318611111111,0.0043616858333333335,False
2026-09-17 10:00:00,229.0,0.0023345730555555553,0.004214328055555556,False
2026-09-17 11:00:00,330.0,0.002381258472222222,0.004249183333333333,False
2026-09-17 12:00:00,565.0,0.0022572366666666665,0.004226185,False
2026-09-17 13:00:00,412.0,0.001992706388888889,0.004241882777777778,False
2026-09-17 14:00:00,474.0,0.0023747262499999996,0.0042671666666666665,False
2026-09-17 15:00:00,287.0,0.0019804983333333334,0.004258732222222222,False
2026-09-17 16:00:00,221.0,0.0021894905555555557,0.004301138055555555,False
2026-09-17 17:00:00,459.0,0.0022673247222222224,0.004238603333333334,False
2026-09-17 18:00:00,132.0,0.0016503145833333334,0.004107422777777777,False
2026-09-17 19:00:00,159.0,0.002453890555555556,0.0042205325000000005,False
2026-09-17 20:00:00,158.0,0.0019288708333333334,0.0043258175,False
2026-09-17 21:00:00,302.0,0.002018020138888889,0.005142357222222222,False
2026-09-17 22:00:00,256.0,0.0018669594444444444,0.004235358611111111,False
2026-09-17 23:00:00,115.0,0.0021856969444444445,0.004176641666666666,False
2026-09-18 00:00:00,101.0,0.0018137263888888889,0.004230548333333334,False
2026-09-18 01:00:00,168.0,0.002033492361111111,0.0042072025,False
2026-09-18 02:00:00,191.0,0.0018414422222222222,0.004214074722222222,False
2026-09-18 03:00:00,341.0,0.0017315722222222224,0.004263728333333334,False
2026-09-18 04:00:00,134.0,0.0022076327777777777,0.0042332191666666664,False
2026-09-18 05:00:00,184.0,0.00202521875,0.004211651944444444,False
2026-09-18 06:00:00,279.0,0.0018761116666666667,0.004287296388888889,False
2026-09-18 07:00:00,467.0,0.0023928555555555557,0.004244531944444445,False
2026-09-18 08:00:00,860.0,0.0020510380555555556,0.004385766111111111,False
2026-09-18 09:00:00,780.0,0.0020860881944444443,0.004235747777777778,False
2026-09-18 10:00:00,290.0,0.001851028888888889,0.004322351388888889,False
2026-09-18 11:00:00,346.0,0.001839144027777778,0.0043413708333333335,False
2026-09-18 12:00:00,238.0,0.0019180469444444446,0.004547890833333333,False
2026-09-18 13:00:00,1561.0,0.002178568611111111,0.005619780277777778,False
2026-09-18 14:00:00,1670.0,0.0021122469444444444,0.008406485833333335,False
2026-09-18 15:00:00,819.0,0.0021890705555555555,0.004882736111111111,False
2026-09-18 16:00:00,701.0,0.002036157222222222,0.004229120277777778,False
2026-09-18 17:00:00,324.0,0.001902410277777778,0.004198843055555556,False
2026-09-18 18:00:00,322.0,0.002242917083333334,0.004712934166666667,False
2026-09-18 19:00:00,464.0,0.0022340269444444446,0.004303507777777778,False
2026-09-18 20:00:00,388.0,0.0018823245833333333,0.004272191666666666,False
2026-09-18 21:00:00,151.0,0.0018854883333333334,0.004253661388888889,False
2026-09-18 22:00:00,225.0,0.0019725344444444445,0.004220628888888889,False
2026-09-18 23:00:00,65.0,0.0018070191666666668,0.004154195,False
2026-09-19 00:00:00,289.0,0.001741698611111111,0.0043705425,False
2026-09-19 01:00:00,169.0,0.0024031755555555556,0.004210107777777777,False
2026-09-19 02:00:00,114.0,0.0022600175,0.004186786111111111,False
2026-09-19 03:00:00,83.0,0.002179551666666667,0.004202925277777778,False
2026-09-19 04:00:00,113.0,0.0020895244444444445,0.004169406666666667,False
2026-09-19 05:00:00,98.0,0.0020209522222222223,0.004222790277777778,False
2026-09-19 06:00:00,94.0,0.002020094583333333,0.004239676944444444,False
2026-09-19 07:00:00,233.0,0.0017693441666666667,0.004253674722222222,False
2026-09-19 08:00:00,323.0,2.881000077222222,3.213913659166667,True
2026-09-19 09:00:00,257.0,1.8370888127777778,2.310663350277778,True
2026-09-19 10:00:00,150.0,0.7333157183333334,1.3176509533333334,False
2026-09-19 11:00:00,114.0,0.003972940972222222,0.3119542730555555,False
2026-09-19 12:00:00,217.0,0.0019192694444444445,0.004335971388888889,False
2026-09-19 13:00:00,407.0,0.0016087925000000001,0.0042613316666666665,False
2026-09-19 14:00:00,255.0,0.0024904372222222223,0.004903187222222222,False
2026-09-19 15:00:00,365.0,0.002078038888888889,0.005500711666666667,False
2026-09-19 16:00:00,362.0,0.0027073949999999996,0.008826120277777778,False
2026-09-19 17:00:00,242.0,0.0021775458333333332,0.9798236038888889,False
2026-09-19 18:00:00,132.0,0.4204587127777778,0.7416333963888889,False
2026-09-19 19:00:00,79.0,0.0026879208333333332,0.00668623,False
2026-09-19 20:00:00,88.0,0.0024914504166666665,0.204694785,False
2026-09-19 21:00:00,90.0,0.0018466301388888888,0.008172055277777777,False
2026-09-19 22:00:00,60.0,0.0027665383333333334,0.004255901944444444,False
2026-09-19 23:00:00,59.0,0.0018366074999999998,0.2008071663888889,False
2026-09-20 00:00:00,100.0,0.0024484419444444445,0.004236217222222222,False
2026-09-20 01:00:00,53.0,0.002253661388888889,0.004070621666666666,False
2026-09-20 02:00:00,316.0,0.00270415875,0.0044559625,False
2026-09-20 03:00:00,169.0,0.002320544722222222,0.0042932199999999995,False
2026-09-20 04:00:00,134.0,0.001896072777777778,0.004100072222222222,False
2026-09-20 05:00:00,85.0,0.0020799241666666665,0.0042315669444444445,False
2026-09-20 06:00:00,206.0,2.0896575779166664,2.519096478055556,True
2026-09-20 07:00:00,125.0,1.591308513611111,2.0120713975,True
2026-09-20 08:00:00,283.0,0.3600451177777778,0.9983095713888889,False
2026-09-20 09:00:00,136.0,0.0022034194444444447,0.007252453333333333,False
2026-09-20 10:00:00,100.0,0.002650593472222222,0.0043769874999999995,False
2026-09-20 11:00:00,99.0,0.002422452222222222,0.0042290194444444444,False
2026-09-20 12:00:00,179.0,0.002075652777777778,0.004194142777777778,False
2026-09-20 13:00:00,126.0,0.0023848281944444443,0.015357389444444446,False
2026-09-20 14:00:00,94.0,0.001585827638888889,0.004123233055555555,False
2026-09-20 15:00:00,159.0,0.001613548611111111,0.013943236666666668,False
2026-09-20 16:00:00,233.0,0.001992288333333333,0.004258910277777778,False
2026-09-20 17:00:00,123.0,0.002348062222222222,0.004236964166666667,False
2026-09-20 18:00:00,115.0,0.001652076388888889,0.004166500833333333,False
2026-09-20 19:00:00,25.0,1.6336485,2.081664026388889,True
2026-09-20 20:00:00,74.0,0.6059483606944445,1.0037471641666666,False
2026-09-20 21:00:00,263.0,0.0035485430555555557,0.2504489661111111,False
2026-09-20 22:00:00,223.0,0.0022607386111111114,0.004275705,False
2026-09-20 23:00:00,384.0,7.890156032777778,8.253737140833334,True
2026-09-21 00:00:00,361.0,7.518534764166667,7.863403025555556,True
2026-09-21 01:00:00,389.0,6.452873588055555,6.849354344166667,True
2026-09-21 02:00:00,229.0,5.537907154722222,5.846658495000001,True
2026-09-21 03:00:00,156.0,4.418651636805556,4.859367260833333,True
2026-09-21 04:00:00,134.0,3.2926809808333335,3.845881615277778,True
2026-09-21 05:00:00,196.0,2.4099307130555556,2.8608206255555553,True
2026-09-21 06:00:00,261.0,1.3753639958333332,1.8595419119444445,True
2026-09-21 07:00:00,231.0,0.2449265727777778,0.8436671672222222,False
2026-09-21 08:00:00,1907.0,0.0022992902777777776,0.007300309166666667,False
2026-09-21 09:00:00,1765.0,0.0024396047222222223,0.0066071225,False
2026-09-21 10:00:00,795.0,0.003394601388888889,0.28122410166666667,False
2026-09-21 11:00:00,708.0,0.0023036555555555555,0.005118596666666667,False
2026-09-21 12:00:00,806.0,0.002157362638888889,0.006847608611111111,False
2026-09-21 13:00:00,1184.0,0.0022674794444444446,0.008156694444444444,False
2026-09-21 14:00:00,1281.0,0.002317810833333333,0.005592924444444444,False
2026-09-21 15:00:00,765.0,0.0022705349999999997,0.07633161722222222,False
2026-09-21 16:00:00,814.0,0.21611237708333333,0.525021215,False
2026-09-21 17:00:00,300.0,0.002136927222222222,0.029338149444444444,False
2026-09-21 18:00:00,276.0,0.002498492083333333,0.02337845638888889,False
2026-09-21 19:00:00,783.0,0.0019674377777777778,0.005441125,False
2026-09-21 20:00:00,1424.0,0.002121490277777778,0.012392328055555556,False
2026-09-21 21:00:00,229.0,0.006056213888888889,0.5808096405555556,False
2026-09-21 22:00:00,586.0,0.03645125777777778,0.22059798666666666,False
2026-09-21 23:00:00,222.0,0.0035887323611111114,0.26369090833333336,False
2026-09-22 00:00:00,483.0,0.010063672222222222,0.14795220277777776,False
2026-09-22 01:00:00,369.0,0.0025595208333333334,0.015219391388888889,False
2026-09-22 02:00:00,179.0,0.002461389722222222,0.004185037777777778,False
2026-09-22 03:00:00,242.0,0.002067331388888889,0.005642863333333334,False
2026-09-22 04:00:00,112.0,0.002462453194444445,0.008792554722222222,False
2026-09-22 05:00:00,356.0,0.0019462583333333333,0.005042599444444445,False
2026-09-22 06:00:00,634.0,2.2180380483333337,2.6690231094444448,True
2026-09-22 07:00:00,429.0,1.5511026875,1.9762897830555555,True
2026-09-22 08:00:00,1086.0,0.45162337888888887,0.9793132644444444,False
2026-09-22 09:00:00,508.0,0.0027323277777777776,0.20512681916666667,False
2026-09-22 10:00:00,194.0,0.009034280138888889,0.18760600472222222,False
2026-09-22 11:00:00,446.0,0.0024055090277777776,0.005014289444444445,False
2026-09-22 12:00:00,282.0,0.002438195972222222,0.007216406666666667,False
2026-09-22 13:00:00,420.0,0.0024068947222222223,0.00591388,False
2026-09-22 14:00:00,506.0,0.0024065690277777782,0.04375692527777778,False
2026-09-22 15:00:00,501.0,0.0021336880555555553,0.006103588055555555,False
2026-09-22 16:00:00,285.0,0.00250331,0.005557029722222222,False
2026-09-22 17:00:00,318.0,0.002749853888888889,0.008919265833333334,False
2026-09-22 18:00:00,209.0,0.0019039658333333332,0.008562505833333333,False
2026-09-22 19:00:00,456.0,1.303922221388889,1.871022153888889,True
2026-09-22 20:00:00,424.0,0.385408455,1.1469689427777778,False
2026-09-22 21:00:00,165.0,0.002567556388888889,0.1330261488888889,False
2026-09-22 22:00:00,635.0,0.002221947222222222,0.009751944444444445,False
2026-09-22 23:00:00,588.0,0.002156305277777778,0.02343758527777778,False
2026-09-23 00:00:00,206.0,0.00242099,0.005346939722222222,False
2026-09-23 01:00:00,205.0,0.0020767097222222225,0.004319384999999999,False
2026-09-23 02:00:00,125.0,0.00213643,0.004966036388888889,False
2026-09-23 03:00:00,186.0,0.0019557245833333337,0.004316854166666667,False
2026-09-23 04:00:00,296.0,0.002233753472222222,0.006291498888888889,False
2026-09-23 05:00:00,254.0,0.0025483516666666667,0.006266379444444445,False
2026-09-23 06:00:00,173.0,1.1780330141666668,1.6111804972222221,True
2026-09-23 07:00:00,335.0,0.4115543352777778,1.0148455536111112,False
2026-09-23 08:00:00,702.0,1.1949528734722223,1.7826030263888888,True
2026-09-23 09:00:00,468.0,0.3739534483333333,0.9148367322222223,False
2026-09-23 10:00:00,308.0,0.0034472093055555554,0.27282939333333334,False
2026-09-23 11:00:00,412.0,0.28318682180555554,0.6066220316666666,False
2026-09-23 12:00:00,743.0,0.0022253119444444443,0.008830383055555556,False
2026-09-23 13:00:00,1363.0,0.002267786111111111,0.011356923611111111,False
2026-09-23 14:00:00,1534.0,0.002436653472222222,0.006795244722222222,False
2026-09-23 15:00:00,595.0,0.002215759722222222,0.010648513055555555,False
2026-09-23 16:00:00,817.0,0.0022577258333333333,0.006358652777777777,False
2026-09-23 17:00:00,208.0,0.0025319801388888888,0.005183396944444444,False
2026-09-23 18:00:00,144.0,0.0020385909722222223,0.004313112777777778,False
2026-09-23 19:00:00,126.0,0.0017077709722222222,0.004176836944444444,False
2026-09-23 20:00:00,204.0,0.0026242056944444443,0.004287314444444444,False
2026-09-23 21:00:00,58.0,0.001979917777777778,0.006711602777777778,False
2026-09-23 22:00:00,370.0,0.001788496388888889,0.0054793425,False
2026-09-23 23:00:00,252.0,0.0018296441666666666,0.004186297777777778,False
2026-09-24 00:00:00,100.0,0.002259276388888889,0.004191038333333333,False
2026-09-24 01:00:00,269.0,0.0020108572222222224,0.004252208611111111,False
2026-09-24 02:00:00,321.0,0.0022427483333333333,0.0044778349999999995,False
2026-09-24 03:00:00,313.0,0.0024359775000000004,0.004219919722222222,False
2026-09-24 04:00:00,186.0,0.0020293562500000003,0.004178524166666667,False
2026-09-24 05:00:00,166.0,0.001853434861111111,0.0042142825,False
2026-09-24 06:00:00,174.0,0.002432755833333333,0.0042432375,False
2026-09-24 07:00:00,339.0,0.0022569491666666664,0.0043077969444444445,False
2026-09-24 08:00:00,1239.0,0.002172830277777778,0.008141925277777778,False
2026-09-24 09:00:00,626.0,0.002278759583333333,0.005479365833333333,False
2026-09-24 10:00:00,413.0,0.002050368888888889,0.0042753425,False
2026-09-24 11:00:00,218.0,0.0021573525,0.004230211944444445,False
2026-09-24 12:00:00,444.0,0.0017506368055555557,0.004280303611111111,False
2026-09-24 13:00:00,547.0,0.002076720833333333,0.0047776525,False
2026-09-24 14:00:00,720.0,0.0024155383333333337,0.006527535555555556,False
2026-09-24 15:00:00,478.0,0.0021180347222222225,0.004364189444444444,False
2026-09-24 16:00:00,481.0,0.0031180544444444447,1.8682729691666666,False
2026-09-24 17:00:00,298.0,0.9892295361111112,1.6171119483333334,False
2026-09-24 18:00:00,231.0,0.3268590647222222,0.6134766363888889,False
2026-09-24 19:00:00,233.0,0.0026164024999999996,0.0460492075,False
2026-09-24 20:00:00,200.0,0.00248250125,0.0054212961111111116,False
2026-09-24 21:00:00,64.0,0.002411259583333333,0.004223929166666666,False
2026-09-24 22:00:00,184.0,0.002032065555555556,0.004753776944444444,False
2026-09-24 23:00:00,254.0,0.002587587222222222,0.0042390330555555555,False
2026-09-25 00:00:00,215.0,0.0018192397222222222,0.0041511774999999996,False
2026-09-25 01:00:00,160.0,0.0021430518055555554,0.0041622644444444445,False
2026-09-25 02:00:00,192.0,0.0024490108333333335,0.004211286111111111,False
2026-09-25 03:00:00,212.0,0.002380999861111111,0.00434834,False
2026-09-25 04:00:00,174.0,0.0020669730555555555,0.008565926111111111,False
2026-09-25 05:00:00,205.0,0.0025545555555555556,0.005332223888888889,False
2026-09-25 06:00:00,390.0,0.0020761619444444445,0.005352351111111112,False
2026-09-25 07:00:00,778.0,0.0019224183333333331,0.008840132222222222,False
2026-09-25 08:00:00,1064.0,0.00200516625,0.0047428777777777775,False
2026-09-25 09:00:00,915.0,0.0024288055555555556,0.005628873055555556,False
2026-09-25 10:00:00,336.0,0.002173718888888889,0.005877690555555556,False
2026-09-25 11:00:00,444.0,0.002303785277777778,0.007287449166666666,False
2026-09-25 12:00:00,400.0,0.0022670415277777777,0.007287833333333334,False
2026-09-25 13:00:00,616.0,0.0026078854166666668,0.023416945277777775,False
2026-09-25 14:00:00,579.0,0.0022825961111111108,0.010852923333333334,False
2026-09-25 15:00:00,349.0,0.0024258980555555555,0.007875226944444444,False
2026-09-25 16:00:00,312.0,0.0023147330555555556,0.004528679722222222,False
2026-09-25 17:00:00,288.0,0.002457951388888889,0.006324628055555556,False
2026-09-25 18:00:00,275.0,0.002098853888888889,0.007211825,False
2026-09-25 19:00:00,271.0,0.002056462222222222,0.004691369166666667,False
2026-09-25 20:00:00,246.0,0.0016748384722222222,0.004192545277777778,False
2026-09-25 21:00:00,143.0,0.0024154766666666665,0.005032346666666666,False
2026-09-25 22:00:00,144.0,0.0016239390277777777,0.004968820277777778,False
2026-09-25 23:00:00,62.0,0.0020222105555555555,0.004034523611111111,False
2026-09-26 00:00:00,119.0,0.0022762002777777777,0.008097674166666667,False
2026-09-26 01:00:00,34.0,0.0022004118055555556,0.0042305822222222225,True
2026-09-26 02:00:00,55.0,0.0019717644444444443,0.003996368888888889,False
2026-09-26 03:00:00,45.0,0.002187204722222222,0.007623948888888889,True
2026-09-26 04:00:00,59.0,0.0021969627777777777,0.0040166825,False
2026-09-26 05:00:00,41.0,0.002842501388888889,0.004040453055555555,True
2026-09-26 06:00:00,63.0,0.0032832716666666667,0.004205523888888889,False
2026-09-26 07:00:00,117.0,0.0016833033333333333,0.005631830277777777,False
2026-09-26 08:00:00,226.0,0.0023546508333333336,0.004548460277777778,False
2026-09-26 09:00:00,201.0,0.0024103719444444442,0.008608571944444445,False
2026-09-26 10:00:00,130.0,0.0027275541666666667,0.007649558611111111,False
2026-09-26 11:00:00,117.0,0.0022922924999999998,0.005338455277777778,False
2026-09-26 12:00:00,87.0,0.002440462777777778,0.007820042777777777,False
2026-09-26 13:00:00,124.0,0.0020593158333333337,0.0042619538888888885,False
2026-09-26 14:00:00,72.0,0.002148123055555556,0.004789984722222222,False
2026-09-26 15:00:00,48.0,0.0026680919444444446,0.0049694491666666665,True
2026-09-26 16:00:00,40.0,0.0016200556944444447,0.004061682222222222,True
2026-09-26 17:00:00,38.0,0.0017518884722222223,0.004064853333333333,True
2026-09-26 18:00:00,47.0,0.0022870822222222226,0.004446101388888889,True
2026-09-26 19:00:00,21.0,0.0019330761111111111,0.004234748888888889,True
2026-09-26 20:00:00,163.0,0.0018096427777777777,0.007213931388888889,False
2026-09-26 21:00:00,77.0,0.0017996755555555555,0.00421047,False
2026-09-26 22:00:00,83.0,0.0028646166666666667,0.004232627777777778,False
2026-09-26 23:00:00,116.0,0.0021786191666666667,0.004767417222222222,False
2026-09-27 00:00:00,57.0,0.0023095669444444444,0.0042289902777777775,False
2026-09-27 01:00:00,232.0,0.0020738016666666664,0.004429579444444444,False
2026-09-27 02:00:00,54.0,0.0021323486111111114,0.004014548611111111,False
2026-09-27 03:00:00,64.0,0.00253718125,0.004143371388888889,False
2026-09-27 04:00:00,62.0,0.0018723369444444444,0.004163396944444444,False
2026-09-27 05:00:00,70.0,0.0023925327777777772,0.006115903888888889,False
2026-09-27 06:00:00,140.0,0.0021865236111111115,0.004201934166666667,False
2026-09-27 07:00:00,315.0,0.0022306452777777776,0.007778293888888888,False
2026-09-27 08:00:00,252.0,0.002559629722222222,2.232203078888889,False
2026-09-27 09:00:00,169.0,1.6564352480555555,2.0828455030555557,True
2026-09-27 10:00:00,190.0,0.8283268149999999,1.0831668455555554,False
2026-09-27 11:00:00,531.0,0.0024669244444444445,0.06860321916666666,False
2026-09-27 12:00:00,79.0,0.0026163797222222224,0.2827978988888889,False
2026-09-27 13:00:00,182.0,0.0016939144444444443,0.007105231666666667,False
2026-09-27 14:00:00,196.0,0.0021512483333333333,0.0056482005555555555,False
2026-09-27 15:00:00,95.0,0.0024988458333333333,0.004186839444444444,False
2026-09-27 16:00:00,76.0,0.0023027993055555556,0.00422839,False
2026-09-27 17:00:00,90.0,0.003203280138888889,0.0071945886111111105,False
2026-09-27 18:00:00,92.0,0.0019250612500000001,0.004552696944444445,False
2026-09-27 19:00:00,35.0,0.002459068888888889,0.005157819166666666,True
2026-09-27 20:00:00,69.0,0.45389327444444444,0.904045385,False
2026-09-27 21:00:00,142.0,0.003032174027777778,0.11517585361111111,False
2026-09-27 22:00:00,165.0,0.002246296111111111,0.004252999166666667,False
2026-09-27 23:00:00,57.0,0.0019348775,0.004230507777777778,False
2026-09-28 00:00:00,226.0,0.0025921095833333335,0.004636463055555555,False
2026-09-28 01:00:00,315.0,0.0019455827777777777,0.0042354858333333335,False
2026-09-28 02:00:00,257.0,0.002061330277777778,0.004186311111111111,False
2026-09-28 03:00:00,181.0,0.0017653216666666668,0.004480548888888889,False
2026-09-28 04:00:00,103.0,0.002110867222222222,0.004214676388888889,False
2026-09-28 05:00:00,326.0,0.00257314875,0.006276465,False
2026-09-28 06:00:00,194.0,0.0018647759722222222,0.006027425,False
2026-09-28 07:00:00,335.0,0.0024131447222222224,0.004234520277777778,False
2026-09-28 08:00:00,444.0,0.0023738216666666667,0.005764518333333333,False
2026-09-28 09:00:00,285.0,0.002371286666666667,0.2942713194444444,False
2026-09-28 10:00:00,248.0,0.002507233472222222,0.0060669255555555555,False
2026-09-28 11:00:00,201.0,0.0017527369444444445,0.005595443611111111,False
2026-09-28 12:00:00,613.0,0.001824245,0.004755773055555555,False
2026-09-28 13:00:00,499.0,0.002343526111111111,0.005667670277777778,False
2026-09-28 14:00:00,554.0,0.002394011666666667,0.008011467500000001,False
2026-09-28 15:00:00,240.0,0.002417133888888889,0.008444276388888889,False
2026-09-28 16:00:00,535.0,0.002411023888888889,0.005679001111111111,False
2026-09-28 17:00:00,273.0,0.0027727683333333333,0.006449516388888889,False
2026-09-28 18:00:00,148.0,0.0020345693055555556,0.007008282777777778,False
2026-09-28 19:00:00,314.0,0.0023087856944444445,0.010778804999999999,False
2026-09-28 20:00:00,115.0,0.0017421366666666666,0.0053335752777777775,False
2026-09-28 21:00:00,98.0,0.0022289681944444445,0.004634992777777778,False
2026-09-28 22:00:00,52.0,0.002452497361111111,0.004225016388888889,False
2026-09-28 23:00:00,47.0,0.0018559727777777777,0.004140054444444445,True
2026-09-29 00:00:00,112.0,0.002202310138888889,0.0043487905555555555,False
2026-09-29 01:00:00,149.0,0.002341727777777778,0.004486721111111111,False
2026-09-29 02:00:00,106.0,0.0022088106944444445,0.004227259166666666,False
2026-09-29 03:00:00,93.0,0.0023770916666666668,0.0048868919444444445,False
2026-09-29 04:00:00,80.0,0.002053517361111111,0.004099943611111111,False
2026-09-29 05:00:00,130.0,1.8720747077777777,2.2325900394444447,True
2026-09-29 06:00:00,397.0,1.3932985897222223,1.7410470797222222,True
2026-09-29 07:00:00,199.0,0.2700293761111111,0.7415480055555556,False
2026-09-29 08:00:00,480.0,0.0021364625,0.006503843611111111,False
2026-09-29 09:00:00,255.0,0.0015154877777777778,0.0068014619444444445,False
2026-09-29 10:00:00,240.0,0.0019958006944444445,0.004229831666666667,False
2026-09-29 11:00:00,311.0,0.0022581602777777777,0.00548630638888889,False
2026-09-29 12:00:00,308.0,0.002178029861111111,0.005394864166666667,False
2026-09-29 13:00:00,376.0,0.0021897486111111114,0.007774927222222222,False
2026-09-29 14:00:00,420.0,0.0023397398611111108,0.010475263055555555,False
2026-09-29 15:00:00,449.0,0.0023048219444444444,0.014605823333333334,False
2026-09-29 16:00:00,226.0,0.002143420138888889,0.005683106666666667,False
2026-09-29 17:00:00,267.0,0.0024083508333333334,0.008256617222222222,False
2026-09-29 18:00:00,200.0,0.002552450694444444,0.0059189141666666665,False
2026-09-29 19:00:00,128.0,0.0022149644444444446,0.006917795833333333,False
2026-09-29 20:00:00,52.0,0.0016171659722222223,0.004125923055555555,False
2026-09-29 21:00:00,61.0,0.002177748888888889,0.008435870833333333,False
2026-09-29 22:00:00,130.0,0.0015431152777777776,0.00900736138888889,False
2026-09-29 23:00:00,50.0,0.002061342916666667,0.004167350833333333,True
2026-09-30 00:00:00,124.0,0.0018561355555555556,0.009807853333333333,False
2026-09-30 01:00:00,59.0,0.0021825291666666665,0.006502033333333333,False
2026-09-30 02:00:00,106.0,0.002127353888888889,0.010863739444444444,False
2026-09-30 03:00:00,151.0,0.0020536394444444443,0.005074053611111112,False
2026-09-30 04:00:00,101.0,0.0015916427777777778,0.004468595555555555,False
2026-09-30 05:00:00,100.0,0.0018571948611111112,0.0058099175,False
2026-09-30 06:00:00,202.0,0.002278027222222222,0.0054957416666666665,False
2026-09-30 07:00:00,237.0,0.0020477055555555555,0.007283227222222222,False
2026-09-30 08:00:00,433.0,0.0031008044444444443,0.012175559166666667,False
2026-09-30 09:00:00,247.0,0.003382301388888889,0.013789141666666666,False
2026-09-30 10:00:00,232.0,0.003759587777777778,0.12040091694444445,False
2026-09-30 11:00:00,253.0,0.002134447222222222,0.0066495575,False
2026-09-30 12:00:00,1233.0,0.0021781233333333333,0.019571515833333334,False
2026-09-30 13:00:00,856.0,0.0025006270833333333,0.01335192777777778,False
2026-09-30 14:00:00,604.0,0.0023202229166666664,0.008182786388888889,False
2026-09-30 15:00:00,473.0,0.002325400277777778,0.017934224999999998,False
2026-09-30 16:00:00,234.0,0.0027500190277777777,0.0272382575,False
2026-09-30 17:00:00,166.0,0.0028298875,0.013306670555555554,False
2026-09-30 18:00:00,134.0,0.0017082256944444445,0.010330282777777778,False
2026-09-30 19:00:00,248.0,0.0026752493055555555,0.03077579777777778,False
2026-09-30 20:00:00,52.0,0.00192242125,0.005208296944444445,False
2026-09-30 21:00:00,30.0,0.0015600343055555555,0.0040709219444444444,True
2026-09-30 22:00:00,55.0,0.0026533497222222223,0.00430427,False
2026-09-30 23:00:00,127.0,0.0020677683333333334,0.011963897222222223,False
2026-10-01 00:00:00,111.0,0.0019809986111111112,0.018234249444444444,False
2026-10-01 01:00:00,114.0,0.0024494743055555558,0.01464784888888889,False
2026-10-01 02:00:00,108.0,0.0016498079166666667,0.004068491111111111,False
2026-10-01 03:00:00,172.0,0.002537364305555556,0.009092015,False
2026-10-01 04:00:00,286.0,0.002043694027777778,0.01803475361111111,False
2026-10-01 05:00:00,157.0,0.0025021183333333334,0.008365279166666666,False
2026-10-01 06:00:00,181.0,0.0023296030555555554,0.027094029999999998,False
2026-10-01 07:00:00,448.0,0.0025704140277777775,0.008204526388888888,False
2026-10-01 08:00:00,446.0,0.002012484583333333,0.008691267222222222,False
2026-10-01 09:00:00,7.0,0.004076080833333333,0.004101877777777777,True
2026-10-01 10:00:00,314.0,0.05704450625,0.2936762636111111,False
2026-10-01 11:00:00,196.0,0.0016995558333333333,0.0044436369444444445,False
2026-10-01 12:00:00,254.0,0.0020328775,0.0041229625,False
2026-10-01 13:00:00,343.0,0.0019157319444444445,0.006192053333333333,False
2026-10-01 14:00:00,637.0,0.0019650325,0.004997612222222222,False
2026-10-01 15:00:00,435.0,0.002154301111111111,0.005401132777777778,False
2026-10-01 16:00:00,422.0,0.002098175138888889,0.008229033333333333,False
2026-10-01 17:00:00,505.0,0.0029776549999999996,0.7458016327777778,False
2026-10-01 18:00:00,208.0,0.0037924254166666668,0.5155972561111111,False
2026-10-01 19:00:00,165.0,0.0021372758333333334,0.007568298055555555,False
2026-10-01 20:00:00,123.0,0.0027169152777777776,0.008632634166666667,False
2026-10-01 21:00:00,88.0,0.0020329448611111113,0.004493005277777778,False
2026-10-01 22:00:00,106.0,0.002124899027777778,0.007661681388888888,False
2026-10-01 23:00:00,48.0,0.002106904861111111,0.004222836666666666,True
2026-10-02 00:00:00,146.0,0.0018559498611111112,0.02464744361111111,False
2026-10-02 01:00:00,111.0,0.0017431325,0.004249663888888889,False
2026-10-02 02:00:00,157.0,0.0021987827777777778,0.004189761111111111,False
2026-10-02 03:00:00,287.0,0.0018457905555555557,0.006644099166666666,False
2026-10-02 04:00:00,852.0,0.002209719722222222,0.0082562325,False
2026-10-02 05:00:00,370.0,0.43367530569444446,0.890782955,False
2026-10-02 06:00:00,252.0,0.004002293888888888,0.3496148766666667,False
2026-10-02 07:00:00,346.0,0.0017392973611111112,0.012583369166666665,False
2026-10-02 08:00:00,782.0,0.002520389166666667,0.43950972638888886,False
2026-10-02 09:00:00,337.0,0.003258819166666667,0.21128562527777778,False
2026-10-02 10:00:00,235.0,12.811281756388889,13.228636283333334,True
2026-10-02 11:00:00,329.0,12.17852802638889,12.53274030111111,True
2026-10-02 12:00:00,820.0,11.017298339027779,11.53535860611111,True
2026-10-02 13:00:00,500.0,9.950294012083333,10.530685906666667,True
2026-10-02 14:00:00,750.0,8.965891414583332,9.530751343333332,True
2026-10-02 15:00:00,502.0,8.110845017916667,8.536044154999999,True
2026-10-02 16:00:00,385.0,7.12356920861111,7.534441666111111,True
2026-10-02 17:00:00,494.0,6.153422138194444,6.536350901944445,True
2026-10-02 18:00:00,759.0,4.9194389930555555,5.535891357500001,True
2026-10-02 19:00:00,276.0,4.091525520555556,4.532339104166667,True
2026-10-02 20:00:00,210.0,3.142551766805555,3.5356732566666667,True
2026-10-02 21:00:00,79.0,1.9332901244444445,2.5019555991666667,True
2026-10-02 22:00:00,57.0,1.2364047091666668,1.5364557622222221,True
2026-10-02 23:00:00,43.0,0.12060283333333334,17.39453006777778,True
2026-10-03 00:00:00,115.0,16.54109590527778,17.09786711888889,True
2026-10-03 01:00:00,80.0,15.806804051527777,16.10624723138889,True
2026-10-03 02:00:00,41.0,14.548472298055556,15.085646965,True
2026-10-03 03:00:00,37.0,13.451892712222222,14.107006815,True
2026-10-03 04:00:00,40.0,12.819246615972222,13.09440030388889,True
2026-10-03 05:00:00,70.0,11.363498756805555,12.101776273611112,True
2026-10-03 06:00:00,133.0,10.885928683055555,11.109840386944445,True
2026-10-03 07:00:00,99.0,9.391797570000001,9.879521620277778,True
2026-10-03 08:00:00,251.0,8.50809205138889,9.104256090833333,True
2026-10-03 09:00:00,104.0,7.803835825555556,8.106485703611112,True
2026-10-03 10:00:00,97.0,6.793524562222222,7.090034558055556,True
2026-10-03 11:00:00,57.0,5.435014573888889,6.101828589999999,True
2026-10-03 12:00:00,252.0,4.604991716111112,5.113273805555556,True
2026-10-03 13:00:00,146.0,3.6984646477777776,4.089301847777778,True
2026-10-03 14:00:00,91.0,2.5181900352777777,3.1122138308333334,True
2026-10-03 15:00:00,66.0,1.5515002027777778,2.0999395775000003,True
2026-10-03 16:00:00,49.0,0.5662675466666667,1.1036161091666667,True
2026-10-03 17:00:00,131.0,9.687338462222224,10.278342855555556,True
2026-10-03 18:00:00,115.0,9.229992747222223,9.424182320833333,True
2026-10-03 19:00:00,41.0,7.7382277394444445,8.409176566666666,True
2026-10-03 20:00:00,40.0,6.61004939625,7.412932803611111,True
2026-10-03 21:00:00,80.0,6.340805285694444,6.3990279375,True
2026-10-03 22:00:00,14.0,4.671562114722223,5.375165974444444,True
2026-10-03 23:00:00,38.0,3.9192446997222223,4.413358526666666,True
2026-10-04 00:00:00,40.0,3.0918688533333336,3.403763924722222,True
2026-10-04 01:00:00,42.0,1.9180073241666666,2.3798812769444444,True
2026-10-04 02:00:00,36.0,1.26855425625,1.39572753,True
2026-10-04 03:00:00,11.0,20.732013545277777,20.75364158944444,True
2026-10-04 04:00:00,24.0,19.98737453458333,20.330602715833333,True
2026-10-04 05:00:00,58.0,18.979066234722225,19.285606905555554,True
2026-10-04 06:00:00,86.0,17.959342710416667,18.267135868611113,True
2026-10-04 07:00:00,82.0,16.789837362222222,17.3286862175,True
2026-10-04 08:00:00,196.0,15.983110848194444,16.330570183055556,True
2026-10-04 09:00:00,176.0,14.864142523611111,15.330631759166668,True
2026-10-04 10:00:00,82.0,14.000928599166667,14.326045788888889,True
2026-10-04 11:00:00,42.0,12.887857812638888,13.310862241666667,True
2026-10-04 12:00:00,161.0,11.891079310555556,12.318911162222221,True
2026-10-04 13:00:00,47.0,10.928868280277777,11.328549651666668,True
2026-10-04 14:00:00,98.0,9.772809256944445,10.299471909444446,True
2026-10-04 15:00:00,84.0,9.015420187916668,9.31326519138889,True
2026-10-04 16:00:00,51.0,7.5862075536111115,8.325130531111112,True
2026-10-04 17:00:00,39.0,6.692635746666667,7.330012644166667,True
2026-10-04 18:00:00,36.0,5.6873248895833335,6.317829710555555,True
2026-10-04 19:00:00,64.0,4.7984430598611105,5.326538403888889,True
2026-10-04 20:00:00,180.0,3.620964775277778,4.339972996111111,True
2026-10-04 21:00:00,154.0,2.995832800833333,3.329257486111111,True
2026-10-04 22:00:00,291.0,2.0390799455555557,2.3395542588888887,True
2026-10-04 23:00:00,162.0,12.598637788194445,13.162158273333333,True
2026-10-05 00:00:00,182.0,12.020755439027777,12.451946508888888,True
2026-10-05 01:00:00,298.0,10.993583805555556,11.454093784722224,True
2026-10-05 02:00:00,332.0,9.939726235694444,10.436908203055555,True
2026-10-05 03:00:00,66.0,9.311622171805556,9.467826965833334,True
2026-10-05 04:00:00,0.0,,,True
2026-10-05 05:00:00,0.0,,,True
2026-10-05 06:00:00,0.0,,,True
2026-10-05 07:00:00,0.0,,,True
2026-10-05 08:00:00,0.0,,,True
2026-10-05 09:00:00,0.0,,,True
2026-10-05 10:00:00,90.0,23.609392079305557,23.993072585833332,True
2026-10-05 11:00:00,124.0,22.83609189208333,23.28370739611111,True
2026-10-05 12:00:00,146.0,21.810700335555552,22.2804188875,True
2026-10-05 13:00:00,311.0,20.64446772972222,21.27528567111111,True
2026-10-05 14:00:00,329.0,19.953769379444445,20.284410349444443,True
2026-10-05 15:00:00,0.0,,,True
2026-10-05 16:00:00,0.0,,,True
2026-10-05 17:00:00,0.0,,,True
2026-10-05 18:00:00,0.0,,,True
2026-10-05 19:00:00,0.0,,,True
2026-10-05 20:00:00,0.0,,,True
2026-10-05 21:00:00,0.0,,,True
2026-10-05 22:00:00,18.0,23.707634540833332,23.92004917277778,True
2026-10-05 23:00:00,132.0,23.17968656902778,23.541769826666666,True
2026-10-06 00:00:00,84.0,22.156984578333336,22.544827741111114,True
2026-10-06 01:00:00,150.0,21.262556473194444,21.54664280638889,True
2026-10-06 02:00:00,97.0,20.188019359166667,20.54341349,True
2026-10-06 03:00:00,157.0,18.996437506944446,19.52989495111111,True
2026-10-06 04:00:00,45.0,18.120532023055556,18.54530034111111,True
2026-10-06 05:00:00,71.0,16.99370095333333,17.542527039166668,True
2026-10-06 06:00:00,230.0,16.24294981111111,16.535941533333332,True
2026-10-06 07:00:00,179.0,15.442014250000001,15.955642690833335,True
2026-10-06 08:00:00,536.0,14.750952819166667,15.057436947777777,True
2026-10-06 09:00:00,295.0,13.472484281111111,14.05514847388889,True
2026-10-06 10:00:00,135.0,12.643051014722223,13.068794697777777,True
2026-10-06 11:00:00,170.0,11.823354469722222,12.094552736111112,True
2026-10-06 12:00:00,271.0,10.809488671111112,11.080837313888889,True
2026-10-06 13:00:00,233.0,9.448297240833334,10.079932148055555,True
2026-10-06 14:00:00,244.0,8.742425511250001,9.08911764111111,True
2026-10-06 15:00:00,306.0,7.7033240506944445,8.09179395888889,True
2026-10-06 16:00:00,139.0,6.795546731666667,7.088030012222222,True
2026-10-06 17:00:00,159.0,5.751579071666666,6.088038176666667,True
2026-10-06 18:00:00,68.0,4.545974157777778,5.093060522777778,True
2026-10-06 19:00:00,82.0,3.6166391445833335,4.071944465,True
2026-10-06 20:00:00,146.0,2.7864446691666664,3.0942053772222224,True
2026-10-06 21:00:00,73.0,1.5587012272222223,2.093349718333333,True
2026-10-06 22:00:00,134.0,0.5923186787500001,1.0940797472222221,False
2026-10-06 23:00:00,270.0,0.0020024393055555556,0.08420316444444445,False
2026-10-07 00:00:00,121.0,0.0028763913888888893,0.009263701388888889,False
2026-10-07 01:00:00,305.0,0.0025099905555555557,0.0042432569444444445,False
2026-10-07 02:00:00,897.0,0.0019858619444444443,0.0051887688888888886,False
2026-10-07 03:00:00,229.0,0.0017153222222222222,0.02434609388888889,False
2026-10-07 04:00:00,218.0,0.002207123055555556,0.004253800833333333,False
2026-10-07 05:00:00,136.0,0.002420402083333333,0.004305185277777778,False
2026-10-07 06:00:00,128.0,0.0020624130555555557,0.006722871388888889,False
2026-10-07 07:00:00,252.0,0.0025740177777777776,0.006648603888888889,False
2026-10-07 08:00:00,610.0,0.002192832222222222,0.005616493888888889,False
2026-10-07 09:00:00,258.0,0.0024509720833333333,0.005720330833333334,False
