tf,t,from,to,same_dir_new_start,type
1d,2026-09-16 00:00:00,BULL,NONE,False,BULL→NONE
1d,2026-09-19 00:00:00,NONE,BULL,False,NONE→BULL
4h,2026-08-31 00:00:00,BULL,NONE,False,BULL→NONE
4h,2026-09-03 16:00:00,NONE,BULL,False,NONE→BULL
4h,2026-09-07 16:00:00,BULL,NONE,False,BULL→NONE
4h,2026-09-10 16:00:00,NONE,BEAR,False,NONE→BEAR
4h,2026-09-14 04:00:00,BEAR,NONE,False,BEAR→NONE
4h,2026-09-15 20:00:00,NONE,BEAR,False,NONE→BEAR
4h,2026-09-18 04:00:00,BEAR,NONE,False,BEAR→NONE
4h,2026-09-18 16:00:00,NONE,BULL,False,NONE→BULL
4h,2026-09-23 16:00:00,BULL,NONE,False,BULL→NONE
4h,2026-10-02 08:00:00,NONE,BULL,False,NONE→BULL
4h,2026-10-07 04:00:00,BULL,NONE,False,BULL→NONE
1h,2026-08-29 15:00:00,BEAR,NONE,False,BEAR→NONE
1h,2026-08-30 17:00:00,NONE,BULL,False,NONE→BULL
1h,2026-09-01 09:00:00,BULL,NONE,False,BULL→NONE
1h,2026-09-01 18:00:00,NONE,BEAR,False,NONE→BEAR
1h,2026-09-03 03:00:00,BEAR,NONE,False,BEAR→NONE
1h,2026-09-03 13:00:00,NONE,BULL,False,NONE→BULL
1h,2026-09-04 13:00:00,BULL,NONE,False,BULL→NONE
1h,2026-09-06 04:00:00,NONE,BULL,False,NONE→BULL
1h,2026-09-07 08:00:00,BULL,BEAR,False,BULL→BEAR
1h,2026-09-09 05:00:00,BEAR,NONE,False,BEAR→NONE
1h,2026-09-09 23:00:00,NONE,BEAR,False,NONE→BEAR
1h,2026-09-11 13:00:00,BEAR,NONE,False,BEAR→NONE
1h,2026-09-12 19:00:00,NONE,BEAR,False,NONE→BEAR
1h,2026-09-14 03:00:00,BEAR,NONE,False,BEAR→NONE
1h,2026-09-14 10:00:00,NONE,BULL,False,NONE→BULL
1h,2026-09-15 07:00:00,BULL,NONE,False,BULL→NONE
1h,2026-09-15 14:00:00,NONE,BEAR,False,NONE→BEAR
1h,2026-09-16 12:00:00,BEAR,NONE,False,BEAR→NONE
1h,2026-09-18 04:00:00,NONE,BULL,False,NONE→BULL
1h,2026-09-19 22:00:00,BULL,NONE,False,BULL→NONE
1h,2026-09-20 16:00:00,NONE,BULL,False,NONE→BULL
1h,2026-09-23 09:00:00,BULL,NONE,False,BULL→NONE
1h,2026-09-24 10:00:00,NONE,BEAR,False,NONE→BEAR
1h,2026-09-26 23:00:00,BEAR,NONE,False,BEAR→NONE
1h,2026-09-28 02:00:00,NONE,BEAR,False,NONE→BEAR
1h,2026-09-28 19:00:00,BEAR,NONE,False,BEAR→NONE
1h,2026-09-30 13:00:00,NONE,BULL,False,NONE→BULL
1h,2026-10-02 16:00:00,BULL,NONE,False,BULL→NONE
1h,2026-10-04 21:00:00,NONE,BULL,False,NONE→BULL
1h,2026-10-05 15:00:00,BULL,NONE,False,BULL→NONE
1h,2026-10-07 02:00:00,NONE,BEAR,False,NONE→BEAR
