rebalance_date;exit_date;n_universe;n_long;n_short;long_mean;short_mean;long_median;short_median;spread_mean;spread_median
2020-02-10;2020-02-17;10;2;2;20.1105;-10.47;20.1105;-10.47;30.5805;30.5805
2020-02-17;2020-02-24;10;2;2;0.679;1.0516;0.679;1.0516;-0.3726;-0.3726
2020-02-24;2020-03-02;13;2;2;-24.0342;-15.9763;-24.0342;-15.9763;-8.0579;-8.0579
2020-03-02;2020-03-09;18;3;3;-3.8135;-8.3966;-5.8428;-7.7153;4.5831;1.8725
2020-03-09;2020-03-16;22;4;4;-39.965;-34.2408;-38.9312;-34.4203;-5.7242;-4.5109
2020-03-16;2020-03-23;24;4;4;-4.5067;-0.6781;-3.219;-0.48;-3.8286;-2.739
2020-03-23;2020-03-30;24;4;4;-1.2854;1.3401;-1.0349;0.5106;-2.6256;-1.5455
2020-03-30;2020-04-06;23;4;4;12.9155;13.2231;11.0554;13.4685;-0.3075;-2.4131
2020-04-06;2020-04-13;21;4;4;5.0471;5.2381;2.6002;5.5584;-0.191;-2.9582
2020-04-13;2020-04-20;21;4;4;5.7449;2.6758;5.6932;2.5495;3.0691;3.1437
2020-04-20;2020-04-27;22;4;4;7.8162;10.7551;5.8541;6.1274;-2.9389;-0.2734
2020-04-27;2020-05-04;23;4;4;5.5484;4.1455;2.7251;2.4322;1.4028;0.2929
2020-05-04;2020-05-11;24;4;4;-9.8172;-7.32;-11.5431;-7.2786;-2.4972;-4.2644
2020-05-11;2020-05-18;24;4;4;4.5361;6.4749;4.5417;7.2183;-1.9388;-2.6766
2020-05-18;2020-05-25;24;4;4;-5.7408;-1.6262;-5.267;-1.2612;-4.1145;-4.0058
2020-05-25;2020-06-01;24;4;4;20.5386;8.2652;18.2274;7.7831;12.2734;10.4443
2020-06-01;2020-06-08;24;4;4;11.8123;1.0076;12.8489;1.2903;10.8047;11.5586
2020-06-08;2020-06-15;24;4;4;-3.4098;-5.2832;-10.7126;-5.7113;1.8735;-5.0013
2020-06-15;2020-06-22;24;4;4;0.9069;-0.7191;-0.7254;-1.032;1.6261;0.3066
2020-06-22;2020-06-29;25;5;5;3.1795;-3.1326;2.4658;-3.6791;6.3121;6.145
2020-06-29;2020-07-06;25;5;5;4.343;2.2656;3.3799;1.7322;2.0774;1.6477
2020-07-06;2020-07-13;26;5;5;18.6714;17.6309;26.9936;14.8329;1.0405;12.1607
2020-07-13;2020-07-20;28;5;5;8.7978;-0.7699;4.878;-0.9679;9.5677;5.8459
2020-07-20;2020-07-27;30;6;6;-6.1168;3.5981;-6.5394;2.3275;-9.7149;-8.8669
2020-07-27;2020-08-03;31;6;6;11.5464;-0.9356;13.5066;-2.9126;12.482;16.4192
2020-08-03;2020-08-10;32;6;6;5.7405;26.5088;5.149;30.5461;-20.7682;-25.3971
2020-08-10;2020-08-17;33;6;6;23.8844;10.5278;27.3955;7.7297;13.3565;19.6657
2020-08-17;2020-08-24;35;7;7;14.5929;-4.7971;-2.2821;-3.8483;19.39;1.5662
2020-08-24;2020-08-31;37;7;7;-6.7706;5.9246;-11.7093;4.3597;-12.6951;-16.069
2020-08-31;2020-09-07;37;7;7;-16.742;-27.6573;-21.2216;-27.7943;10.9153;6.5727
2020-09-07;2020-09-14;40;8;8;7.7292;5.4914;0.7769;8.9604;2.2378;-8.1835
2020-09-14;2020-09-21;41;8;8;-8.5848;-12.8662;-12.4622;-12.1838;4.2814;-0.2783
2020-09-21;2020-09-28;45;9;9;2.1331;0.2617;-1.2571;0.1772;1.8714;-1.4343
2020-09-28;2020-10-05;51;10;10;-8.7093;-14.2982;-9.2033;-11.8396;5.5889;2.6363
2020-10-05;2020-10-12;54;10;10;3.9049;-1.6251;1.6431;-3.9616;5.5299;5.6047
2020-10-12;2020-10-19;57;11;11;-6.8136;-6.4955;-5.1193;-6.2572;-0.3181;1.1378
2020-10-19;2020-10-26;62;12;12;2.7963;-7.1615;5.8891;-6.9929;9.9578;12.8821
2020-10-26;2020-11-02;61;12;12;-5.9903;-12.7229;-4.0056;-14.8447;6.7326;10.8391
2020-11-02;2020-11-09;63;12;12;6.4586;23.14;5.3078;20.1033;-16.6814;-14.7955
2020-11-09;2020-11-16;69;13;13;9.5117;-0.0981;6.5959;-2.2705;9.6098;8.8664
2020-11-16;2020-11-23;70;14;14;19.6451;16.287;8.1812;10.4803;3.3581;-2.2991
2020-11-23;2020-11-30;71;14;14;0.691;-3.1299;-8.8413;-2.8479;3.8209;-5.9934
2020-11-30;2020-12-07;71;14;14;4.6795;7.4816;-0.1129;6.4433;-2.8021;-6.5562
2020-12-07;2020-12-14;72;14;14;-1.491;-4.8388;-5.8812;-4.0506;3.3477;-1.8306
2020-12-14;2020-12-21;77;15;15;8.2057;3.1926;4.437;3.0743;5.0131;1.3627
2020-12-21;2020-12-28;77;15;15;9.0217;-13.391;-1.8882;-12.8105;22.4127;10.9223
2020-12-28;2021-01-04;78;15;15;27.7579;12.8248;22.6277;12.1805;14.9332;10.4472
2021-01-04;2021-01-11;78;15;15;16.4018;37.2537;8.3692;33.379;-20.8519;-25.0097
2021-01-11;2021-01-18;79;15;15;20.9592;20.0565;10.9767;8.178;0.9027;2.7987
2021-01-18;2021-01-25;80;16;16;10.6206;-1.229;6.0132;-1.2964;11.8496;7.3096
2021-01-25;2021-02-01;80;16;16;28.081;-0.1664;12.3441;-3.0168;28.2475;15.3609
2021-02-01;2021-02-08;80;16;16;34.0221;23.647;15.7346;18.0551;10.3751;-2.3205
2021-02-08;2021-02-15;81;16;16;35.6196;42.8074;30.8811;43.331;-7.1878;-12.4499
2021-02-15;2021-02-22;85;17;17;13.4608;8.4937;3.5498;2.9997;4.9671;0.55
2021-02-22;2021-03-01;86;17;17;-12.4978;-20.8046;-22.9095;-21.8853;8.3067;-1.0243
2021-03-01;2021-03-08;86;17;17;29.7971;26.4233;11.9999;22.4887;3.3739;-10.4888
2021-03-08;2021-03-15;86;17;17;61.4361;13.2973;25.104;4.4674;48.1388;20.6366
2021-03-15;2021-03-22;91;18;18;8.0116;7.2161;5.3988;6.8776;0.7956;-1.4788
2021-03-22;2021-03-29;92;18;18;5.2173;1.0638;-1.5482;-1.5128;4.1535;-0.0354
2021-03-29;2021-04-05;93;18;18;9.8667;15.5402;5.0831;11.4009;-5.6735;-6.3178
2021-04-05;2021-04-12;97;19;19;10.2051;0.3223;7.1565;-0.7986;9.8828;7.955
2021-04-12;2021-04-19;101;20;20;23.2183;-4.551;-5.4064;-6.6194;27.7693;1.213
2021-04-19;2021-04-26;104;20;20;-21.3119;-21.126;-24.8571;-23.9518;-0.1858;-0.9052
2021-04-26;2021-05-03;107;21;21;32.0343;37.5315;24.0706;34.477;-5.4972;-10.4064
2021-05-03;2021-05-10;109;21;21;18.5383;9.013;-4.2737;6.4788;9.5252;-10.7525
2021-05-10;2021-05-17;109;21;21;-14.6665;-15.5504;-18.6222;-19.1251;0.8839;0.5029
2021-05-17;2021-05-24;110;22;22;-51.0991;-49.8273;-51.1538;-51.513;-1.2718;0.3592
2021-05-24;2021-05-31;110;22;22;11.2552;28.4763;6.8046;28.1487;-17.2211;-21.3441
2021-05-31;2021-06-07;112;22;22;-2.9409;8.9717;-2.3055;6.6043;-11.9126;-8.9098
2021-06-07;2021-06-14;112;22;22;-11.9465;-12.7246;-12.7494;-12.9673;0.7781;0.2179
2021-06-14;2021-06-21;113;22;22;-8.0527;-4.5678;-9.2762;-5.4447;-3.4849;-3.8316
2021-06-21;2021-06-28;113;22;22;-17.4804;-17.7952;-18.967;-17.7791;0.3148;-1.1879
2021-06-28;2021-07-05;113;22;22;15.1431;15.5139;7.5624;11.4148;-0.3708;-3.8524
2021-07-05;2021-07-12;114;22;22;13.4733;-1.1047;-1.5208;-3.2775;14.578;1.7567
2021-07-12;2021-07-19;116;23;23;-12.4203;-10.9292;-16.7847;-13.7062;-1.4911;-3.0786
2021-07-19;2021-07-26;116;23;23;16.7868;14.4372;7.1653;8.6255;2.3496;-1.4602
2021-07-26;2021-08-02;116;23;23;2.904;18.9082;2.4037;13.4404;-16.0042;-11.0367
2021-08-02;2021-08-09;116;23;23;8.5906;10.5216;7.4304;7.9124;-1.931;-0.482
2021-08-09;2021-08-16;117;23;23;30.8119;24.8591;23.632;21.6249;5.9527;2.0072
2021-08-16;2021-08-23;117;23;23;8.5859;4.6177;5.054;3.2258;3.9682;1.8282
2021-08-23;2021-08-30;117;23;23;1.6605;-1.7332;-1.3147;-4.3922;3.3937;3.0775
2021-08-30;2021-09-06;117;23;23;8.1822;21.7486;3.4996;18.0048;-13.5664;-14.5051
2021-09-06;2021-09-13;118;23;23;0.6977;-12.383;-14.0004;-15.1828;13.0808;1.1824
2021-09-13;2021-09-20;121;24;24;-3.4523;-3.1943;-6.9961;-3.5987;-0.258;-3.3973
2021-09-20;2021-09-27;123;24;24;-9.3845;-12.8775;-15.7176;-14.6757;3.493;-1.042
2021-09-27;2021-10-04;123;24;24;16.2615;20.4203;9.9985;17.9453;-4.1588;-7.9467
2021-10-04;2021-10-11;124;24;24;-6.714;-0.3897;-6.5878;-2.5146;-6.3242;-4.0732
2021-10-11;2021-10-18;126;25;25;-1.3483;3.4925;-3.1291;0.2151;-4.8408;-3.3441
2021-10-18;2021-10-25;128;25;25;-0.4667;1.897;-0.7538;0.5957;-2.3638;-1.3494
2021-10-25;2021-11-01;128;25;25;10.0965;7.4319;1.5216;3.0114;2.6646;-1.4898
2021-11-01;2021-11-08;129;25;25;15.4085;5.5568;2.0168;1.6173;9.8517;0.3995
2021-11-08;2021-11-15;130;26;26;7.1303;0.1844;-1.5359;-1.2508;6.9459;-0.2851
2021-11-15;2021-11-22;132;26;26;-9.2446;-4.9574;-13.2738;-8.4326;-4.2872;-4.8411
2021-11-22;2021-11-29;132;26;26;6.0982;3.1291;-3.2036;-3.6546;2.9691;0.4509
2021-11-29;2021-12-06;132;26;26;-27.3029;-23.3397;-30.6634;-23.0195;-3.9632;-7.6439
2021-12-06;2021-12-13;133;26;26;1.4778;0.0837;-0.6798;-0.9053;1.3941;0.2255
2021-12-13;2021-12-20;133;26;26;-8.828;-1.9701;-9.6258;-8.8921;-6.8579;-0.7337
2021-12-20;2021-12-27;133;26;26;13.7283;24.9789;11.391;20.4344;-11.2506;-9.0435
2021-12-27;2022-01-03;133;26;26;-5.0327;-1.1206;-5.3842;-3.0137;-3.9121;-2.3704
2022-01-03;2022-01-10;133;26;26;-11.7281;-18.7392;-16.3321;-18.3577;7.0111;2.0256
2022-01-10;2022-01-17;133;26;26;5.6922;4.6341;2.359;2.8919;1.0581;-0.5329
2022-01-17;2022-01-24;135;27;27;-30.4738;-32.0454;-31.2233;-32.7158;1.5717;1.4924
2022-01-24;2022-01-31;136;27;27;-0.2465;6.1365;-0.7969;0.3043;-6.383;-1.1012
2022-01-31;2022-02-07;136;27;27;13.9529;16.3536;14.9636;17.195;-2.4008;-2.2314
2022-02-07;2022-02-14;136;27;27;-10.1676;-10.0843;-12.3281;-11.0516;-0.0833;-1.2765
2022-02-14;2022-02-21;136;27;27;-8.662;-10.1877;-9.6533;-10.4436;1.5257;0.7902
2022-02-21;2022-02-28;135;27;27;-2.1568;-2.8468;-5.0466;-4.7459;0.6899;-0.3008
2022-02-28;2022-03-07;89;17;17;-1.7556;-0.7198;-2.2112;-2.4501;-1.0358;0.2389
2022-03-07;2022-03-14;89;17;17;-1.7144;-3.2179;-6.2144;-3.3282;1.5035;-2.8862
2022-03-14;2022-03-21;138;27;27;20.7312;13.123;14.7748;12.2601;7.6082;2.5148
2022-03-21;2022-03-28;138;27;27;12.5016;17.7709;14.258;18.4773;-5.2693;-4.2193
2022-03-28;2022-04-04;139;27;27;14.0507;12.8828;12.6308;9.0434;1.1679;3.5874
2022-04-04;2022-04-11;139;27;27;-25.874;-15.1317;-25.8144;-16.43;-10.7423;-9.3843
2022-04-11;2022-04-18;141;27;28;-6.4463;-8.1359;-6.1471;-7.6349;1.6896;1.4878
2022-04-18;2022-04-25;139;27;27;2.092;1.3466;-2.7329;-0.3046;0.7454;-2.4283
2022-04-25;2022-05-02;139;27;27;-11.0141;-15.6153;-15.6416;-17.8586;4.6012;2.217
2022-05-02;2022-05-09;141;28;28;-12.8119;-8.3357;-10.4973;-10.7706;-4.4762;0.2733
2022-05-09;2022-05-16;142;28;28;-29.971;-28.1169;-28.1691;-28.7986;-1.8541;0.6295
2022-05-16;2022-05-23;141;28;28;-5.586;5.6415;-4.9958;7.3105;-11.2275;-12.3063
2022-05-23;2022-05-30;142;28;28;-1.0611;-11.1504;-9.8616;-12.1424;10.0893;2.2808
2022-05-30;2022-06-06;141;28;28;-1.3537;3.6469;-2.9181;0.2192;-5.0006;-3.1373
2022-06-06;2022-06-13;141;28;28;-17.5298;-13.1021;-21.4139;-21.062;-4.4277;-0.3519
2022-06-13;2022-06-20;141;28;28;-5.3154;-4.374;-5.2064;-7.4507;-0.9414;2.2443
2022-06-20;2022-06-27;141;28;28;10.4426;12.043;9.7988;7.8737;-1.6004;1.925
2022-06-27;2022-07-04;140;28;28;-11.4474;-4.3851;-11.6145;-5.4404;-7.0624;-6.1741
2022-07-04;2022-07-11;139;27;27;6.5302;8.6656;4.7515;5.8649;-2.1354;-1.1134
2022-07-11;2022-07-18;139;27;27;4.8356;0.6252;3.7332;0.0;4.2104;3.7332
2022-07-18;2022-07-25;139;27;27;8.7086;6.8454;5.1734;7.1247;1.8631;-1.9513
2022-07-25;2022-08-01;139;27;27;11.7099;10.8289;4.9982;7.0997;0.8809;-2.1015
2022-08-01;2022-08-08;139;27;27;3.6921;4.9466;1.581;4.4625;-1.2546;-2.8814
2022-08-08;2022-08-15;139;27;27;-1.1081;1.4092;-1.6049;2.6812;-2.5173;-4.286
2022-08-15;2022-08-22;139;27;27;-14.9824;-17.6137;-19.0268;-18.2479;2.6313;-0.7789
2022-08-22;2022-08-29;139;27;27;-7.6468;-11.5262;-7.7444;-11.1431;3.8794;3.3986
2022-08-29;2022-09-05;139;27;27;4.3156;7.0292;2.6264;9.368;-2.7136;-6.7416
2022-09-05;2022-09-12;138;27;27;7.2527;5.0438;3.8389;5.7712;2.2089;-1.9323
2022-09-12;2022-09-19;139;27;27;-17.5833;-14.5649;-18.5065;-16.0695;-3.0184;-2.437
2022-09-19;2022-09-26;140;28;28;5.9751;0.8492;2.7165;0.7292;5.1259;1.9873
2022-09-26;2022-10-03;142;28;28;-2.1185;-1.2713;-3.4176;-2.0454;-0.8472;-1.3722
2022-10-03;2022-10-10;144;28;28;2.8171;4.9427;0.8327;3.6892;-2.1256;-2.8565
2022-10-10;2022-10-17;144;28;28;-2.9082;-7.3984;-6.114;-6.4328;4.4902;0.3188
2022-10-17;2022-10-24;147;29;29;-0.6572;-2.0169;-0.8699;-1.596;1.3596;0.7261
2022-10-24;2022-10-31;147;29;29;6.3496;7.6927;3.4152;8.0326;-1.343;-4.6174
2022-10-31;2022-11-07;147;29;29;9.1356;1.8725;2.3289;0.1803;7.2631;2.1486
2022-11-07;2022-11-14;147;29;29;-26.7647;-32.14;-29.6666;-27.9545;5.3752;-1.712
2022-11-14;2022-11-21;149;29;29;-3.246;3.4977;-2.6677;-1.0954;-6.7437;-1.5723
2022-11-21;2022-11-28;149;29;29;4.1601;8.4973;3.8686;6.153;-4.3373;-2.2844
2022-11-28;2022-12-05;150;30;30;3.877;1.8958;2.9373;1.4144;1.9813;1.5229
2022-12-05;2022-12-12;147;29;29;-5.3334;-4.7377;-5.2632;-3.2521;-0.5957;-2.011
2022-12-12;2022-12-19;147;29;29;-10.364;-11.0354;-10.9615;-11.0613;0.6714;0.0998
2022-12-19;2022-12-26;146;29;29;-0.314;-1.19;-0.603;-0.9283;0.8761;0.3253
2022-12-26;2023-01-02;146;29;29;-2.9601;-2.2232;-1.4787;-1.5942;-0.737;0.1155
2023-01-02;2023-01-09;146;29;29;9.6915;18.4203;6.2236;14.3255;-8.7288;-8.1019
2023-01-09;2023-01-16;146;29;29;34.3623;20.2452;27.729;20.5267;14.1171;7.2023
2023-01-16;2023-01-23;146;29;29;11.1388;3.9379;7.6671;3.433;7.2009;4.234
2023-01-23;2023-01-30;146;29;29;8.5041;11.1391;3.4256;8.8737;-2.635;-5.4482
2023-01-30;2023-02-06;146;29;29;3.029;2.6943;-1.3498;-0.5628;0.3347;-0.7871
2023-02-06;2023-02-13;146;29;29;-3.3309;-2.1272;-7.1845;-5.3431;-1.2036;-1.8414
2023-02-13;2023-02-20;148;29;29;7.8123;13.1957;4.4651;11.5219;-5.3834;-7.0568
2023-02-20;2023-02-27;149;29;29;-6.2738;-5.9068;-7.7217;-5.8246;-0.367;-1.8971
2023-02-27;2023-03-06;153;30;30;-11.9078;-13.2159;-15.2284;-12.5499;1.3081;-2.6785
2023-03-06;2023-03-13;154;30;30;-7.0132;-6.2784;-5.6313;-7.3498;-0.7348;1.7186
2023-03-13;2023-03-20;160;32;32;12.9495;17.9258;9.4139;16.886;-4.9762;-7.4721
2023-03-20;2023-03-27;164;32;32;-10.3987;-4.6726;-12.4006;-4.6931;-5.726;-7.7076
2023-03-27;2023-04-03;166;33;33;-1.118;-0.4973;-0.2346;-0.5367;-0.6207;0.302
2023-04-03;2023-04-10;168;33;33;3.9674;0.3028;2.16;-0.5135;3.6646;2.6735
2023-04-10;2023-04-17;167;33;33;12.0183;10.5087;7.8014;10.3724;1.5096;-2.571
2023-04-17;2023-04-24;169;33;33;-17.6416;-12.6962;-18.2864;-13.3895;-4.9454;-4.8969
2023-04-24;2023-05-01;173;34;34;0.8494;0.8094;-0.1102;0.1639;0.04;-0.2741
2023-05-01;2023-05-08;175;35;35;-5.7776;-7.3329;-7.0456;-6.2696;1.5553;-0.776
2023-05-08;2023-05-15;176;35;35;-8.5065;-9.3256;-9.5432;-8.4402;0.8191;-1.103
2023-05-15;2023-05-22;176;35;35;1.1911;4.3611;-0.4869;1.6495;-3.1699;-2.1363
2023-05-22;2023-05-29;178;35;35;7.8659;4.0327;4.432;3.1601;3.8331;1.2719
2023-05-29;2023-06-05;182;36;36;-3.3939;-0.2687;-3.2199;-2.312;-3.1252;-0.908
2023-06-05;2023-06-12;184;36;36;-24.4323;-26.4246;-26.4018;-26.6204;1.9923;0.2186
2023-06-12;2023-06-19;183;36;36;1.726;3.5937;0.1615;3.4536;-1.8677;-3.2921
2023-06-19;2023-06-26;184;36;36;13.0492;18.6315;12.0338;17.2554;-5.5823;-5.2216
2023-06-26;2023-07-03;185;37;37;4.3668;-1.1378;-1.2466;-1.2398;5.5046;-0.0068
2023-07-03;2023-07-10;185;37;37;-7.3188;-4.3419;-8.6331;-5.6821;-2.9769;-2.9511
2023-07-10;2023-07-17;185;37;37;1.9439;4.0985;0.4385;3.1065;-2.1546;-2.668
2023-07-17;2023-07-24;186;37;37;0.3665;1.1017;0.5719;-0.3043;-0.7352;0.8762
2023-07-24;2023-07-31;188;37;37;-3.02;-3.1968;-5.3971;-3.5419;0.1768;-1.8552
2023-07-31;2023-08-07;189;37;37;-3.2611;-0.7743;-3.445;-1.7016;-2.4868;-1.7434
2023-08-07;2023-08-14;189;37;37;2.8596;1.4853;2.1671;0.2084;1.3743;1.9588
2023-08-14;2023-08-21;190;38;38;-15.1014;-14.2714;-18.0789;-14.2231;-0.8301;-3.8557
2023-08-21;2023-08-28;193;38;38;-2.0098;-1.744;-1.406;-3.1605;-0.2658;1.7546
2023-08-28;2023-09-04;195;39;39;1.3827;-0.0685;-1.8828;-2.7851;1.4512;0.9022
2023-09-04;2023-09-11;197;39;39;0.0081;-1.6956;-3.3327;-1.834;1.7037;-1.4987
2023-09-11;2023-09-18;199;39;39;0.3251;0.4487;-2.3591;0.468;-0.1236;-2.8271
2023-09-18;2023-09-25;198;39;39;1.5206;0.7811;-0.9227;0.3212;0.7395;-1.2439
2023-09-25;2023-10-02;197;39;39;10.5945;12.0627;7.3796;9.2567;-1.4682;-1.877
2023-10-02;2023-10-09;197;39;39;-9.9459;-4.8432;-9.7438;-4.7977;-5.1027;-4.9461
2023-10-09;2023-10-16;199;39;39;-2.3802;-4.6468;-3.9113;-4.8355;2.2666;0.9242
2023-10-16;2023-10-23;201;40;40;2.864;2.8142;1.7542;2.3461;0.0498;-0.5919
2023-10-23;2023-10-30;203;40;40;18.6093;18.8689;12.9955;16.7217;-0.2596;-3.7262
2023-10-30;2023-11-06;204;40;40;8.2351;5.6769;3.0031;5.8649;2.5582;-2.8618
2023-11-06;2023-11-13;209;41;41;10.2668;15.2021;10.1654;9.8668;-4.9353;0.2986
2023-11-13;2023-11-20;213;42;42;-5.6057;0.1078;-5.8791;-2.9016;-5.7135;-2.9775
2023-11-20;2023-11-27;218;43;43;1.9119;5.6936;-0.7174;1.3918;-3.7817;-2.1092
2023-11-27;2023-12-04;224;44;44;4.5031;9.1619;-1.6079;3.8588;-4.6588;-5.4668
2023-12-04;2023-12-11;228;45;45;13.322;8.3134;9.5806;8.4307;5.0086;1.1498
2023-12-11;2023-12-18;230;46;46;-3.7322;-4.1638;-5.4439;-7.246;0.4316;1.8021
2023-12-18;2023-12-25;236;47;47;10.2457;12.6401;8.6287;6.2745;-2.3944;2.3542
2023-12-25;2024-01-01;236;47;47;-1.4098;0.7281;-3.3795;-1.204;-2.1379;-2.1755
2024-01-01;2024-01-08;238;47;47;-10.4393;-13.4606;-15.3245;-15.8964;3.0214;0.5718
2024-01-08;2024-01-15;241;48;48;7.1901;7.4985;4.3418;5.3028;-0.3084;-0.9611
2024-01-15;2024-01-22;242;48;48;-2.913;-1.883;-5.4839;-0.405;-1.03;-5.0789
2024-01-22;2024-01-29;243;48;48;-3.3292;-1.5047;-5.5265;-1.9526;-1.8245;-3.5739
2024-01-29;2024-02-05;245;49;49;-1.2447;-3.1414;-0.5797;-4.1404;1.8966;3.5606
2024-02-05;2024-02-12;245;49;49;6.985;12.4708;7.961;9.482;-5.4858;-1.521
2024-02-12;2024-02-19;247;49;49;17.3104;13.9178;12.7639;9.7262;3.3926;3.0377
2024-02-19;2024-02-26;249;49;49;6.8396;-0.8741;1.5013;-0.6567;7.7137;2.1579
2024-02-26;2024-03-04;252;50;50;25.3219;21.999;13.6368;9.9372;3.3229;3.6996
2024-03-04;2024-03-11;255;51;51;15.2017;12.9653;8.9017;7.4724;2.2365;1.4293
2024-03-11;2024-03-18;257;51;51;-1.2155;-4.8049;-8.7531;-6.9337;3.5894;-1.8194
2024-03-18;2024-03-25;259;51;51;-2.5784;5.6976;-3.5513;-1.0318;-8.276;-2.5195
2024-03-25;2024-04-01;263;52;52;9.1516;8.4005;3.185;4.4823;0.7511;-1.2973
2024-04-01;2024-04-08;263;52;52;-5.3491;-7.3163;-9.5996;-8.984;1.9672;-0.6157
2024-04-08;2024-04-15;267;53;53;-20.8766;-25.837;-26.039;-27.1056;4.9604;1.0666
2024-04-15;2024-04-22;265;53;53;1.9221;6.7447;0.0;5.4688;-4.8226;-5.4688
2024-04-22;2024-04-29;263;52;52;-4.2992;-3.4181;-8.0807;-5.0672;-0.8812;-3.0135
2024-04-29;2024-05-06;266;53;53;0.6736;3.496;-0.2402;0.7223;-2.8224;-0.9625
2024-05-06;2024-05-13;267;53;53;-3.0518;-8.5462;-6.2127;-8.4789;5.4944;2.2662
2024-05-13;2024-05-20;268;53;53;-1.6659;-0.2929;-3.3104;-1.6242;-1.373;-1.6862
2024-05-20;2024-05-27;269;53;53;11.1191;11.0884;5.9159;6.1408;0.0308;-0.2249
2024-05-27;2024-06-03;269;53;53;1.4344;0.1104;-3.0515;-0.1553;1.3241;-2.8961
2024-06-03;2024-06-10;260;52;52;-7.868;-5.6166;-11.6153;-7.6549;-2.2514;-3.9604
2024-06-10;2024-06-17;261;52;52;-10.4101;-11.3204;-10.7285;-12.493;0.9104;1.7645
2024-06-17;2024-06-24;261;52;52;-13.9959;-18.9449;-12.8777;-20.3123;4.9489;7.4346
2024-06-24;2024-07-01;262;52;52;3.4578;3.6739;2.0444;2.8882;-0.216;-0.8438
2024-07-01;2024-07-08;262;52;52;-17.679;-19.9985;-18.5399;-21.8542;2.3195;3.3143
2024-07-08;2024-07-15;264;52;52;11.9375;12.5547;10.4259;11.5339;-0.6172;-1.108
2024-07-15;2024-07-22;264;52;52;12.9889;18.1186;10.3831;12.7993;-5.1297;-2.4162
2024-07-22;2024-07-29;264;52;52;-10.4495;-5.6013;-12.1722;-7.6245;-4.8482;-4.5477
2024-07-29;2024-08-05;263;52;52;-20.0838;-25.1728;-23.4643;-24.7929;5.089;1.3286
2024-08-05;2024-08-12;262;52;52;1.0156;0.5327;-0.7007;-2.4808;0.483;1.7801
2024-08-12;2024-08-19;262;52;52;0.1617;6.3728;0.0853;4.7468;-6.2111;-4.6614
2024-08-19;2024-08-26;263;52;52;13.1464;15.5702;13.3215;13.8111;-2.4238;-0.4896
2024-08-26;2024-09-02;263;52;52;-22.8834;-14.661;-22.7701;-15.4695;-8.2224;-7.3006
2024-09-02;2024-09-09;263;52;52;1.3935;5.9703;-0.6746;5.0213;-4.5768;-5.6959
2024-09-09;2024-09-16;269;53;53;4.5077;6.1589;0.8;5.5422;-1.6512;-4.7422
2024-09-16;2024-09-23;274;54;54;11.4819;9.7037;8.9587;8.0276;1.7781;0.9311
2024-09-23;2024-09-30;276;55;55;12.9171;9.9193;11.0472;9.4925;2.9978;1.5548
2024-09-30;2024-10-07;281;56;56;-8.9021;-9.4599;-12.0252;-9.0476;0.5578;-2.9776
2024-10-07;2024-10-14;285;57;57;4.2645;1.3515;0.0804;0.7762;2.913;-0.6958
2024-10-14;2024-10-21;290;58;58;5.9711;8.157;4.1399;7.1734;-2.1859;-3.0335
2024-10-21;2024-10-28;294;58;58;-11.665;-11.5698;-13.5732;-12.9383;-0.0952;-0.6348
2024-10-28;2024-11-04;296;59;59;-9.1276;-10.6142;-8.3832;-12.7168;1.4866;4.3336
2024-11-04;2024-11-11;296;59;59;25.0501;32.3909;23.1053;29.0418;-7.3408;-5.9365
2024-11-11;2024-11-18;298;59;59;2.4766;6.5379;-2.9856;0.0;-4.0613;-2.9856
2024-11-18;2024-11-25;301;60;60;20.4039;16.8184;14.4337;15.4132;3.5855;-0.9795
2024-11-25;2024-12-02;303;60;60;13.8034;6.4655;11.2268;6.1765;7.3379;5.0503
2024-12-02;2024-12-09;311;62;62;16.1868;15.5258;13.6448;13.0846;0.661;0.5602
2024-12-09;2024-12-16;316;63;63;-12.8035;-10.2682;-15.4951;-12.9215;-2.5353;-2.5735
2024-12-16;2024-12-23;320;64;64;-19.0861;-25.1709;-21.8748;-26.7927;6.0849;4.9178
2024-12-23;2024-12-30;321;64;64;3.532;1.9884;0.7263;1.4073;1.5436;-0.6811
2024-12-30;2025-01-06;328;65;65;7.7782;17.3473;6.5072;14.753;-9.5692;-8.2459
2025-01-06;2025-01-13;332;66;66;-19.1842;-15.4786;-18.9003;-17.1723;-3.7056;-1.7279
2025-01-13;2025-01-20;338;67;67;-5.8189;-6.2133;-8.2353;-10.6191;0.3945;2.3838
2025-01-20;2025-01-27;340;68;68;-5.1512;-6.4988;-4.4998;-5.9;1.3476;1.4003
2025-01-27;2025-02-03;346;69;69;-14.8798;-27.5548;-17.3047;-25.7806;12.6749;8.4758
2025-02-03;2025-02-10;348;69;69;-5.8435;-6.6771;-6.7031;-10.6004;0.8336;3.8973
2025-02-10;2025-02-17;354;70;70;7.2593;4.4023;2.7614;3.3779;2.8571;-0.6165
2025-02-17;2025-02-24;356;71;71;0.2419;-1.7419;-3.5788;-0.5199;1.9838;-3.0589
2025-02-24;2025-03-03;357;71;71;-0.5173;3.9535;-3.7591;0.0;-4.4708;-3.7591
2025-03-03;2025-03-10;360;72;72;-27.5689;-27.6483;-31.6094;-28.0671;0.0793;-3.5424
2025-03-10;2025-03-17;363;72;72;2.8279;4.3756;-0.2246;3.9173;-1.5477;-4.1419
2025-03-17;2025-03-24;364;72;72;8.2651;6.6258;4.4472;5.8022;1.6393;-1.355
2025-03-24;2025-03-31;364;72;72;-10.5742;-6.4778;-11.7082;-9.4266;-4.0964;-2.2816
2025-03-31;2025-04-07;365;73;73;-15.6064;-23.5054;-13.6338;-23.3921;7.8989;9.7582
2025-04-07;2025-04-14;368;73;73;5.3383;3.9273;5.2315;3.7344;1.411;1.4971
2025-04-14;2025-04-21;377;75;75;5.5645;13.0115;4.1409;5.8406;-7.447;-1.6997
2025-04-21;2025-04-28;383;76;76;12.8634;17.8528;7.8005;10.4657;-4.9894;-2.6652
2025-04-28;2025-05-05;386;77;77;4.4301;-3.0017;-7.7953;-3.4332;7.4318;-4.3621
2025-05-05;2025-05-12;389;77;77;15.3116;39.8167;14.511;30.8348;-24.5051;-16.3238
2025-05-12;2025-05-19;394;78;78;-4.1509;-5.1114;-7.8523;-5.2465;0.9605;-2.6058
2025-05-19;2025-05-26;398;79;79;-2.8328;-4.7897;-3.5198;-5.3272;1.9569;1.8075
2025-05-26;2025-06-02;406;81;81;-8.525;-12.5831;-10.2653;-11.7402;4.0581;1.4749
2025-06-02;2025-06-09;413;82;82;-2.7123;-4.413;-1.4751;-5.2101;1.7007;3.735
2025-06-09;2025-06-16;415;83;83;-2.7429;-7.7878;-4.4752;-8.392;5.0449;3.9167
2025-06-16;2025-06-23;419;83;83;-9.6169;-15.9149;-13.0536;-17.7102;6.298;4.6566
2025-06-23;2025-06-30;423;84;84;13.0512;16.4466;9.1424;17.1537;-3.3955;-8.0113
2025-06-30;2025-07-07;429;85;85;-1.3654;-5.8436;-4.676;-5.382;4.4781;0.706
2025-07-07;2025-07-14;431;86;86;14.661;15.8906;13.3336;15.0894;-1.2296;-1.7559
2025-07-14;2025-07-21;435;87;87;11.0132;6.3898;10.4246;6.1667;4.6234;4.2579
2025-07-21;2025-07-28;441;88;88;1.3766;4.1738;-4.8409;-0.3634;-2.7972;-4.4775
2025-07-28;2025-08-04;446;89;89;-13.5021;-12.9007;-17.3804;-15.614;-0.6014;-1.7664
2025-08-04;2025-08-11;452;90;90;26.4265;19.7963;10.6872;15.8547;6.6302;-5.1675
2025-08-11;2025-08-18;455;91;91;-7.8787;-3.3725;-9.1629;-3.8316;-4.5062;-5.3313
2025-08-18;2025-08-25;460;92;92;0.8835;-4.686;-0.9524;-4.695;5.5695;3.7426
2025-08-25;2025-09-01;464;92;92;-7.779;-5.6807;-7.7886;-7.4057;-2.0983;-0.3829
2025-09-01;2025-09-08;467;93;93;5.8878;3.4203;1.297;0.4887;2.4675;0.8083
2025-09-08;2025-09-15;471;94;94;13.1704;17.0596;5.1118;6.2654;-3.8892;-1.1536
2025-09-15;2025-09-22;477;95;95;-2.1048;-1.4893;-3.9837;-3.9914;-0.6155;0.0077
2025-09-22;2025-09-29;481;96;96;-4.1597;-12.947;-9.7022;-12.1491;8.7873;2.4469
2025-09-29;2025-10-06;486;97;97;1.6494;2.4094;0.0824;0.7227;-0.7601;-0.6403
2025-10-06;2025-10-13;486;97;97;-13.1369;-20.3194;-18.951;-24.2296;7.1826;5.2786
2025-10-13;2025-10-20;492;98;98;1.0505;-4.6857;-5.448;-6.607;5.7363;1.159
2025-10-20;2025-10-27;501;100;100;6.448;7.0703;1.8193;3.8934;-0.6223;-2.0741
2025-10-27;2025-11-03;507;101;101;-10.1359;-7.2495;-11.569;-10.4054;-2.8864;-1.1636
2025-11-03;2025-11-10;515;103;103;6.6216;-3.4289;-2.5004;-6.7819;10.0505;4.2815
2025-11-10;2025-11-17;522;104;104;-13.2661;-16.454;-15.5847;-16.9433;3.1879;1.3586
2025-11-17;2025-11-24;523;104;104;-11.2185;-15.5772;-10.3346;-15.7669;4.3588;5.4322
2025-11-24;2025-12-01;521;104;104;2.4888;7.0913;-2.5175;1.8027;-4.6026;-4.3202
2025-12-01;2025-12-08;524;104;104;-6.2036;-4.9435;-4.8067;-7.2569;-1.2601;2.4502
2025-12-08;2025-12-15;521;104;104;-0.5837;-5.1572;-5.5344;-8.29;4.5735;2.7556
2025-12-15;2025-12-22;506;101;101;-3.6252;-5.2233;-4.1791;-7.5411;1.598;3.3621
2025-12-22;2025-12-29;490;98;98;-0.3669;5.2396;0.0;3.5995;-5.6065;-3.5995
2025-12-29;2026-01-05;477;95;95;5.3046;7.4551;5.8511;7.6923;-2.1505;-1.8412
2026-01-05;2026-01-12;479;95;95;-3.6494;-1.1508;-7.2803;-2.6969;-2.4987;-4.5834
2026-01-12;2026-01-19;482;96;96;2.2922;-0.5538;-4.3861;-3.1747;2.846;-1.2114
2026-01-19;2026-01-26;479;95;95;-8.8873;-10.1631;-12.7546;-11.9122;1.2758;-0.8424
2026-01-26;2026-02-02;485;97;97;-11.3768;-14.6636;-15.3497;-18.0516;3.2869;2.7018
2026-02-02;2026-02-09;488;97;97;-7.6158;-7.7913;-6.2992;-9.4538;0.1755;3.1546
2026-02-09;2026-02-16;493;98;98;7.2368;6.2377;1.9551;3.3492;0.9991;-1.394
2026-02-16;2026-02-23;493;98;98;-4.8766;-4.1323;-7.202;-5.502;-0.7444;-1.7
2026-02-23;2026-03-02;487;97;97;-3.1321;-3.6135;-4.6651;-4.9423;0.4814;0.2771
2026-03-02;2026-03-09;498;99;99;-1.6646;1.1726;-4.7179;-1.4121;-2.8372;-3.3058
2026-03-09;2026-03-16;477;95;95;6.7728;8.7041;3.7536;7.684;-1.9314;-3.9303
2026-03-16;2026-03-23;476;95;95;-0.8912;-6.2096;-10.045;-7.3746;5.3183;-2.6704
2026-03-23;2026-03-30;481;96;96;-6.1679;-6.7976;-6.6802;-8.7772;0.6297;2.0969
2026-03-30;2026-04-06;477;95;95;3.954;3.0481;0.6353;1.801;0.9059;-1.1658
2026-04-06;2026-04-13;473;94;94;7.8397;29.7685;-1.7036;2.4209;-21.9287;-4.1245
2026-04-13;2026-04-20;468;93;93;3.1443;3.5751;2.2074;2.7682;-0.4309;-0.5607
2026-04-20;2026-04-27;492;98;98;5.3021;8.0466;4.5052;5.5369;-2.7446;-1.0316
2026-04-27;2026-05-04;504;100;100;5.3915;-0.18;-2.6577;-0.7956;5.5715;-1.8621
2026-05-04;2026-05-11;509;101;101;9.7158;11.0088;4.8238;11.1625;-1.293;-6.3386
2026-05-11;2026-05-18;520;104;104;-16.9996;-7.7887;-19.3574;-9.978;-9.2109;-9.3794
2026-05-18;2026-05-25;522;104;104;0.2006;2.1524;-1.2907;-1.5749;-1.9518;0.2842
2026-05-25;2026-06-01;520;104;104;0.468;-0.2779;-3.7372;-2.4676;0.7459;-1.2696
2026-06-01;2026-06-08;522;104;104;-5.8011;-13.2919;-15.2303;-17.3281;7.4907;2.0978
2026-06-08;2026-06-15;540;108;108;1.056;1.3723;0.9338;2.3704;-0.3163;-1.4366
2026-06-15;2026-06-22;535;107;107;-2.8926;2.3703;-4.3027;-2.2732;-5.2629;-2.0295
2026-06-22;2026-06-29;543;108;108;-2.5442;-5.5151;-7.8412;-8.1752;2.9709;0.334
2026-06-29;2026-07-06;544;108;108;0.4974;5.1952;1.7958;4.8254;-4.6977;-3.0296
2026-07-06;2026-07-13;522;104;104;-6.5448;-4.0828;-6.8726;-4.2778;-2.462;-2.5948
2026-07-13;2026-07-20;519;103;103;1.2294;5.9362;-4.1048;-2.5373;-4.7068;-1.5675
2026-07-20;2026-07-27;508;101;101;3.0855;0.5917;-0.8299;0.9169;2.4938;-1.7467
2026-07-27;2026-08-03;496;99;99;-5.5002;-3.0143;-7.308;-4.6619;-2.4859;-2.646
