rebalance_date;n_long;n_short;long_mean;short_mean;spread_gross;costs_long;costs_short;spread_net;funding_long_pct;funding_short_pct;spread_net_with_funding;funding_coverage_pct
2020-02-10;2;2;20.1105;-10.47;30.5806;0.2;0.2;30.1806;;;;0.0
2020-02-17;2;2;0.679;1.0516;-0.3727;0.2;0.2;-0.7727;;;;0.0
2020-02-24;2;2;-24.0342;-15.9762;-8.0579;0.2;0.2;-8.4579;;;;0.0
2020-03-02;3;3;-3.8135;-8.3966;4.5831;0.2;0.2;4.1831;;;;0.0
2020-03-09;4;4;-39.965;-34.2408;-5.7242;0.2;0.2;-6.1242;;;;0.0
2020-03-16;4;4;-4.5067;-0.6781;-3.8286;0.2;0.2;-4.2286;;;;0.0
2020-03-23;4;4;-1.2854;1.3402;-2.6256;0.2;0.2;-3.0256;;;;0.0
2020-03-30;4;4;12.9156;13.223;-0.3075;0.2;0.2;-0.7075;;;;0.0
2020-04-06;4;4;5.0471;5.238;-0.191;0.2;0.2;-0.591;;;;0.0
2020-04-13;4;4;5.7449;2.6758;3.0691;0.2;0.2;2.6691;;;;0.0
2020-04-20;4;4;7.8162;10.755;-2.9389;0.2;0.2;-3.3389;;;;0.0
2020-04-27;4;4;5.5484;4.1456;1.4028;0.2;0.2;1.0028;;;;0.0
2020-05-04;4;4;-9.8172;-7.32;-2.4972;0.2;0.2;-2.8972;;;;0.0
2020-05-11;4;4;4.5361;6.4748;-1.9388;0.2;0.2;-2.3388;;;;0.0
2020-05-18;4;4;-5.7408;-1.6262;-4.1145;0.2;0.2;-4.5145;;;;0.0
2020-05-25;4;4;20.5386;8.2652;12.2734;0.2;0.2;11.8734;;;;0.0
2020-06-01;4;4;11.8123;1.0076;10.8046;0.2;0.2;10.4047;;;;0.0
2020-06-08;4;4;-3.4098;-5.2832;1.8735;0.2;0.2;1.4735;;;;0.0
2020-06-15;4;4;0.907;-0.7192;1.6261;0.2;0.2;1.2261;;;;0.0
2020-06-22;5;5;3.1795;-3.1326;6.3121;0.2;0.2;5.9121;;;;0.0
2020-06-29;5;5;4.343;2.2656;2.0774;0.2;0.2;1.6774;;;;0.0
2020-07-06;5;5;18.6714;17.6309;1.0405;0.2;0.2;0.6405;;;;0.0
2020-07-13;5;5;8.7978;-0.77;9.5678;0.2;0.2;9.1678;;;;0.0
2020-07-20;6;6;-6.1168;3.5981;-9.7149;0.2;0.2;-10.1149;;;;0.0
2020-07-27;6;6;11.5464;-0.9356;12.482;0.2;0.2;12.082;;;;0.0
2020-08-03;6;6;5.7405;26.5088;-20.7682;0.2;0.2;-21.1682;;;;0.0
2020-08-10;6;6;23.8844;10.5278;13.3566;0.2;0.2;12.9566;;;;0.0
2020-08-17;7;7;14.5929;-4.7972;19.39;0.2;0.2;18.99;;;;0.0
2020-08-24;7;7;-6.7706;5.9246;-12.6951;0.2;0.2;-13.0951;;;;0.0
2020-08-31;7;7;-16.742;-27.6573;10.9153;0.2;0.2;10.5153;;;;0.0
2020-09-07;8;8;7.7292;5.4914;2.2379;0.2;0.2;1.8379;;;;0.0
2020-09-14;8;8;-8.5848;-12.8662;4.2814;0.2;0.2;3.8814;;;;0.0
2020-09-21;9;9;2.1331;0.2617;1.8714;0.2;0.2;1.4714;;;;0.0
2020-09-28;10;10;-8.7093;-14.2982;5.5889;0.2;0.2;5.1889;;;;0.0
2020-10-05;10;10;3.9049;-1.6251;5.5299;0.2;0.2;5.1299;;;;0.0
2020-10-12;11;11;-6.8136;-6.4955;-0.3181;0.2;0.2;-0.7181;;;;0.0
2020-10-19;12;12;2.7963;-7.1615;9.9578;0.2;0.2;9.5578;;;;0.0
2020-10-26;12;12;-5.9903;-12.7229;6.7326;0.2;0.2;6.3326;;;;0.0
2020-11-02;12;12;6.4585;23.14;-16.6814;0.2;0.2;-17.0814;;;;0.0
2020-11-09;13;13;9.5117;-0.0981;9.6098;0.2;0.2;9.2098;;;;0.0
2020-11-16;14;14;19.6451;16.287;3.3581;0.2;0.2;2.9581;;;;0.0
2020-11-23;14;14;0.691;-3.1299;3.8209;0.2;0.2;3.4209;;;;0.0
2020-11-30;14;14;4.6795;7.4816;-2.8021;0.2;0.2;-3.2021;;;;0.0
2020-12-07;14;14;-1.491;-4.8388;3.3477;0.2;0.2;2.9477;;;;0.0
2020-12-14;15;15;8.2057;3.1926;5.0131;0.2;0.2;4.6131;;;;0.0
2020-12-21;15;15;9.0217;-13.391;22.4127;0.2;0.2;22.0127;;;;0.0
2020-12-28;15;15;27.7579;12.8248;14.9331;0.2;0.2;14.5331;;;;0.0
2021-01-04;15;15;16.4018;37.2537;-20.8519;0.2;0.2;-21.2519;;;;0.0
2021-01-11;15;15;20.9592;20.0565;0.9027;0.2;0.2;0.5027;;;;0.0
2021-01-18;16;16;10.6206;-1.229;11.8496;0.2;0.2;11.4496;;;;0.0
2021-01-25;16;16;28.081;-0.1664;28.2475;0.2;0.2;27.8475;;;;0.0
2021-02-01;16;16;34.0221;23.647;10.3751;0.2;0.2;9.9751;;;;0.0
2021-02-08;16;16;35.6196;42.8074;-7.1878;0.2;0.2;-7.5878;;;;0.0
2021-02-15;17;17;13.4608;8.4937;4.9671;0.2;0.2;4.5671;;;;0.0
2021-02-22;17;17;-12.4978;-20.8046;8.3067;0.2;0.2;7.9067;;;;0.0
2021-03-01;17;17;29.7971;26.4233;3.3739;0.2;0.2;2.9739;;;;0.0
2021-03-08;17;17;61.4361;13.2973;48.1388;0.2;0.2;47.7388;;;;0.0
2021-03-15;18;18;8.0116;7.2161;0.7956;0.2;0.2;0.3956;;;;0.0
2021-03-22;18;18;5.2174;1.0639;4.1535;0.2;0.2;3.7535;;;;0.0
2021-03-29;18;18;9.8667;15.5402;-5.6735;0.2;0.2;-6.0735;;;;0.0
2021-04-05;19;19;10.2051;0.3223;9.8828;0.2;0.2;9.4828;;;;0.0
2021-04-12;20;20;23.2183;-4.551;27.7693;0.2;0.2;27.3693;;;;0.0
2021-04-19;20;20;-21.3119;-21.126;-0.1858;0.2;0.2;-0.5858;;;;0.0
2021-04-26;21;21;32.0343;37.5315;-5.4972;0.2;0.2;-5.8972;;;;0.0
2021-05-03;21;21;18.5383;9.013;9.5252;0.2;0.2;9.1252;;;;0.0
2021-05-10;21;21;-14.6665;-15.5504;0.8839;0.2;0.2;0.4839;;;;0.0
2021-05-17;22;22;-51.0992;-49.8273;-1.2719;0.2;0.2;-1.6719;;;;0.0
2021-05-24;22;22;11.2552;28.4763;-17.2211;0.2;0.2;-17.6211;;;;0.0
2021-05-31;22;22;-2.9409;8.9717;-11.9126;0.2;0.2;-12.3126;;;;0.0
2021-06-07;22;22;-11.9465;-12.7246;0.7781;0.2;0.2;0.3781;;;;0.0
2021-06-14;22;22;-8.0527;-4.5678;-3.4849;0.2;0.2;-3.8849;;;;0.0
2021-06-21;22;22;-17.4804;-17.7952;0.3148;0.2;0.2;-0.0852;;;;0.0
2021-06-28;22;22;15.1431;15.5139;-0.3708;0.2;0.2;-0.7708;;;;0.0
2021-07-05;22;22;13.4733;-1.1047;14.578;0.2;0.2;14.178;;;;0.0
2021-07-12;23;23;-12.4203;-10.9292;-1.4911;0.2;0.2;-1.8911;;;;0.0
2021-07-19;23;23;16.7868;14.4372;2.3496;0.2;0.2;1.9496;;;;0.0
2021-07-26;23;23;2.904;18.9082;-16.0042;0.2;0.2;-16.4042;;;;0.0
2021-08-02;23;23;8.5906;10.5216;-1.931;0.2;0.2;-2.331;;;;0.0
2021-08-09;23;23;30.8118;24.8591;5.9527;0.2;0.2;5.5527;;;;0.0
2021-08-16;23;23;8.5859;4.6177;3.9682;0.2;0.2;3.5682;;;;0.0
2021-08-23;23;23;1.6605;-1.7332;3.3937;0.2;0.2;2.9937;;;;0.0
2021-08-30;23;23;8.1822;21.7486;-13.5664;0.2;0.2;-13.9664;;;;0.0
2021-09-06;23;23;0.6977;-12.383;13.0808;0.2;0.2;12.6808;;;;0.0
2021-09-13;24;24;-3.4523;-3.1944;-0.258;0.2;0.2;-0.658;;;;0.0
2021-09-20;24;24;-9.3845;-12.8775;3.493;0.2;0.2;3.093;;;;0.0
2021-09-27;24;24;16.2615;20.4203;-4.1588;0.2;0.2;-4.5588;;;;0.0
2021-10-04;24;24;-6.714;-0.3897;-6.3242;0.2;0.2;-6.7242;;;;0.0
2021-10-11;25;25;-1.3483;3.4925;-4.8408;0.2;0.2;-5.2408;;;;0.0
2021-10-18;25;25;-0.4667;1.8971;-2.3638;0.2;0.2;-2.7638;;;;0.0
2021-10-25;25;25;10.0965;7.4319;2.6646;0.2;0.2;2.2646;;;;0.0
2021-11-01;25;25;15.4085;5.5568;9.8517;0.2;0.2;9.4517;;;;0.0
2021-11-08;26;26;7.1303;0.1844;6.9459;0.2;0.2;6.5459;;;;0.0
2021-11-15;26;26;-9.2446;-4.9574;-4.2873;0.2;0.2;-4.6873;;;;0.0
2021-11-22;26;26;6.0983;3.1291;2.9692;0.2;0.2;2.5691;;;;0.0
2021-11-29;26;26;-27.3029;-23.3397;-3.9632;0.2;0.2;-4.3632;;;;0.0
2021-12-06;26;26;1.4778;0.0837;1.3941;0.2;0.2;0.9941;;;;0.0
2021-12-13;26;26;-8.828;-1.9701;-6.8579;0.2;0.2;-7.2579;;;;0.0
2021-12-20;26;26;13.7283;24.9789;-11.2506;0.2;0.2;-11.6506;;;;0.0
2021-12-27;26;26;-5.0327;-1.1206;-3.9121;0.2;0.2;-4.3121;;;;0.0
2022-01-03;26;26;-11.7281;-18.7392;7.0111;0.2;0.2;6.6111;;;;0.0
2022-01-10;26;26;5.6922;4.6341;1.0581;0.2;0.2;0.6581;;;;0.0
2022-01-17;27;27;-30.4738;-32.0455;1.5717;0.2;0.2;1.1717;;;;0.0
2022-01-24;27;27;-0.2465;6.1365;-6.383;0.2;0.2;-6.783;;;;0.0
2022-01-31;27;27;13.9529;16.3536;-2.4008;0.2;0.2;-2.8008;;;;0.0
2022-02-07;27;27;-10.1676;-10.0843;-0.0833;0.2;0.2;-0.4833;;;;0.0
2022-02-14;27;27;-8.662;-10.1877;1.5258;0.2;0.2;1.1258;;;;0.0
2022-02-21;27;27;-2.1569;-2.8468;0.6899;0.2;0.2;0.2899;;;;0.0
2022-02-28;17;17;-1.7556;-0.7198;-1.0358;0.2;0.2;-1.4358;;;;0.0
2022-03-07;17;17;-1.7144;-3.2179;1.5035;0.2;0.2;1.1035;;;;0.0
2022-03-14;27;27;20.7312;13.123;7.6082;0.2;0.2;7.2082;;;;0.0
2022-03-21;27;27;12.5016;17.7709;-5.2693;0.2;0.2;-5.6693;;;;0.0
2022-03-28;27;27;14.0507;12.8828;1.1679;0.2;0.2;0.7679;;;;0.0
2022-04-04;27;27;-25.874;-15.1317;-10.7423;0.2;0.2;-11.1423;;;;0.0
2022-04-11;27;28;-6.4463;-8.1359;1.6896;0.2;0.2;1.2896;;;;0.0
2022-04-18;27;27;2.092;1.3466;0.7454;0.2;0.2;0.3454;;;;0.0
2022-04-25;27;27;-11.0141;-15.6153;4.6012;0.2;0.2;4.2012;;;;0.0
2022-05-02;28;28;-12.8119;-8.3357;-4.4762;0.2;0.2;-4.8762;;;;0.0
2022-05-09;28;28;-29.971;-28.1169;-1.8541;0.2;0.2;-2.2541;;;;0.0
2022-05-16;28;28;-5.586;5.6415;-11.2275;0.2;0.2;-11.6275;;;;0.0
2022-05-23;28;28;-1.0611;-11.1504;10.0893;0.2;0.2;9.6893;;;;0.0
2022-05-30;28;28;-1.3537;3.6469;-5.0006;0.2;0.2;-5.4006;;;;0.0
2022-06-06;28;28;-17.5298;-13.1021;-4.4277;0.2;0.2;-4.8277;;;;0.0
2022-06-13;28;28;-5.3154;-4.374;-0.9414;0.2;0.2;-1.3414;;;;0.0
2022-06-20;28;28;10.4426;12.043;-1.6004;0.2;0.2;-2.0004;;;;0.0
2022-06-27;28;28;-11.4474;-4.3851;-7.0624;0.2;0.2;-7.4624;;;;0.0
2022-07-04;27;27;6.5302;8.6656;-2.1354;0.2;0.2;-2.5354;;;;0.0
2022-07-11;27;27;4.8356;0.6252;4.2104;0.2;0.2;3.8104;;;;0.0
2022-07-18;27;27;8.7086;6.8454;1.8631;0.2;0.2;1.4631;;;;0.0
2022-07-25;27;27;11.7099;10.8289;0.8809;0.2;0.2;0.4809;;;;0.0
2022-08-01;27;27;3.6921;4.9466;-1.2546;0.2;0.2;-1.6546;;;;0.0
2022-08-08;27;27;-1.1081;1.4092;-2.5173;0.2;0.2;-2.9173;;;;0.0
2022-08-15;27;27;-14.9824;-17.6137;2.6313;0.2;0.2;2.2313;;;;0.0
2022-08-22;27;27;-7.6468;-11.5262;3.8794;0.2;0.2;3.4794;;;;0.0
2022-08-29;27;27;4.3156;7.0292;-2.7136;0.2;0.2;-3.1136;;;;0.0
2022-09-05;27;27;7.2527;5.0438;2.2089;0.2;0.2;1.8089;;;;0.0
2022-09-12;27;27;-17.5833;-14.5649;-3.0184;0.2;0.2;-3.4184;;;;0.0
2022-09-19;28;28;5.9751;0.8492;5.1259;0.2;0.2;4.7259;;;;0.0
2022-09-26;28;28;-2.1185;-1.2713;-0.8472;0.2;0.2;-1.2472;;;;0.0
2022-10-03;28;28;2.8171;4.9428;-2.1256;0.2;0.2;-2.5256;;;;0.0
2022-10-10;28;28;-2.9082;-7.3984;4.4902;0.2;0.2;4.0902;;;;0.0
2022-10-17;29;29;-0.6572;-2.0169;1.3596;0.2;0.2;0.9596;;;;0.0
2022-10-24;29;29;6.3496;7.6927;-1.343;0.2;0.2;-1.743;;;;0.0
2022-10-31;29;29;9.1356;1.8725;7.2631;0.2;0.2;6.8631;;;;0.0
2022-11-07;29;29;-26.7647;-32.14;5.3752;0.2;0.2;4.9752;;;;0.0
2022-11-14;29;29;-3.246;3.4977;-6.7437;0.2;0.2;-7.1437;;;;0.0
2022-11-21;29;29;4.1601;8.4973;-4.3373;0.2;0.2;-4.7373;;;;0.0
2022-11-28;30;30;3.877;1.8957;1.9813;0.2;0.2;1.5813;;;;0.0
2022-12-05;29;29;-5.3334;-4.7377;-0.5958;0.2;0.2;-0.9958;;;;0.0
2022-12-12;29;29;-10.364;-11.0354;0.6714;0.2;0.2;0.2714;;;;0.0
2022-12-19;29;29;-0.314;-1.19;0.8761;0.2;0.2;0.4761;;;;0.0
2022-12-26;29;29;-2.9602;-2.2232;-0.737;0.2;0.2;-1.137;;;;0.0
2023-01-02;29;29;9.6915;18.4203;-8.7288;0.2;0.2;-9.1288;;;;0.0
2023-01-09;29;29;34.3623;20.2452;14.1171;0.2;0.2;13.7171;;;;0.0
2023-01-16;29;29;11.1388;3.9379;7.2009;0.2;0.2;6.8009;;;;0.0
2023-01-23;29;29;8.5041;11.1391;-2.635;0.2;0.2;-3.035;;;;0.0
2023-01-30;29;29;3.029;2.6943;0.3347;0.2;0.2;-0.0653;;;;0.0
2023-02-06;29;29;-3.3308;-2.1272;-1.2036;0.2;0.2;-1.6036;;;;0.0
2023-02-13;29;29;7.8123;13.1957;-5.3834;0.2;0.2;-5.7834;;;;0.0
2023-02-20;29;29;-6.2738;-5.9068;-0.367;0.2;0.2;-0.767;;;;0.0
2023-02-27;30;30;-11.9078;-13.2159;1.3081;0.2;0.2;0.9081;;;;0.0
2023-03-06;30;30;-7.0132;-6.2784;-0.7348;0.2;0.2;-1.1348;;;;0.0
2023-03-13;32;32;12.9495;17.9258;-4.9762;0.2;0.2;-5.3762;;;;0.0
2023-03-20;32;32;-10.3987;-4.6726;-5.726;0.2;0.2;-6.126;;;;0.0
2023-03-27;33;33;-1.118;-0.4973;-0.6207;0.2;0.2;-1.0207;;;;0.0
2023-04-03;33;33;3.9674;0.3028;3.6646;0.2;0.2;3.2646;;;;0.0
2023-04-10;33;33;12.0183;10.5086;1.5097;0.2;0.2;1.1097;;;;0.0
2023-04-17;33;33;-17.6416;-12.6962;-4.9454;0.2;0.2;-5.3454;;;;0.0
2023-04-24;34;34;0.8494;0.8094;0.04;0.2;0.2;-0.36;;;;0.0
2023-05-01;35;35;-5.7776;-7.3329;1.5553;0.2;0.2;1.1553;;;;0.0
2023-05-08;35;35;-8.5066;-9.3256;0.8191;0.2;0.2;0.4191;;;;0.0
2023-05-15;35;35;1.1911;4.3611;-3.1699;0.2;0.2;-3.5699;;;;0.0
2023-05-22;35;35;7.8659;4.0327;3.8332;0.2;0.2;3.4332;;;;0.0
2023-05-29;36;36;-3.3939;-0.2687;-3.1252;0.2;0.2;-3.5252;;;;0.0
2023-06-05;36;36;-24.4323;-26.4246;1.9923;0.2;0.2;1.5923;;;;0.0
2023-06-12;36;36;1.726;3.5937;-1.8677;0.2;0.2;-2.2677;;;;0.0
2023-06-19;36;36;13.0492;18.6315;-5.5823;0.2;0.2;-5.9823;;;;0.0
2023-06-26;37;37;4.3668;-1.1378;5.5046;0.2;0.2;5.1046;;;;0.0
2023-07-03;37;37;-7.3188;-4.3419;-2.9769;0.2;0.2;-3.3769;;;;0.0
2023-07-10;37;37;1.9439;4.0985;-2.1546;0.2;0.2;-2.5546;;;;0.0
2023-07-17;37;37;0.3665;1.1017;-0.7352;0.2;0.2;-1.1352;;;;0.0
2023-07-24;37;37;-3.02;-3.1968;0.1768;0.2;0.2;-0.2232;;;;0.0
2023-07-31;37;37;-3.2611;-0.7743;-2.4868;0.2;0.2;-2.8868;;;;0.0
2023-08-07;37;37;2.8596;1.4853;1.3743;0.2;0.2;0.9743;;;;0.0
2023-08-14;38;38;-15.1014;-14.2714;-0.8301;0.2;0.2;-1.2301;;;;0.0
2023-08-21;38;38;-2.0097;-1.744;-0.2658;0.2;0.2;-0.6658;;;;0.0
2023-08-28;39;39;1.3827;-0.0685;1.4512;0.2;0.2;1.0512;;;;0.0
2023-09-04;39;39;0.0081;-1.6955;1.7037;0.2;0.2;1.3037;;;;0.0
2023-09-11;39;39;0.3251;0.4487;-0.1236;0.2;0.2;-0.5236;;;;0.0
2023-09-18;39;39;1.5206;0.7811;0.7395;0.2;0.2;0.3395;;;;0.0
2023-09-25;39;39;10.5945;12.0627;-1.4682;0.2;0.2;-1.8682;;;;0.0
2023-10-02;39;39;-9.9459;-4.8432;-5.1027;0.2;0.2;-5.5027;;;;0.0
2023-10-09;39;39;-2.3802;-4.6468;2.2666;0.2;0.2;1.8666;;;;0.0
2023-10-16;40;40;2.864;2.8142;0.0498;0.2;0.2;-0.3502;;;;0.0
2023-10-23;40;40;18.6093;18.8689;-0.2596;0.2;0.2;-0.6596;;;;0.0
2023-10-30;40;40;8.2351;5.6769;2.5582;0.2;0.2;2.1582;;;;0.0
2023-11-06;41;41;10.2668;15.2021;-4.9353;0.2;0.2;-5.3353;;;;0.0
2023-11-13;42;42;-5.6057;0.1078;-5.7135;0.2;0.2;-6.1135;;;;0.0
2023-11-20;43;43;1.9119;5.6936;-3.7817;0.2;0.2;-4.1817;;;;0.0
2023-11-27;44;44;4.5031;9.1619;-4.6588;0.2;0.2;-5.0588;;;;0.0
2023-12-04;45;45;13.322;8.3134;5.0086;0.2;0.2;4.6086;;;;0.0
2023-12-11;46;46;-3.7322;-4.1638;0.4316;0.2;0.2;0.0316;;;;0.0
2023-12-18;47;47;10.2457;12.6401;-2.3944;0.2;0.2;-2.7944;;;;0.0
2023-12-25;47;47;-1.4098;0.7281;-2.1379;0.2;0.2;-2.5379;;;;0.0
2024-01-01;47;47;-10.4393;-13.4606;3.0214;0.2;0.2;2.6214;;;;0.0
2024-01-08;48;48;7.1901;7.4985;-0.3084;0.2;0.2;-0.7084;;;;0.0
2024-01-15;48;48;-2.913;-1.883;-1.03;0.2;0.2;-1.43;;;;0.0
2024-01-22;48;48;-3.3292;-1.5047;-1.8245;0.2;0.2;-2.2245;;;;0.0
2024-01-29;49;49;-1.2447;-3.1414;1.8967;0.2;0.2;1.4967;;;;0.0
2024-02-05;49;49;6.985;12.4709;-5.4858;0.2;0.2;-5.8858;;;;0.0
2024-02-12;49;49;17.3104;13.9178;3.3926;0.2;0.2;2.9926;;;;0.0
2024-02-19;49;49;6.8396;-0.8741;7.7137;0.2;0.2;7.3137;;;;0.0
2024-02-26;50;50;25.3219;21.999;3.3229;0.2;0.2;2.9229;;;;0.0
2024-03-04;51;51;15.2017;12.9653;2.2365;0.2;0.2;1.8365;;;;0.0
2024-03-11;51;51;-1.2155;-4.8049;3.5894;0.2;0.2;3.1894;;;;0.0
2024-03-18;51;51;-2.5784;5.6976;-8.276;0.2;0.2;-8.676;;;;0.0
2024-03-25;52;52;9.1516;8.4005;0.7511;0.2;0.2;0.3511;;;;0.0
2024-04-01;52;52;-5.3491;-7.3163;1.9672;0.2;0.2;1.5672;;;;0.0
2024-04-08;53;53;-20.8766;-25.837;4.9604;0.2;0.2;4.5604;;;;0.0
2024-04-15;53;53;1.9221;6.7447;-4.8226;0.2;0.2;-5.2226;;;;0.0
2024-04-22;52;52;-4.2992;-3.4181;-0.8812;0.2;0.2;-1.2812;;;;0.0
2024-04-29;53;53;0.6736;3.496;-2.8224;0.2;0.2;-3.2224;;;;0.0
2024-05-06;53;53;-3.0518;-8.5462;5.4944;0.2;0.2;5.0944;;;;0.0
2024-05-13;53;53;-1.6659;-0.2929;-1.373;0.2;0.2;-1.773;;;;0.0
2024-05-20;53;53;11.1191;11.0884;0.0308;0.2;0.2;-0.3692;;;;0.0
2024-05-27;53;53;1.4344;0.1104;1.3241;0.2;0.2;0.9241;;;;0.0
2024-06-03;52;52;-7.868;-5.6166;-2.2514;0.2;0.2;-2.6514;;;;0.0
2024-06-10;52;52;-10.4101;-11.3205;0.9104;0.2;0.2;0.5104;;;;0.0
2024-06-17;52;52;-13.9959;-18.9449;4.9489;0.2;0.2;4.5489;;;;0.0
2024-06-24;52;52;3.4578;3.6739;-0.216;0.2;0.2;-0.616;;;;0.0
2024-07-01;52;52;-17.679;-19.9985;2.3195;0.2;0.2;1.9195;;;;0.0
2024-07-08;52;52;11.9375;12.5547;-0.6172;0.2;0.2;-1.0172;;;;0.0
2024-07-15;52;52;12.9889;18.1186;-5.1297;0.2;0.2;-5.5297;;;;0.0
2024-07-22;52;52;-10.4495;-5.6013;-4.8482;0.2;0.2;-5.2482;;;;0.0
2024-07-29;52;52;-20.0838;-25.1728;5.089;0.2;0.2;4.689;;;;0.0
2024-08-05;52;52;1.0156;0.5327;0.483;0.2;0.2;0.083;;;;0.0
2024-08-12;52;52;0.1617;6.3728;-6.2111;0.2;0.2;-6.6111;;;;0.0
2024-08-19;52;52;13.1464;15.5702;-2.4238;0.2;0.2;-2.8238;;;;0.0
2024-08-26;52;52;-22.8834;-14.661;-8.2224;0.2;0.2;-8.6224;;;;0.0
2024-09-02;52;52;1.3935;5.9703;-4.5768;0.2;0.2;-4.9768;;;;0.0
2024-09-09;53;53;4.5077;6.1589;-1.6512;0.2;0.2;-2.0512;;;;0.0
2024-09-16;54;54;11.4819;9.7037;1.7781;0.2;0.2;1.3781;;;;0.0
2024-09-23;55;55;12.9171;9.9193;2.9978;0.2;0.2;2.5978;;;;0.0
2024-09-30;56;56;-8.9021;-9.4599;0.5578;0.2;0.2;0.1578;;;;0.0
2024-10-07;57;57;4.2645;1.3515;2.913;0.2;0.2;2.513;;;;0.0
2024-10-14;58;58;5.9711;8.157;-2.1859;0.2;0.2;-2.5859;;;;0.0
2024-10-21;58;58;-11.665;-11.5698;-0.0952;0.2;0.2;-0.4952;;;;0.0
2024-10-28;59;59;-9.1276;-10.6142;1.4866;0.2;0.2;1.0866;;;;0.0
2024-11-04;59;59;25.0501;32.3909;-7.3408;0.2;0.2;-7.7408;;;;0.0
2024-11-11;59;59;2.4766;6.5379;-4.0613;0.2;0.2;-4.4613;;;;0.0
2024-11-18;60;60;20.4038;16.8184;3.5854;0.2;0.2;3.1854;;;;0.0
2024-11-25;60;60;13.8034;6.4655;7.3379;0.2;0.2;6.9379;;;;0.0
2024-12-02;62;62;16.1868;15.5258;0.661;0.2;0.2;0.261;;;;0.0
2024-12-09;63;63;-12.8035;-10.2682;-2.5353;0.2;0.2;-2.9353;;;;0.0
2024-12-16;64;64;-19.0861;-25.1709;6.0849;0.2;0.2;5.6849;;;;0.0
2024-12-23;64;64;3.532;1.9884;1.5436;0.2;0.2;1.1436;;;;0.0
2024-12-30;65;65;7.7782;17.3473;-9.5692;0.2;0.2;-9.9692;;;;0.0
2025-01-06;66;66;-19.1842;-15.4786;-3.7056;0.2;0.2;-4.1056;;;;0.0
2025-01-13;67;67;-5.8189;-6.2133;0.3945;0.2;0.2;-0.0055;;;;0.0
2025-01-20;68;68;-5.1512;-6.4988;1.3476;0.2;0.2;0.9476;;;;0.0
2025-01-27;69;69;-14.8798;-27.5548;12.6749;0.2;0.2;12.2749;;;;0.0
2025-02-03;69;69;-5.8435;-6.6771;0.8336;0.2;0.2;0.4336;;;;0.0
2025-02-10;70;70;7.2593;4.4023;2.8571;0.2;0.2;2.4571;;;;0.0
2025-02-17;71;71;0.2419;-1.7419;1.9838;0.2;0.2;1.5838;;;;0.0
2025-02-24;71;71;-0.5173;3.9535;-4.4708;0.2;0.2;-4.8708;;;;0.0
2025-03-03;72;72;-27.5689;-27.6483;0.0793;0.2;0.2;-0.3207;;;;0.0
2025-03-10;72;72;2.8279;4.3756;-1.5477;0.2;0.2;-1.9477;;;;0.0
2025-03-17;72;72;8.265;6.6258;1.6393;0.2;0.2;1.2393;;;;0.0
2025-03-24;72;72;-10.5742;-6.4778;-4.0964;0.2;0.2;-4.4964;;;;0.0
2025-03-31;73;73;-15.6064;-23.5054;7.8989;0.2;0.2;7.4989;;;;0.0
2025-04-07;73;73;5.3383;3.9273;1.411;0.2;0.2;1.011;;;;0.0
2025-04-14;75;75;5.5645;13.0115;-7.447;0.2;0.2;-7.847;;;;0.0
2025-04-21;76;76;12.8634;17.8528;-4.9894;0.2;0.2;-5.3894;;;;0.0
2025-04-28;77;77;4.4301;-3.0017;7.4318;0.2;0.2;7.0318;;;;0.0
2025-05-05;77;77;15.3116;39.8167;-24.5051;0.2;0.2;-24.9051;;;;0.0
2025-05-12;78;78;-4.1509;-5.1114;0.9605;0.2;0.2;0.5605;;;;0.0
2025-05-19;79;79;-2.8328;-4.7897;1.9569;0.2;0.2;1.5569;;;;0.0
2025-05-26;81;81;-8.525;-12.5831;4.0581;0.2;0.2;3.6581;;;;0.0
2025-06-02;82;82;-2.7123;-4.413;1.7007;0.2;0.2;1.3007;;;;0.0
2025-06-09;83;83;-2.7429;-7.7878;5.0449;0.2;0.2;4.6449;;;;0.0
2025-06-16;83;83;-9.6169;-15.9149;6.298;0.2;0.2;5.898;;;;0.0
2025-06-23;84;84;13.0512;16.4466;-3.3955;0.2;0.2;-3.7955;;;;0.0
2025-06-30;85;85;-1.3654;-5.8436;4.4781;0.2;0.2;4.0781;;;;0.0
2025-07-07;86;86;14.661;15.8906;-1.2295;0.2;0.2;-1.6295;;;;0.0
2025-07-14;87;87;11.0132;6.3898;4.6234;0.2;0.2;4.2234;;;;0.0
2025-07-21;88;88;1.3766;4.1738;-2.7972;0.2;0.2;-3.1972;;;;0.0
2025-07-28;89;89;-13.5021;-12.9007;-0.6014;0.2;0.2;-1.0014;;;;0.0
2025-08-04;90;90;26.4265;19.7963;6.6302;0.2;0.2;6.2302;;;;0.0
2025-08-11;91;91;-7.8787;-3.3725;-4.5062;0.2;0.2;-4.9062;;;;0.0
2025-08-18;92;92;0.8835;-4.686;5.5695;0.2;0.2;5.1695;;;;0.0
2025-08-25;92;92;-7.7789;-5.6807;-2.0983;0.2;0.2;-2.4983;;;;0.0
2025-09-01;93;93;5.8878;3.4203;2.4675;0.2;0.2;2.0675;;;;0.0
2025-09-08;94;94;13.1704;17.0596;-3.8892;0.2;0.2;-4.2892;;;;0.0
2025-09-15;95;95;-2.1048;-1.4893;-0.6155;0.2;0.2;-1.0155;;;;0.0
2025-09-22;96;96;-4.1597;-12.947;8.7873;0.2;0.2;8.3873;;;;0.0
2025-09-29;97;97;1.6494;2.4094;-0.7601;0.2;0.2;-1.1601;;;;0.0
2025-10-06;97;97;-13.1369;-20.3194;7.1826;0.2;0.2;6.7826;;;;6.7
2025-10-13;98;98;1.0505;-4.6857;5.7363;0.2;0.2;5.3363;;;;6.1
2025-10-20;100;100;6.448;7.0703;-0.6223;0.2;0.2;-1.0223;;;;9.0
2025-10-27;101;101;-10.1359;-7.2495;-2.8864;0.2;0.2;-3.2864;;;;9.4
2025-11-03;103;103;6.6216;-3.4289;10.0505;0.2;0.2;9.6505;;;;54.4
2025-11-10;104;104;-13.2661;-16.454;3.1879;0.2;0.2;2.7879;;;;53.4
2025-11-17;104;104;-11.2185;-15.5772;4.3588;0.2;0.2;3.9588;;;;50.5
2025-11-24;104;104;2.4888;7.0913;-4.6026;0.2;0.2;-5.0026;;;;53.4
2025-12-01;104;104;-6.2036;-4.9435;-1.2601;0.2;0.2;-1.6601;;;;50.0
2025-12-08;104;104;-0.5837;-5.1572;4.5735;0.2;0.2;4.1735;;;;49.0
2025-12-15;101;101;-3.6252;-5.2233;1.598;0.2;0.2;1.198;;;;44.6
2025-12-22;98;98;-0.3669;5.2396;-5.6065;0.2;0.2;-6.0065;;;;48.5
2025-12-29;95;95;5.3046;7.4551;-2.1505;0.2;0.2;-2.5505;;;;49.5
2026-01-05;95;95;-3.6494;-1.1508;-2.4987;0.2;0.2;-2.8987;;;;52.6
2026-01-12;96;96;2.2922;-0.5538;2.846;0.2;0.2;2.446;;;;58.3
2026-01-19;95;95;-8.8873;-10.1631;1.2758;0.2;0.2;0.8758;;;;54.7
2026-01-26;97;97;-11.3768;-14.6636;3.2869;0.2;0.2;2.8869;;;;47.4
2026-02-02;97;97;-7.6158;-7.7913;0.1755;0.2;0.2;-0.2245;;;;13.4
2026-02-09;98;98;7.2368;6.2377;0.9991;0.2;0.2;0.5991;;;;16.8
2026-02-16;98;98;-4.8766;-4.1323;-0.7444;0.2;0.2;-1.1444;;;;17.9
2026-02-23;97;97;-3.1321;-3.6135;0.4814;0.2;0.2;0.0814;;;;20.1
2026-03-02;99;99;-1.6646;1.1726;-2.8372;0.2;0.2;-3.2372;;;;10.1
2026-03-09;95;95;6.7728;8.7041;-1.9314;0.2;0.2;-2.3314;;;;3.7
2026-03-16;95;95;-0.8912;-6.2096;5.3183;0.2;0.2;4.9183;;;;8.4
2026-03-23;96;96;-6.1679;-6.7976;0.6296;0.2;0.2;0.2296;;;;5.7
2026-03-30;95;95;3.954;3.0481;0.9059;0.2;0.2;0.5059;;;;46.8
2026-04-06;94;94;7.8397;29.7685;-21.9287;0.2;0.2;-22.3287;;;;55.3
2026-04-13;93;93;3.1443;3.5751;-0.4309;0.2;0.2;-0.8309;;;;51.6
2026-04-20;98;98;5.3021;8.0466;-2.7446;0.2;0.2;-3.1446;;;;56.6
2026-04-27;100;100;5.3915;-0.18;5.5715;0.2;0.2;5.1715;;;;33.5
2026-05-04;101;101;9.7158;11.0088;-1.293;0.2;0.2;-1.693;;;;34.7
2026-05-11;104;104;-16.9996;-7.7887;-9.2109;0.2;0.2;-9.6109;;;;36.1
2026-05-18;104;104;0.2006;2.1523;-1.9518;0.2;0.2;-2.3518;;;;26.9
2026-05-25;104;104;0.468;-0.2779;0.7459;0.2;0.2;0.3459;;;;35.6
2026-06-01;104;104;-5.8011;-13.2919;7.4907;0.2;0.2;7.0907;;;;0.0
2026-06-08;108;108;1.056;1.3723;-0.3163;0.2;0.2;-0.7163;;;;0.0
2026-06-15;107;107;-2.8926;2.3702;-5.2629;0.2;0.2;-5.6629;;;;0.0
2026-06-22;108;108;-2.5442;-5.5151;2.9709;0.2;0.2;2.5709;;;;0.0
2026-06-29;108;108;0.4974;5.1952;-4.6977;0.2;0.2;-5.0977;;;;0.0
2026-07-06;104;104;-6.5448;-4.0828;-2.462;0.2;0.2;-2.862;;;;0.0
2026-07-13;103;103;1.2294;5.9362;-4.7068;0.2;0.2;-5.1068;;;;0.0
2026-07-20;101;101;3.0855;0.5917;2.4938;0.2;0.2;2.0938;;;;0.0
2026-07-27;99;99;-5.5002;-3.0143;-2.4859;0.2;0.2;-2.8859;;;;0.0
