family,dir,h,N,clusters,median_R_%,mean_R_%,q25_%,q75_%,cont_%,rev_%,zero_n,median_MFE_%,median_MAE_%,drift_median_%,excess_median_%
1H_start,BULL,1,8,3,-0.07734024393367,-0.07630214709060874,-0.32538417798166996,0.24159362849109,50.0,50.0,0,0.265244342848485,-0.23721397881546002,0.009269425753877236,-0.08660966968754724
1H_start,BULL,4,8,3,0.18087391446649,0.31159978676753,-0.4423675306069175,0.64296771576322,62.5,37.5,0,0.52438826000784,-0.41027838464037003,0.03834281095443501,0.142531103512055
1H_start,BULL,12,8,3,0.54235711975405,0.5626781652837625,-0.81406389863075,1.3288235653890452,62.5,37.5,0,1.418475600143615,-0.662329291901315,0.07028904241278,0.47206807734127
1H_start,BULL,24,8,3,-0.29326276015582997,0.9121193685694525,-1.0305038892814373,1.9766766689872373,37.5,62.5,0,1.61754196508212,-0.993319960244205,0.06415410203023,-0.35741686218606
1H_start,BULL,48,8,3,0.544504947669055,0.9165789022057065,-1.6001463710284574,2.338775844180295,50.0,50.0,0,2.06443936430812,-1.33882399064556,0.018621119551094998,0.5258838281179601
1H_start,BULL,72,7,3,-0.47168307024759004,0.5097134071721229,-1.93927161752299,2.712914225819655,42.857142857142854,57.14285714285714,0,2.2624841834337097,-2.46724364499981,-0.018525974244434997,-0.453157096003155
1H_start,BEAR,1,9,2,0.0207568941152,0.12517076932022556,-0.049812444496279994,0.32999806558211997,55.55555555555556,44.44444444444444,0,0.22951749748562003,-0.16705746240168,-0.009269425753877236,0.030026319869077233
1H_start,BEAR,4,9,2,-0.13116645706654,-0.20803705139320555,-0.44797116946668,0.06956856823122,33.33333333333333,66.66666666666666,0,0.38464811615132,-0.31378136524229,-0.03834281095443501,-0.092823646112105
1H_start,BEAR,12,8,2,0.051486231329205004,-0.002993612356030006,-0.11624958832732499,0.0866696344605575,75.0,25.0,0,0.64437041752906,-0.6047997665444751,-0.07028904241278,0.12177527374198499
1H_start,BEAR,24,8,2,0.29925493646283496,0.22505191320078502,-0.396833170166805,1.1825050002673525,50.0,50.0,0,1.32420434978782,-0.8212118797200799,-0.06415410203023,0.363409038493065
1H_start,BEAR,48,8,2,-0.504318376975485,-1.1355627048239423,-2.112905009454905,0.18733811684503499,37.5,62.5,0,1.32420434978782,-2.385763961925775,-0.018621119551094998,-0.48569725742439
1H_start,BEAR,72,8,2,-0.8372095880631649,-0.8853177496460238,-2.2272230774627073,1.0325113091473574,50.0,50.0,0,1.753210806794075,-2.45707155745602,0.018525974244434997,-0.8557355623075998
1H_start,pooled,1,17,3,0.0207568941152,0.030359985126891767,-0.29814823822313,0.24876113722995,52.94117647058824,47.05882352941176,0,0.24877405988643,-0.21543360616939003,-0.009269425753877236,0.030026319869077233
1H_start,pooled,4,17,3,-0.02812419432622,0.03649793127067001,-0.44797116946668,0.32791180541824,47.05882352941176,52.94117647058824,0,0.4458958272786,-0.31378136524229,-0.03834281095443501,0.010218616628215004
1H_start,pooled,12,16,3,0.07037267318827,0.2798422764638662,-0.416599013417865,0.6728911880798175,68.75,31.25,0,0.9993713787148251,-0.6047997665444751,0.0,0.07037267318827
1H_start,pooled,24,16,3,-0.098576115144375,0.5685856408851189,-0.8041774856532674,1.1825050002673525,43.75,56.25,0,1.36027378359046,-0.859587567380995,0.0,-0.098576115144375
1H_start,pooled,48,16,3,-0.17324739962132,-0.10949190130911798,-1.9827547784029125,1.0793202754999776,43.75,56.25,0,1.61754196508212,-2.032349854896795,0.0,-0.17324739962132
1H_start,pooled,72,15,3,-0.47168307024759004,-0.23430320979755537,-2.0797016723055046,1.54030211808529,46.666666666666664,53.333333333333336,0,2.15456343138894,-2.46724364499981,0.018525974244434997,-0.490209044492025
4H_start,BULL,1,4,3,-0.002172085549205006,-0.07494793014038999,-0.23216725747227251,0.15504724178267748,50.0,50.0,0,0.39453106079344,-0.24346536971049998,0.009269425753877236,-0.011441511303082241
4H_start,BULL,4,4,3,0.44509258852320505,0.1279762290125875,0.049059512764270015,0.5240093047715225,75.0,25.0,0,0.591664329715505,-0.5567753198897051,0.03834281095443501,0.40674977756877007
4H_start,BULL,12,4,3,-0.91860593453708,-0.8474707377427649,-1.4340384813263174,-0.3320381909535275,25.0,75.0,0,1.21406107386843,-1.7301392857993603,0.07028904241278,-0.98889497694986
4H_start,BULL,24,4,3,-1.757721099356065,-1.1865634666131375,-1.922256719577465,-1.0220278463917376,25.0,75.0,0,1.241636258298915,-2.9168345044090898,0.06415410203023,-1.821875201386295
4H_start,BULL,48,4,3,-1.519067756218095,-1.2165828872776274,-1.93643607368957,-0.7992145698061525,25.0,75.0,0,1.241636258298915,-2.9308571891282704,0.018621119551094998,-1.53768887576919
4H_start,BULL,72,4,3,-0.32614992167360496,0.9465769760642803,-1.13271908582877,1.753146140219445,50.0,50.0,0,1.2720285475266448,-2.9308571891282704,-0.018525974244434997,-0.30762394742917
4H_start,BEAR,1,2,1,0.19724088526792,0.19724088526792,0.13097642968898,0.26350534084686,100.0,0.0,0,0.6642670959713101,-0.079184845446105,-0.009269425753877236,0.20651031102179723
4H_start,BEAR,4,2,1,0.413421367143905,0.413421367143905,0.26442589392793747,0.5624168403598725,100.0,0.0,0,0.9744008624873599,-0.22934018525193,-0.03834281095443501,0.45176417809833996
4H_start,BEAR,12,2,1,0.50738567482038,0.50738567482038,0.48553749760436,0.5292338520363999,100.0,0.0,0,1.1951063641054849,-0.22934018525193,-0.07028904241278,0.57767471723316
4H_start,BEAR,24,2,1,-0.24225475706297503,-0.24225475706297503,-0.43326330086157755,-0.051246213264372495,50.0,50.0,0,1.515040606272015,-1.95437199758796,-0.06415410203023,-0.17810065503274503
4H_start,BEAR,48,2,1,-0.351837467568375,-0.351837467568375,-0.4433743243299124,-0.26030061080683753,0.0,100.0,0,1.515040606272015,-2.36042173239656,-0.018621119551094998,-0.33321634801728
4H_start,BEAR,72,2,1,-3.2188753005056245,-3.2188753005056245,-4.902856640078823,-1.5348939609324277,50.0,50.0,0,1.515040606272015,-5.13028982447799,0.018525974244434997,-3.23740127475006
4H_start,pooled,1,6,3,0.10738794717671499,0.015781674995713348,-0.09962807497883999,0.1650138848612525,66.66666666666666,33.33333333333333,0,0.608024370790385,-0.079184845446105,0.009269425753877236,0.09811852142283775
4H_start,pooled,4,6,3,0.44509258852320505,0.22312460838969334,0.1839132043031275,0.5703806703749476,83.33333333333334,16.666666666666664,0,0.608024370790385,-0.29562339964868,0.03834281095443501,0.40674977756877007
4H_start,pooled,12,6,3,-0.07424768380936497,-0.39585193355505005,-1.071816557802085,0.49722330525241,50.0,50.0,0,1.21406107386843,-0.641734444512865,0.07028904241278,-0.14453672622214497
4H_start,pooled,24,6,3,-1.181451737194935,-0.8717938967630833,-1.7672658341692522,-0.051246213264372495,33.33333333333333,66.66666666666666,0,1.3926238586908901,-2.9168345044090898,0.06415410203023,-1.245605839225165
4H_start,pooled,48,6,3,-0.8387495846553451,-0.92833441404121,-1.7073076402175222,-0.26030061080683753,16.666666666666664,83.33333333333334,0,1.3926238586908901,-2.9308571891282704,0.018621119551094998,-0.85737070420644
4H_start,pooled,72,6,3,-0.346338874430405,-0.4419071161256883,-1.71462700248315,0.17937080777597,50.0,50.0,0,1.3926238586908901,-3.3608989497835204,-0.018525974244434997,-0.32781290018597004
TRANSITION,BULL,1,41,3,-0.05315483738704999,-0.03256260591163735,-0.31333244917679,0.18639942731035,43.90243902439025,56.09756097560976,0,0.20665740160867,-0.25699158754001,0.009269425753877236,-0.06242426314092723
TRANSITION,BULL,4,41,3,0.09617414587679,0.1406683133662726,-0.11543042071196999,0.44797116946668,60.97560975609756,39.02439024390244,0,0.38535327637274003,-0.41796606101942996,0.03834281095443501,0.057831334922354996
TRANSITION,BULL,12,39,3,-0.04061103846816,0.06456416236793615,-0.5852472537608,0.57601816629677,43.58974358974359,56.41025641025641,0,0.80241906728664,-0.9040927189068,0.07028904241278,-0.11090008088094
TRANSITION,BULL,24,39,3,-0.09580425081822,0.06333170056866691,-1.0639683167400649,0.563332377971255,46.15384615384615,53.84615384615385,0,1.0477714832489,-1.33468244503518,0.06415410203023,-0.15995835284845
TRANSITION,BULL,48,38,3,-0.130073870457615,0.2549014623969567,-1.1187098336690275,0.7104168989438174,42.10526315789473,57.89473684210527,0,1.508425359722935,-1.59119860781683,0.018621119551094998,-0.14869499000871
TRANSITION,BULL,72,37,3,-0.06588847479079,0.8312880305843567,-1.48762190170591,2.68745467674327,48.64864864864865,51.35135135135135,0,2.33649957350805,-2.03261877253086,-0.018525974244434997,-0.047362500546355
TRANSITION,BEAR,1,2,1,0.10056945942602999,0.10056945942602999,-0.034070401024885,0.23520931987694502,50.0,50.0,0,0.342542476789945,-0.21192090797962,-0.009269425753877236,0.10983888517990723
TRANSITION,BEAR,4,2,1,0.184015013590065,0.184015013590065,-0.026659446828012495,0.3946894740081424,50.0,50.0,0,0.6658469377337051,-0.3411504300809,-0.03834281095443501,0.22235782454449998
TRANSITION,BEAR,12,2,1,-0.3713948033004,-0.3713948033004,-0.585938106589945,-0.156851500010855,50.0,50.0,0,0.9718145951841299,-0.6397176492082349,-0.07028904241278,-0.30110576088762
TRANSITION,BEAR,24,2,1,-0.523295044761235,-0.523295044761235,-0.6328114196008774,-0.41377866992159246,0.0,100.0,0,1.16031480035441,-0.9493079679097899,-0.06415410203023,-0.459140942731005
TRANSITION,BEAR,48,2,1,-1.698828825597205,-1.698828825597205,-2.0376111341100724,-1.3600465170843374,0.0,100.0,0,1.16031480035441,-2.4839785636678697,-0.018621119551094998,-1.68020770604611
TRANSITION,BEAR,72,2,1,-6.776367437994154,-6.776367437994154,-6.851351156991228,-6.701383718997082,0.0,100.0,0,1.16031480035441,-7.404978273863535,0.018525974244434997,-6.79489341223859
TRANSITION,pooled,1,43,3,-0.05315483738704999,-0.026370416826164443,-0.30701513618564,0.19242239329390498,44.18604651162791,55.81395348837209,0,0.20665740160867,-0.25699158754001,0.009269425753877236,-0.06242426314092723
TRANSITION,pooled,4,43,3,0.09617414587679,0.14268443895807692,-0.13267709506654501,0.474397395718245,60.46511627906976,39.53488372093023,0,0.38535327637274003,-0.41796606101942996,0.03834281095443501,0.057831334922354996
TRANSITION,pooled,12,41,3,-0.04061103846816,0.043297871359724634,-0.6121846880070699,0.5177299256329,43.90243902439025,56.09756097560976,0,0.80241906728664,-0.9028863647538901,0.07028904241278,-0.11090008088094
TRANSITION,pooled,24,41,3,-0.13976233053423,0.03471576177208634,-0.97446682202559,0.50239291128233,43.90243902439025,56.09756097560976,0,1.0477714832489,-1.29655051737643,0.06415410203023,-0.20391643256446002
TRANSITION,pooled,48,40,3,-0.19487398605478,0.1572149479972485,-1.207358926084965,0.6295529967795325,40.0,60.0,0,1.508425359722935,-1.654497357201425,0.018621119551094998,-0.213495105605875
TRANSITION,pooled,72,39,3,-0.14908737864077,0.44115185270853574,-1.60225808472182,2.352603328521025,46.15384615384615,53.84615384615385,0,2.2624841834337097,-2.07911120332887,-0.018525974244434997,-0.13056140439633498
1H_end,BULL,1,8,2,-0.07395705842450999,-0.11917417189062628,-0.25550545041479,0.04299882003617,37.5,62.5,0,0.186857432005175,-0.27709661154335,0.009269425753877236,-0.08322648417838723
1H_end,BULL,4,8,2,0.000773179803864599,-0.17336743261444756,-0.3392454667172125,0.059843439774395,50.0,50.0,0,0.20247734620875,-0.7454979040968199,0.03834281095443501,-0.03756963115057041
1H_end,BULL,12,8,2,-0.6462411437305,-0.7113462705715388,-0.99919105670429,-0.104068430519585,12.5,87.5,0,0.32297497862939495,-1.443368835046515,0.07028904241278,-0.71653018614328
1H_end,BULL,24,8,2,-0.8455392561011301,-0.7536652161254976,-1.3975722563764374,-0.07701433142187253,25.0,75.0,0,0.399417255555,-1.609579560885015,0.06415410203023,-0.9096933581313601
1H_end,BULL,48,7,2,-0.08202658040925,0.6139318884582101,-0.599358396985835,0.26891958939032,28.57142857142857,71.42857142857143,0,0.30941651679901,-2.07911120332887,0.018621119551094998,-0.100647699960345
1H_end,BULL,72,7,2,0.19241331709582,1.060124113963413,-0.8426829922203051,2.3006409430681654,57.14285714285714,42.857142857142854,0,1.39203886124743,-2.07911120332887,-0.018525974244434997,0.21093929134025502
1H_end,BEAR,1,8,3,0.16490252192829,0.007079381288321428,-0.043052820745118965,0.32746163196455746,75.0,25.0,0,0.34195212325505997,-0.15833225571193998,-0.009269425753877236,0.17417194768216723
1H_end,BEAR,4,8,3,-0.007910282284432862,0.03443102489955679,-0.1897030900987425,0.260340542459925,50.0,50.0,0,0.66840005793119,-0.326108395494255,-0.03834281095443501,0.03043252867000214
1H_end,BEAR,12,8,3,-0.038427250126229995,-0.5026516479227338,-0.8369136617541049,0.1590302059763825,50.0,50.0,0,1.16135522487889,-0.8709910441118099,-0.07028904241278,0.031861792286550006
1H_end,BEAR,24,8,3,-0.104229022131865,-0.3918448076110699,-0.5497466763504899,0.58004807181718,50.0,50.0,0,1.19627844975067,-1.134279698532645,-0.06415410203023,-0.040074920101635
1H_end,BEAR,48,8,3,0.48854044854133494,0.25389437494169753,-1.1263497860733451,1.7723887581085427,62.5,37.5,0,1.75943766052423,-2.14701366870798,-0.018621119551094998,0.50716156809243
1H_end,BEAR,72,8,3,0.116183767214075,-0.6440548205631988,-1.35084322670994,0.9871751579814024,50.0,50.0,0,1.7934765993801751,-2.14701366870798,0.018525974244434997,0.09765779296963999
1H_end,pooled,1,16,3,0.02272849666304569,-0.05604739530115243,-0.1884336327849925,0.192863794463285,56.25,43.75,0,0.218400572606755,-0.21382838928818998,0.0,0.02272849666304569
1H_end,pooled,4,16,3,0.000773179803864599,-0.06946820385744541,-0.23017581511035,0.15119312109557,50.0,50.0,0,0.31039945218865,-0.36539418073818003,0.0,0.000773179803864599
1H_end,pooled,12,16,3,-0.34181453622112,-0.6069989592471362,-0.8797142705765676,0.0448812296707925,31.25,68.75,0,0.43452783547197,-1.100353555236055,0.0,-0.34181453622112
1H_end,pooled,24,16,3,-0.35427032279870496,-0.5727550118682838,-1.1954588869754301,0.355498895146185,37.5,62.5,0,0.5109701123975751,-1.37732297751241,0.0,-0.35427032279870496
1H_end,pooled,48,15,3,-0.051281866916750005,0.4219118812494034,-0.8989621100221751,1.2478278195210402,46.666666666666664,53.333333333333336,0,1.30023481571407,-2.07911120332887,-0.018621119551094998,-0.032660747365654996
1H_end,pooled,72,15,3,0.19241331709582,0.15122868221588667,-1.262391793174325,1.1864629919188752,53.333333333333336,46.666666666666664,0,1.55433442622949,-2.07911120332887,0.018525974244434997,0.173887342851385
4H_end,BULL,1,4,2,0.15622764858842,0.1461309055418125,0.023431717268865,0.27892683686136754,75.0,25.0,0,0.35383672672535,-0.22129458392999,0.009269425753877236,0.14695822283454277
4H_end,BULL,4,4,2,0.358810165618635,0.3503410520207132,0.07057981445584069,0.6385714031835075,75.0,25.0,0,0.6631542913355051,-0.24987263289886,0.03834281095443501,0.32046735466419995
4H_end,BULL,12,3,2,0.10693716309368,0.2828460858051267,0.016562066582619994,0.46117564367191,66.66666666666666,33.33333333333333,0,0.8411485170572299,-0.37331685589969,0.07028904241278,0.036648120680899995
4H_end,BULL,24,3,2,0.50239291128233,0.5880310169052,0.303218740285335,0.83002424071363,100.0,0.0,0,1.12676780718512,-1.33468244503518,0.06415410203023,0.43823880925210007
4H_end,BULL,48,3,2,-0.28582125368822,-0.2789138603661267,-0.29931751647105,-0.26196390092224997,0.0,100.0,0,1.4988688153163499,-1.52492978165105,0.018621119551094998,-0.30444237323931495
4H_end,BULL,72,3,2,-0.44024355706598006,-0.7480455834285433,-1.2172990890779252,-0.12489106459788002,33.33333333333333,66.66666666666666,0,1.4988688153163499,-1.8253906953991799,-0.018525974244434997,-0.42171758282154503
4H_end,BEAR,1,2,2,-0.17944116233119,-0.17944116233119,-0.21410114978057002,-0.14478117488181,0.0,100.0,0,0.14543121560909503,-0.19169047071161002,-0.009269425753877236,-0.17017173657731277
4H_end,BEAR,4,2,2,-0.45852057828217,-0.45852057828217,-0.49710818999122,-0.41993296657312,0.0,100.0,0,0.24749145479824503,-0.49411698455491,-0.03834281095443501,-0.420177767327735
4H_end,BEAR,12,2,2,-2.792022027758885,-2.792022027758885,-3.555470908867352,-2.0285731466504173,0.0,100.0,0,0.24749145479824503,-3.1557765055779403,-0.07028904241278,-2.721732985346105
4H_end,BEAR,24,2,2,-2.47661337481336,-2.47661337481336,-3.6629459546817094,-1.29028079494501,0.0,100.0,0,0.24749145479824503,-4.106628709347255,-0.06415410203023,-2.41245927278313
4H_end,BEAR,48,2,2,-0.8628792278101101,-0.8628792278101101,-2.4363316147419303,0.71057315912171,50.0,50.0,0,1.8013278282452898,-4.242316602381785,-0.018621119551094998,-0.8442581082590151
4H_end,BEAR,72,2,2,-1.86770285177181,-1.86770285177181,-3.54536522851067,-0.19004047503295013,50.0,50.0,0,1.8013278282452898,-4.33859039315389,0.018525974244434997,-1.8862288260162448
4H_end,pooled,1,6,3,-0.0031270352476900007,0.03760688291747833,-0.0966520256445225,0.20934623798992003,50.0,50.0,0,0.24298362392998502,-0.19169047071161002,0.009269425753877236,-0.012396461001567237
4H_end,pooled,4,6,3,0.04498548303489138,0.08072050858641881,-0.28755981109980433,0.4901281754895575,50.0,50.0,0,0.464103325022675,-0.379335066136215,0.03834281095443501,0.006642672080456373
4H_end,pooled,12,5,3,-0.07381302992844001,-0.9471011596204779,-1.26512426554195,0.10693716309368,40.0,60.0,0,0.80241906728664,-0.59050423942755,0.07028904241278,-0.14410207234122
4H_end,pooled,24,5,3,0.10404456928834001,-0.6378267397822238,-0.10394821507666,0.50239291128233,60.0,40.0,0,0.8411485170572299,-1.52492978165105,0.06415410203023,0.039890467258110004
4H_end,pooled,48,5,3,-0.28582125368822,-0.51250000734372,-0.31281377925388,-0.23810654815628,20.0,80.0,0,1.4988688153163499,-1.62457197291522,0.018621119551094998,-0.30444237323931495
4H_end,pooled,72,5,3,-0.44024355706598006,-1.1959084907658502,-1.9943546210898702,0.19046142787022,40.0,60.0,0,1.4988688153163499,-2.5821710897925,-0.018525974244434997,-0.42171758282154503
ALIGN_LOST,BULL,1,7,2,-0.05315483738704999,-0.02918467872077001,-0.14464776433544502,0.12412890188687001,42.857142857142854,57.14285714285714,0,0.20665740160867,-0.31616075796195,0.009269425753877236,-0.06242426314092723
ALIGN_LOST,BULL,4,7,2,0.0045303149292852405,-0.16348871164519158,-0.22796464663314803,0.062149170101505,57.14285714285714,42.857142857142854,0,0.2132995804327,-0.73651929412331,0.03834281095443501,-0.03381249602514977
ALIGN_LOST,BULL,12,7,2,-0.12531925292771,-0.3788865838008615,-0.7557402494091601,0.054979871770899996,28.57142857142857,71.42857142857143,0,0.33653344045978,-0.99927052094068,0.07028904241278,-0.19560829534048998
ALIGN_LOST,BULL,24,7,2,-0.20764383311996001,-0.27488990863278573,-0.8455392561011301,0.7122547148053301,42.857142857142854,57.14285714285714,0,0.48941799431099003,-1.2014365895314298,0.06415410203023,-0.27179793515019
ALIGN_LOST,BULL,48,6,2,-0.11683400218126501,0.8471777794814552,-0.27252069042873,0.42133413917073,33.33333333333333,66.66666666666666,0,0.624187690261675,-1.6549365267384097,0.018621119551094998,-0.13545512173236002
ALIGN_LOST,BULL,72,6,2,-0.253066015928385,0.39655722575692987,-1.32466902150386,0.1278378691241675,33.33333333333333,66.66666666666666,0,1.6764415762768499,-1.7553458879803898,-0.018525974244434997,-0.23454004168395
ALIGN_LOST,pooled,1,7,2,-0.05315483738704999,-0.02918467872077001,-0.14464776433544502,0.12412890188687001,42.857142857142854,57.14285714285714,0,0.20665740160867,-0.31616075796195,0.009269425753877236,-0.06242426314092723
ALIGN_LOST,pooled,4,7,2,0.0045303149292852405,-0.16348871164519158,-0.22796464663314803,0.062149170101505,57.14285714285714,42.857142857142854,0,0.2132995804327,-0.73651929412331,0.03834281095443501,-0.03381249602514977
ALIGN_LOST,pooled,12,7,2,-0.12531925292771,-0.3788865838008615,-0.7557402494091601,0.054979871770899996,28.57142857142857,71.42857142857143,0,0.33653344045978,-0.99927052094068,0.07028904241278,-0.19560829534048998
ALIGN_LOST,pooled,24,7,2,-0.20764383311996001,-0.27488990863278573,-0.8455392561011301,0.7122547148053301,42.857142857142854,57.14285714285714,0,0.48941799431099003,-1.2014365895314298,0.06415410203023,-0.27179793515019
ALIGN_LOST,pooled,48,6,2,-0.11683400218126501,0.8471777794814552,-0.27252069042873,0.42133413917073,33.33333333333333,66.66666666666666,0,0.624187690261675,-1.6549365267384097,0.018621119551094998,-0.13545512173236002
ALIGN_LOST,pooled,72,6,2,-0.253066015928385,0.39655722575692987,-1.32466902150386,0.1278378691241675,33.33333333333333,66.66666666666666,0,1.6764415762768499,-1.7553458879803898,-0.018525974244434997,-0.23454004168395
ALIGN_RESTORED,BULL,1,7,2,0.04774863663543,0.09180837272277997,-0.30093618342299,0.34578192335055,57.14285714285714,42.857142857142854,0,0.28171462581053996,-0.12478989519477,0.009269425753877236,0.03847921088155276
ALIGN_RESTORED,BULL,4,7,2,0.32791180541824,0.18321015188643572,0.01653297394723502,0.44509258852320505,71.42857142857143,28.57142857142857,0,0.63998401666169,-0.12478989519477,0.03834281095443501,0.289568994463805
ALIGN_RESTORED,BULL,12,7,2,-0.38925121341888996,-0.5175032652284343,-1.3366285350555351,0.48406887909018,42.857142857142854,57.14285714285714,0,1.1702807690416401,-0.9028863647538901,0.07028904241278,-0.45954025583167
ALIGN_RESTORED,BULL,24,7,2,-0.53933616492525,0.14992174884759585,-1.32852264071666,0.20272980455523498,28.57142857142857,71.42857142857143,0,1.31299174755619,-0.99341468068492,0.06415410203023,-0.60349026695548
ALIGN_RESTORED,BULL,48,7,2,-1.14258798821924,0.039849130468055806,-1.648609631949545,0.057714403188359985,28.57142857142857,71.42857142857143,0,1.31299174755619,-1.68442274148763,0.018621119551094998,-1.161209107770335
ALIGN_RESTORED,BULL,72,6,2,-0.7737132932896901,0.769954464674275,-1.9384086882911926,2.906036851985793,50.0,50.0,0,1.241636258298915,-2.78316934972705,-0.018525974244434997,-0.7551873190452552
ALIGN_RESTORED,pooled,1,7,2,0.04774863663543,0.09180837272277997,-0.30093618342299,0.34578192335055,57.14285714285714,42.857142857142854,0,0.28171462581053996,-0.12478989519477,0.009269425753877236,0.03847921088155276
ALIGN_RESTORED,pooled,4,7,2,0.32791180541824,0.18321015188643572,0.01653297394723502,0.44509258852320505,71.42857142857143,28.57142857142857,0,0.63998401666169,-0.12478989519477,0.03834281095443501,0.289568994463805
ALIGN_RESTORED,pooled,12,7,2,-0.38925121341888996,-0.5175032652284343,-1.3366285350555351,0.48406887909018,42.857142857142854,57.14285714285714,0,1.1702807690416401,-0.9028863647538901,0.07028904241278,-0.45954025583167
ALIGN_RESTORED,pooled,24,7,2,-0.53933616492525,0.14992174884759585,-1.32852264071666,0.20272980455523498,28.57142857142857,71.42857142857143,0,1.31299174755619,-0.99341468068492,0.06415410203023,-0.60349026695548
ALIGN_RESTORED,pooled,48,7,2,-1.14258798821924,0.039849130468055806,-1.648609631949545,0.057714403188359985,28.57142857142857,71.42857142857143,0,1.31299174755619,-1.68442274148763,0.018621119551094998,-1.161209107770335
ALIGN_RESTORED,pooled,72,6,2,-0.7737132932896901,0.769954464674275,-1.9384086882911926,2.906036851985793,50.0,50.0,0,1.241636258298915,-2.78316934972705,-0.018525974244434997,-0.7551873190452552
