n,clusters,rho,p_perm,rho_vol,sign_c1,sign_c2,n_c1,n_c2,rho_bull,rho_bear,n_bull,n_bear,set,feature,outcome,primary,p_holm,status,naive_crit,feature_name
14,3,-0.1252747252747253,0.667033296670333,-0.3274725274725274,-1.0,-1.0,8,5,-0.4047619047619048,0.2,8,6,F1 1H_start,dOI_24h,R24,True,1.0,NO EFFECT,,ΔOI 24ч
14,3,-0.0857142857142857,0.7753224677532247,-0.2571428571428571,-1.0,-1.0,8,5,-0.28571428571428575,0.5428571428571429,8,6,F1 1H_start,dOI_24h,MAE24,True,1.0,NO EFFECT,,ΔOI 24ч
14,3,0.006593406593406593,0.9889011098890111,-0.3274725274725274,-1.0,-1.0,8,5,0.11904761904761905,0.08571428571428573,8,6,F1 1H_start,fa_T,R24,True,1.0,NO EFFECT,,funding (×s) в T
14,3,-0.12967032967032965,0.655034496550345,-0.2571428571428571,-1.0,-1.0,8,5,0.11904761904761905,-0.4285714285714286,8,6,F1 1H_start,fa_T,MAE24,True,1.0,NO EFFECT,,funding (×s) в T
11,3,-0.44545454545454555,0.16918308169183083,-0.4909090909090909,-1.0,-1.0,6,4,-0.028571428571428574,-0.7,6,5,F1 1H_start,liq_ia_12h,R24,True,1.0,WEAK / INCONSISTENT,,liq imbalance (×s) 12ч
11,3,-0.5363636363636364,0.09309069093090691,-0.3454545454545455,-1.0,-1.0,6,4,-0.14285714285714288,-0.7,6,5,F1 1H_start,liq_ia_12h,MAE24,True,0.8378162183781622,WEAK / INCONSISTENT,,liq imbalance (×s) 12ч
14,3,-0.3274725274725274,0.25517448255174485,-0.38461538461538464,-1.0,0.0,9,4,-0.10714285714285716,-0.9285714285714288,7,7,F1 1H_start,gm_Aa,R24,True,1.0,WEAK / INCONSISTENT,,gamma асимметрия (×s)
14,3,-0.1956043956043956,0.5001499850014999,-0.2571428571428571,-1.0,0.0,9,4,-0.10714285714285716,-0.42857142857142866,7,7,F1 1H_start,gm_Aa,MAE24,True,1.0,NO EFFECT,,gamma асимметрия (×s)
14,3,0.15604395604395604,0.5974402559744025,-0.2351648351648352,-1.0,1.0,9,4,0.3571428571428572,-0.5,7,7,F1 1H_start,tp_fa_12h,R24,True,1.0,NO EFFECT,,tape flow (×s) 12ч
14,3,0.6175824175824175,0.019598040195980403,-0.22637362637362637,1.0,1.0,9,4,0.4642857142857144,0.7142857142857144,7,7,F1 1H_start,tp_fa_12h,MAE24,True,0.19598040195980404,INTERESTING CANDIDATE,,tape flow (×s) 12ч
15,3,-0.2714285714285714,0.32786721327867213,0.12142857142857141,1.0,-1.0,8,6,-0.2142857142857143,0.5,8,7,F1 1H_start,dOI_1h,R4,False,,WEAK / INCONSISTENT,False,ΔOI 1ч
14,3,-0.5208791208791209,0.06409359064093591,0.015384615384615385,-1.0,-1.0,8,5,-0.4285714285714286,0.08571428571428573,8,6,F1 1H_start,dOI_1h,R12,False,,WEAK / INCONSISTENT,False,ΔOI 1ч
14,3,-0.2879120879120879,0.3137686231376862,-0.3274725274725274,1.0,-1.0,8,5,-0.3571428571428572,0.14285714285714288,8,6,F1 1H_start,dOI_1h,R24,False,,WEAK / INCONSISTENT,False,ΔOI 1ч
14,3,-0.1824175824175824,0.5315468453154685,-0.2571428571428571,1.0,-1.0,8,5,-0.2380952380952381,-0.028571428571428574,8,6,F1 1H_start,dOI_1h,MAE24,False,,NO EFFECT,False,ΔOI 1ч
14,3,-0.2043956043956044,0.47505249475052497,0.07252747252747253,-1.0,1.0,7,6,-0.5714285714285715,0.5428571428571429,8,6,F1 1H_start,dOI_4h,R4,False,,WEAK / INCONSISTENT,False,ΔOI 4ч
13,3,-0.47802197802197804,0.09959004099590041,-0.005494505494505494,-1.0,-1.0,7,5,-0.5000000000000001,0.3,8,5,F1 1H_start,dOI_4h,R12,False,,WEAK / INCONSISTENT,False,ΔOI 4ч
13,3,-0.005494505494505494,0.9919008099190081,-0.43956043956043955,1.0,-1.0,7,5,-0.261904761904762,0.39999999999999997,8,5,F1 1H_start,dOI_4h,R24,False,,NO EFFECT,False,ΔOI 4ч
13,3,0.021978021978021976,0.9521047895210479,-0.18131868131868134,1.0,-1.0,7,5,-0.2380952380952381,0.8999999999999998,8,5,F1 1H_start,dOI_4h,MAE24,False,,NO EFFECT,False,ΔOI 4ч
13,3,-0.19230769230769232,0.5258474152584741,0.34065934065934067,1.0,-1.0,7,5,-0.3571428571428572,0.3,8,5,F1 1H_start,dOI_12h,R4,False,,NO EFFECT,False,ΔOI 12ч
12,3,-0.22377622377622378,0.48155184481551844,0.18881118881118883,-1.0,-1.0,7,4,-0.09523809523809526,,8,4,F1 1H_start,dOI_12h,R12,False,,WEAK / INCONSISTENT,False,ΔOI 12ч
12,3,-0.46153846153846156,0.138986101389861,-0.3356643356643357,-1.0,-1.0,7,4,-0.5476190476190477,,8,4,F1 1H_start,dOI_12h,R24,False,,WEAK / INCONSISTENT,False,ΔOI 12ч
12,3,-0.20979020979020982,0.5158484151584841,-0.034965034965034975,-1.0,-1.0,7,4,-0.28571428571428575,,8,4,F1 1H_start,dOI_12h,MAE24,False,,WEAK / INCONSISTENT,False,ΔOI 12ч
15,3,0.27499999999999997,0.3207679232076792,0.12142857142857141,1.0,1.0,8,6,-0.2380952380952381,0.8571428571428573,8,7,F1 1H_start,dOI_24h,R4,False,,WEAK / INCONSISTENT,False,ΔOI 24ч
14,3,0.015384615384615385,0.9628037196280372,0.015384615384615385,-1.0,-1.0,8,5,-0.07142857142857144,0.08571428571428573,8,6,F1 1H_start,dOI_24h,R12,False,,NO EFFECT,False,ΔOI 24ч
15,3,0.1928571428571428,0.4891510848915108,0.12142857142857141,1.0,1.0,8,6,-0.09523809523809526,0.25,8,7,F1 1H_start,fa_T,R4,False,,NO EFFECT,False,funding (×s) в T
14,3,0.2571428571428571,0.3712628737126287,0.015384615384615385,1.0,0.0,8,5,0.09523809523809526,0.14285714285714288,8,6,F1 1H_start,fa_T,R12,False,,WEAK / INCONSISTENT,False,funding (×s) в T
14,3,0.2527472527472528,0.38636136386361364,0.07252747252747253,1.0,-1.0,7,6,0.11904761904761905,0.08571428571428573,8,6,F1 1H_start,df_4h,R4,False,,WEAK / INCONSISTENT,False,Δfunding 4ч
13,3,0.054945054945054944,0.8620137986201379,-0.005494505494505494,1.0,-1.0,7,5,-0.14285714285714288,-0.19999999999999998,8,5,F1 1H_start,df_4h,R12,False,,NO EFFECT,False,Δfunding 4ч
13,3,0.0,1.0,-0.43956043956043955,1.0,-1.0,7,5,-0.07142857142857144,0.09999999999999999,8,5,F1 1H_start,df_4h,R24,False,,NO EFFECT,False,Δfunding 4ч
13,3,0.1868131868131868,0.543045695430457,-0.18131868131868134,1.0,-1.0,7,5,0.14285714285714288,0.6,8,5,F1 1H_start,df_4h,MAE24,False,,NO EFFECT,False,Δfunding 4ч
15,3,0.0035714285714285704,0.9951004899510049,0.12142857142857141,1.0,-1.0,8,6,-0.09523809523809526,-0.3571428571428572,8,7,F1 1H_start,df_24h,R4,False,,NO EFFECT,False,Δfunding 24ч
14,3,0.16483516483516483,0.5742425757424258,0.015384615384615385,1.0,-1.0,8,5,-0.09523809523809526,0.08571428571428573,8,6,F1 1H_start,df_24h,R12,False,,NO EFFECT,False,Δfunding 24ч
14,3,-0.2087912087912088,0.4714528547145285,-0.3274725274725274,-1.0,-1.0,8,5,-0.5476190476190477,0.14285714285714288,8,6,F1 1H_start,df_24h,R24,False,,WEAK / INCONSISTENT,False,Δfunding 24ч
14,3,0.06373626373626373,0.8292170782921707,-0.2571428571428571,1.0,-1.0,8,5,-0.19047619047619052,0.6571428571428573,8,6,F1 1H_start,df_24h,MAE24,False,,NO EFFECT,False,Δfunding 24ч
15,3,0.36428571428571427,0.18548145185481452,0.12142857142857141,1.0,1.0,8,6,0.3333333333333334,0.4642857142857144,8,7,F1 1H_start,liq_ia_1h,R4,False,,WEAK / INCONSISTENT,False,liq imbalance (×s) 1ч
14,3,0.26153846153846155,0.35866413358664134,0.015384615384615385,1.0,-1.0,8,5,0.09523809523809526,0.2571428571428572,8,6,F1 1H_start,liq_ia_1h,R12,False,,WEAK / INCONSISTENT,False,liq imbalance (×s) 1ч
14,3,0.16043956043956045,0.5814418558144185,-0.3274725274725274,1.0,-1.0,8,5,0.04761904761904763,0.2571428571428572,8,6,F1 1H_start,liq_ia_1h,R24,False,,NO EFFECT,False,liq imbalance (×s) 1ч
14,3,0.3538461538461538,0.22087791220877911,-0.2571428571428571,1.0,-1.0,8,5,0.2380952380952381,0.942857142857143,8,6,F1 1H_start,liq_ia_1h,MAE24,False,,WEAK / INCONSISTENT,False,liq imbalance (×s) 1ч
14,3,0.12087912087912088,0.6859314068593141,0.07252747252747253,1.0,1.0,7,6,0.09523809523809526,-0.4285714285714286,8,6,F1 1H_start,liq_ia_4h,R4,False,,NO EFFECT,False,liq imbalance (×s) 4ч
13,3,0.2692307692307692,0.36866313368663134,-0.005494505494505494,1.0,1.0,7,5,-0.11904761904761905,0.09999999999999999,8,5,F1 1H_start,liq_ia_4h,R12,False,,WEAK / INCONSISTENT,False,liq imbalance (×s) 4ч
13,3,0.12637362637362637,0.6881311868813119,-0.43956043956043955,1.0,-1.0,7,5,0.14285714285714288,0.49999999999999994,8,5,F1 1H_start,liq_ia_4h,R24,False,,NO EFFECT,False,liq imbalance (×s) 4ч
13,3,0.07692307692307691,0.8054194580541946,-0.18131868131868134,1.0,-1.0,7,5,0.19047619047619052,0.19999999999999998,8,5,F1 1H_start,liq_ia_4h,MAE24,False,,NO EFFECT,False,liq imbalance (×s) 4ч
12,3,-0.1188811188811189,0.7222277772222778,-0.06293706293706294,-1.0,1.0,6,5,-0.08571428571428573,-0.2,6,6,F1 1H_start,liq_ia_12h,R4,False,,NO EFFECT,False,liq imbalance (×s) 12ч
11,3,-0.45454545454545453,0.16548345165483452,-0.16363636363636366,-1.0,1.0,6,4,-0.5428571428571429,-0.6,6,5,F1 1H_start,liq_ia_12h,R12,False,,WEAK / INCONSISTENT,False,liq imbalance (×s) 12ч
12,3,-0.41958041958041964,0.1787821217878212,-0.06293706293706294,1.0,-1.0,6,5,-0.7142857142857143,-0.48571428571428577,6,6,F1 1H_start,liq_total_12h,R4,False,,WEAK / INCONSISTENT,False,liq total 12ч
11,3,-0.3454545454545455,0.2997700229977002,-0.16363636363636366,1.0,-1.0,6,4,-0.2571428571428572,0.0,6,5,F1 1H_start,liq_total_12h,R12,False,,WEAK / INCONSISTENT,False,liq total 12ч
11,3,-0.15454545454545454,0.6491350864913509,-0.4909090909090909,1.0,-1.0,6,4,-0.8285714285714287,0.09999999999999999,6,5,F1 1H_start,liq_total_12h,R24,False,,NO EFFECT,False,liq total 12ч
11,3,-0.07272727272727274,0.8342165783421658,-0.3454545454545455,1.0,-1.0,6,4,-0.6571428571428573,-0.6,6,5,F1 1H_start,liq_total_12h,MAE24,False,,NO EFFECT,False,liq total 12ч
14,3,0.002197802197802198,1.0,0.006593406593406593,1.0,-1.0,9,4,0.21428571428571433,-0.3571428571428572,7,7,F1 1H_start,gm_Aa,R4,False,,NO EFFECT,False,gamma асимметрия (×s)
14,3,0.16483516483516483,0.5724427557244276,0.09010989010989012,1.0,0.0,9,4,0.25,-0.4642857142857144,7,7,F1 1H_start,gm_Aa,R12,False,,NO EFFECT,False,gamma асимметрия (×s)
14,3,-0.5604395604395604,0.038396160383961604,0.006593406593406593,-1.0,-1.0,9,4,-0.6785714285714287,-0.5714285714285715,7,7,F1 1H_start,gm_top_up_dist,R4,False,,WEAK / INCONSISTENT,True,"gamma: расст. до страйка-макс. выше, %"
14,3,-0.46373626373626364,0.0968903109689031,0.09010989010989012,-1.0,-1.0,9,4,-0.7857142857142859,-0.14285714285714288,7,7,F1 1H_start,gm_top_up_dist,R12,False,,WEAK / INCONSISTENT,False,"gamma: расст. до страйка-макс. выше, %"
14,3,-0.04175824175824176,0.891010898910109,-0.38461538461538464,1.0,-1.0,9,4,-0.42857142857142866,0.39285714285714296,7,7,F1 1H_start,gm_top_up_dist,R24,False,,NO EFFECT,False,"gamma: расст. до страйка-макс. выше, %"
14,3,-0.2351648351648352,0.412958704129587,-0.2571428571428571,1.0,-1.0,9,4,-0.5714285714285715,0.10714285714285716,7,7,F1 1H_start,gm_top_up_dist,MAE24,False,,WEAK / INCONSISTENT,False,"gamma: расст. до страйка-макс. выше, %"
14,3,0.01098901098901099,0.9753024697530247,0.006593406593406593,1.0,-1.0,9,4,-0.10714285714285716,0.07142857142857144,7,7,F1 1H_start,gm_top_dn_dist,R4,False,,NO EFFECT,False,"gamma: расст. до страйка-макс. ниже, %"
14,3,-0.14285714285714285,0.6286371362863714,0.09010989010989012,-1.0,-1.0,9,4,-0.07142857142857144,-0.642857142857143,7,7,F1 1H_start,gm_top_dn_dist,R12,False,,NO EFFECT,False,"gamma: расст. до страйка-макс. ниже, %"
14,3,-0.01978021978021978,0.9505049495050495,-0.38461538461538464,-1.0,-1.0,9,4,0.0,-0.3214285714285715,7,7,F1 1H_start,gm_top_dn_dist,R24,False,,NO EFFECT,False,"gamma: расст. до страйка-макс. ниже, %"
14,3,0.032967032967032975,0.9147085291470853,-0.2571428571428571,1.0,-1.0,9,4,0.21428571428571433,0.10714285714285716,7,7,F1 1H_start,gm_top_dn_dist,MAE24,False,,NO EFFECT,False,"gamma: расст. до страйка-макс. ниже, %"
14,3,0.6,0.027597240275972403,0.002197802197802198,1.0,1.0,9,4,0.7142857142857144,0.5357142857142858,7,7,F1 1H_start,tp_fa_4h,R4,False,,WEAK / INCONSISTENT,True,tape flow (×s) 4ч
14,3,0.21318681318681318,0.46025397460253975,0.07692307692307693,-1.0,1.0,9,4,0.5357142857142858,-0.3571428571428572,7,7,F1 1H_start,tp_fa_4h,R12,False,,WEAK / INCONSISTENT,False,tape flow (×s) 4ч
14,3,0.1956043956043956,0.5041495850414959,-0.2351648351648352,-1.0,1.0,9,4,0.6071428571428572,-0.5,7,7,F1 1H_start,tp_fa_4h,R24,False,,NO EFFECT,False,tape flow (×s) 4ч
14,3,0.6175824175824175,0.0226977302269773,-0.22637362637362637,1.0,1.0,9,4,0.6071428571428572,0.5,7,7,F1 1H_start,tp_fa_4h,MAE24,False,,WEAK / INCONSISTENT,True,tape flow (×s) 4ч
14,3,0.5472527472527472,0.0481951804819518,0.002197802197802198,1.0,1.0,9,4,0.642857142857143,0.6071428571428572,7,7,F1 1H_start,tp_fa_12h,R4,False,,WEAK / INCONSISTENT,True,tape flow (×s) 12ч
14,3,0.21318681318681318,0.46295370462953706,0.07692307692307693,-1.0,1.0,9,4,0.6071428571428572,-0.39285714285714296,7,7,F1 1H_start,tp_fa_12h,R12,False,,WEAK / INCONSISTENT,False,tape flow (×s) 12ч
14,3,-0.4065934065934066,0.1481851814818518,0.002197802197802198,-1.0,-1.0,9,4,-0.14285714285714288,-0.7142857142857144,7,7,F1 1H_start,tp_iv_12h,R4,False,,WEAK / INCONSISTENT,False,tape IV 12ч
14,3,-0.15164835164835166,0.605039496050395,0.07692307692307693,1.0,1.0,9,4,-0.3571428571428572,0.0,7,7,F1 1H_start,tp_iv_12h,R12,False,,NO EFFECT,False,tape IV 12ч
14,3,-0.1032967032967033,0.7325267473252675,-0.2351648351648352,1.0,1.0,9,4,-0.3214285714285715,0.10714285714285716,7,7,F1 1H_start,tp_iv_12h,R24,False,,NO EFFECT,False,tape IV 12ч
14,3,-0.4153846153846154,0.14158584141585842,-0.22637362637362637,-1.0,1.0,9,4,-0.5714285714285715,-0.8214285714285715,7,7,F1 1H_start,tp_iv_12h,MAE24,False,,WEAK / INCONSISTENT,False,tape IV 12ч
40,3,-0.07823639774859288,0.6305369463053695,0.08123827392120077,1.0,-1.0,22,14,-0.050005471058102643,,38,2,F3 TRANSITION,dOI_1h,R4,False,,NO EFFECT,False,ΔOI 1ч
38,3,-0.060291060291060294,0.7232276772322768,-0.0528504212714739,1.0,-1.0,22,12,-0.061003861003861015,,36,2,F3 TRANSITION,dOI_1h,R12,False,,NO EFFECT,False,ΔOI 1ч
38,3,-0.36863989495568444,0.0240975902409759,0.010832695043221359,-1.0,-1.0,22,12,-0.4007722007722008,,36,2,F3 TRANSITION,dOI_1h,R24,False,,WEAK / INCONSISTENT,True,ΔOI 1ч
38,3,-0.17102527628843417,0.3017698230176982,-0.0370937739358792,-1.0,-1.0,22,12,-0.1667953667953668,,36,2,F3 TRANSITION,dOI_1h,MAE24,False,,NO EFFECT,False,ΔOI 1ч
39,3,-0.022672064777327933,0.8917108289171083,0.08663967611336032,-1.0,1.0,21,14,-0.020625889046941674,,37,2,F3 TRANSITION,dOI_4h,R4,False,,NO EFFECT,False,ΔOI 4ч
37,3,-0.1301564722617354,0.44865513448655137,-0.05926979611190136,-1.0,-1.0,21,12,-0.18403361344537816,,35,2,F3 TRANSITION,dOI_4h,R12,False,,NO EFFECT,False,ΔOI 4ч
37,3,-0.24419155998103362,0.14728527147285272,0.03105737316263632,-1.0,-1.0,21,12,-0.28459383753501405,,35,2,F3 TRANSITION,dOI_4h,R24,False,,WEAK / INCONSISTENT,False,ΔOI 4ч
37,3,-0.29160739687055476,0.07949205079492051,-0.013750592697961118,-1.0,-1.0,21,12,-0.2935574229691877,,35,2,F3 TRANSITION,dOI_4h,MAE24,False,,WEAK / INCONSISTENT,False,ΔOI 4ч
36,3,-0.018018018018018018,0.9147085291470853,0.062033462033462036,-1.0,1.0,21,12,0.025770308123249302,,35,1,F3 TRANSITION,dOI_12h,R4,False,,NO EFFECT,False,ΔOI 12ч
34,3,-0.06890756302521009,0.698030196980302,-0.12880061115355232,-1.0,-1.0,21,10,-0.07854278074866311,,33,1,F3 TRANSITION,dOI_12h,R12,False,,NO EFFECT,False,ΔOI 12ч
34,3,-0.2085561497326203,0.2338766123387661,0.005958747135217723,-1.0,-1.0,21,10,-0.23128342245989308,,33,1,F3 TRANSITION,dOI_12h,R24,False,,WEAK / INCONSISTENT,False,ΔOI 12ч
34,3,-0.17677616501145912,0.3106689331066893,-0.06493506493506493,-1.0,-1.0,21,10,-0.170120320855615,,33,1,F3 TRANSITION,dOI_12h,MAE24,False,,NO EFFECT,False,ΔOI 12ч
38,3,-0.07254623044096728,0.6628337166283371,0.08042455410876463,1.0,-1.0,21,14,-0.03437648174490279,,37,1,F3 TRANSITION,dOI_24h,R4,False,,NO EFFECT,False,ΔOI 24ч
36,3,-0.20823680823680826,0.22107789221077892,-0.07670527670527671,-1.0,-1.0,21,12,-0.16022408963585436,,35,1,F3 TRANSITION,dOI_24h,R12,False,,WEAK / INCONSISTENT,False,ΔOI 24ч
36,3,-0.26666666666666666,0.11208879112088792,-0.01595881595881596,-1.0,-1.0,21,12,-0.2543417366946779,,35,1,F3 TRANSITION,dOI_24h,R24,False,,WEAK / INCONSISTENT,False,ΔOI 24ч
36,3,-0.2628056628056628,0.11708829117088292,-0.08262548262548262,-1.0,-1.0,21,12,-0.27450980392156865,,35,1,F3 TRANSITION,dOI_24h,MAE24,False,,WEAK / INCONSISTENT,False,ΔOI 24ч
41,3,0.07224401557273974,0.649035096490351,0.11846689895470384,1.0,1.0,22,15,0.09691140482761239,,39,2,F3 TRANSITION,fa_T,R4,False,,NO EFFECT,False,funding (×s) в T
39,3,0.02308861055454088,0.8916108389161084,-0.0617408906882591,1.0,-1.0,22,13,-0.025145301539677624,,37,2,F3 TRANSITION,fa_T,R12,False,,NO EFFECT,False,funding (×s) в T
39,3,0.01691139457284354,0.918108189181082,0.03684210526315789,1.0,-1.0,22,13,-0.02573835110429266,,37,2,F3 TRANSITION,fa_T,R24,False,,NO EFFECT,False,funding (×s) в T
39,3,-0.045772157766019644,0.7726227377262274,-0.042105263157894736,1.0,-1.0,22,13,-0.035108534225210264,,37,2,F3 TRANSITION,fa_T,MAE24,False,,NO EFFECT,False,funding (×s) в T
38,3,0.18131086552139183,0.2723727627237276,0.10362184046394572,1.0,1.0,20,14,0.15315315315315317,,36,2,F3 TRANSITION,df_4h,R4,False,,NO EFFECT,False,Δfunding 4ч
36,3,0.08442728442728444,0.620937906209379,-0.1402831402831403,1.0,-1.0,20,12,0.066768525592055,,34,2,F3 TRANSITION,df_4h,R12,False,,NO EFFECT,False,Δfunding 4ч
36,3,-0.09652509652509651,0.5724427557244276,0.025740025740025742,1.0,-1.0,20,12,-0.11168831168831168,,34,2,F3 TRANSITION,df_4h,R24,False,,NO EFFECT,False,Δfunding 4ч
36,3,0.10012870012870013,0.5562443755624438,-0.04633204633204633,1.0,-1.0,20,12,0.07624140565317035,,34,2,F3 TRANSITION,df_4h,MAE24,False,,NO EFFECT,False,Δfunding 4ч
38,3,0.08611445453550716,0.6095390460953904,0.16205274100010944,1.0,1.0,21,15,0.08611445453550716,,38,0,F3 TRANSITION,df_24h,R4,False,,NO EFFECT,False,Δfunding 24ч
36,3,-0.048133848133848134,0.7892210778922107,-0.03732303732303732,1.0,-1.0,21,13,-0.048133848133848134,,36,0,F3 TRANSITION,df_24h,R12,False,,NO EFFECT,False,Δfunding 24ч
36,3,-0.26435006435006436,0.12158784121587841,0.03732303732303732,0.0,-1.0,21,13,-0.26435006435006436,,36,0,F3 TRANSITION,df_24h,R24,False,,WEAK / INCONSISTENT,False,Δfunding 24ч
36,3,-0.12406692406692407,0.47285271472852713,-0.08288288288288288,1.0,-1.0,21,13,-0.12406692406692407,,36,0,F3 TRANSITION,df_24h,MAE24,False,,NO EFFECT,False,Δfunding 24ч
41,3,0.0980836236933798,0.5414458554144586,0.11846689895470384,1.0,1.0,22,15,0.14979757085020245,,39,2,F3 TRANSITION,liq_ia_1h,R4,False,,NO EFFECT,False,liq imbalance (×s) 1ч
39,3,0.2504048582995952,0.12908709129087093,-0.0617408906882591,1.0,1.0,22,13,0.27524893314367,,37,2,F3 TRANSITION,liq_ia_1h,R12,False,,WEAK / INCONSISTENT,False,liq imbalance (×s) 1ч
39,3,0.13218623481781377,0.41525847415258477,0.03684210526315789,1.0,-1.0,22,13,0.13110478899952582,,37,2,F3 TRANSITION,liq_ia_1h,R24,False,,NO EFFECT,False,liq imbalance (×s) 1ч
39,3,0.23319838056680164,0.1531846815318468,-0.042105263157894736,1.0,1.0,22,13,0.25414888572783306,,37,2,F3 TRANSITION,liq_ia_1h,MAE24,False,,WEAK / INCONSISTENT,False,liq imbalance (×s) 1ч
37,3,0.059032716927453766,0.7281271872812719,0.07657657657657657,1.0,0.0,20,13,0.0946778711484594,,35,2,F3 TRANSITION,liq_ia_4h,R4,False,,NO EFFECT,False,liq imbalance (×s) 4ч
35,3,0.11932773109243698,0.48995100489951005,-0.08935574229691878,1.0,1.0,20,11,0.13970588235294118,,33,2,F3 TRANSITION,liq_ia_4h,R12,False,,NO EFFECT,False,liq imbalance (×s) 4ч
35,3,0.011484593837535015,0.9519048095190481,0.09019607843137256,-1.0,-1.0,20,11,0.02540106951871658,,33,2,F3 TRANSITION,liq_ia_4h,R24,False,,NO EFFECT,False,liq imbalance (×s) 4ч
35,3,0.1380952380952381,0.41585841415858416,0.00028011204481792715,1.0,-1.0,20,11,0.14371657754010697,,33,2,F3 TRANSITION,liq_ia_4h,MAE24,False,,NO EFFECT,False,liq imbalance (×s) 4ч
30,3,0.047385984427141266,0.803019698030197,0.1408231368186874,-1.0,1.0,17,11,0.047385984427141266,,30,0,F3 TRANSITION,liq_ia_12h,R4,False,,NO EFFECT,False,liq imbalance (×s) 12ч
28,3,-0.09797482211275313,0.6214378562143785,-0.019704433497536946,-1.0,-1.0,17,9,-0.09797482211275313,,28,0,F3 TRANSITION,liq_ia_12h,R12,False,,NO EFFECT,False,liq imbalance (×s) 12ч
28,3,-0.2047071702244116,0.2987701229877012,0.11220580186097427,-1.0,-1.0,17,9,-0.2047071702244116,,28,0,F3 TRANSITION,liq_ia_12h,R24,False,,WEAK / INCONSISTENT,False,liq imbalance (×s) 12ч
28,3,0.0016420361247947454,0.9944005599440056,0.0010946907498631637,-1.0,-1.0,17,9,0.0016420361247947454,,28,0,F3 TRANSITION,liq_ia_12h,MAE24,False,,NO EFFECT,False,liq imbalance (×s) 12ч
30,3,-0.06340378197997774,0.7338266173382662,0.1408231368186874,-1.0,1.0,17,11,-0.06340378197997774,,30,0,F3 TRANSITION,liq_total_12h,R4,False,,NO EFFECT,False,liq total 12ч
28,3,-0.11548987411056376,0.5567443255674432,-0.019704433497536946,1.0,-1.0,17,9,-0.11548987411056376,,28,0,F3 TRANSITION,liq_total_12h,R12,False,,NO EFFECT,False,liq total 12ч
28,3,0.12479474548440067,0.5352464753524647,0.11220580186097427,1.0,1.0,17,9,0.12479474548440067,,28,0,F3 TRANSITION,liq_total_12h,R24,False,,NO EFFECT,False,liq total 12ч
28,3,0.03338806787082649,0.8657134286571343,0.0010946907498631637,1.0,1.0,17,9,0.03338806787082649,,28,0,F3 TRANSITION,liq_total_12h,MAE24,False,,NO EFFECT,False,liq total 12ч
36,3,-0.09909909909909911,0.5631436856314369,0.16628056628056628,-1.0,1.0,22,10,-0.1019098548510313,,34,2,F3 TRANSITION,gm_Aa,R4,False,,NO EFFECT,False,gamma асимметрия (×s)
36,3,-0.23294723294723296,0.17078292170782922,-0.07413127413127413,-1.0,-1.0,22,10,-0.29442322383498853,,34,2,F3 TRANSITION,gm_Aa,R12,False,,WEAK / INCONSISTENT,False,gamma асимметрия (×s)
36,3,-0.4195624195624196,0.012198780121987801,0.08288288288288288,-1.0,-1.0,22,10,-0.4762414056531703,,34,2,F3 TRANSITION,gm_Aa,R24,False,,WEAK / INCONSISTENT,True,gamma асимметрия (×s)
36,3,-0.5804375804375805,0.0004999500049995,-0.007207207207207207,-1.0,-1.0,22,10,-0.5844155844155844,,34,2,F3 TRANSITION,gm_Aa,MAE24,False,,WEAK / INCONSISTENT,True,gamma асимметрия (×s)
36,3,-0.0344916344916345,0.8441155884411559,0.16628056628056628,1.0,-1.0,22,10,0.0004583651642475172,,34,2,F3 TRANSITION,gm_top_up_dist,R4,False,,NO EFFECT,False,"gamma: расст. до страйка-макс. выше, %"
36,3,-0.18712998712998716,0.27077292270772924,-0.07413127413127413,-1.0,1.0,22,10,-0.15569136745607332,,34,2,F3 TRANSITION,gm_top_up_dist,R12,False,,NO EFFECT,False,"gamma: расст. до страйка-макс. выше, %"
36,3,-0.08082368082368084,0.6419358064193581,0.08288288288288288,-1.0,1.0,22,10,-0.049045072574484344,,34,2,F3 TRANSITION,gm_top_up_dist,R24,False,,NO EFFECT,False,"gamma: расст. до страйка-макс. выше, %"
36,3,0.033204633204633204,0.8491150884911509,-0.007207207207207207,-1.0,1.0,22,10,0.03682200152788388,,34,2,F3 TRANSITION,gm_top_up_dist,MAE24,False,,NO EFFECT,False,"gamma: расст. до страйка-макс. выше, %"
36,3,0.19073359073359075,0.268973102689731,0.16628056628056628,1.0,1.0,22,10,0.2381970970206264,,34,2,F3 TRANSITION,gm_top_dn_dist,R4,False,,NO EFFECT,False,"gamma: расст. до страйка-макс. ниже, %"
36,3,-0.09626769626769627,0.5701429857014298,-0.07413127413127413,-1.0,-1.0,22,10,-0.07410236822001527,,34,2,F3 TRANSITION,gm_top_dn_dist,R12,False,,NO EFFECT,False,"gamma: расст. до страйка-макс. ниже, %"
36,3,0.13153153153153155,0.44455554444555545,0.08288288288288288,1.0,-1.0,22,10,0.13857906799083267,,34,2,F3 TRANSITION,gm_top_dn_dist,R24,False,,NO EFFECT,False,"gamma: расст. до страйка-макс. ниже, %"
36,3,0.22882882882882882,0.18488151184881513,-0.007207207207207207,1.0,-1.0,22,10,0.226279602750191,,34,2,F3 TRANSITION,gm_top_dn_dist,MAE24,False,,WEAK / INCONSISTENT,False,"gamma: расст. до страйка-макс. ниже, %"
38,3,0.2935769777875041,0.07649235076492351,0.18393697341065762,1.0,0.0,23,11,0.31557271557271555,,36,2,F3 TRANSITION,tp_fa_4h,R4,False,,WEAK / INCONSISTENT,False,tape flow (×s) 4ч
37,3,0.23565670934091984,0.16548345165483452,0.016832622095779987,1.0,1.0,23,10,0.27787114845938377,,35,2,F3 TRANSITION,tp_fa_4h,R12,False,,WEAK / INCONSISTENT,False,tape flow (×s) 4ч
37,3,0.17235656709340916,0.30256974302569745,0.1778093883357041,1.0,1.0,23,10,0.2028011204481793,,35,2,F3 TRANSITION,tp_fa_4h,R24,False,,NO EFFECT,False,tape flow (×s) 4ч
37,3,0.19321953532479846,0.24167583241675833,0.06804172593646277,1.0,1.0,23,10,0.17198879551820728,,35,2,F3 TRANSITION,tp_fa_4h,MAE24,False,,NO EFFECT,False,tape flow (×s) 4ч
37,3,0.3224276908487435,0.0524947505249475,0.1998577524893314,1.0,1.0,23,10,0.315406162464986,,35,2,F3 TRANSITION,tp_fa_12h,R4,False,,WEAK / INCONSISTENT,False,tape flow (×s) 12ч
37,3,0.26718824087245135,0.1044895510448955,0.016832622095779987,1.0,1.0,23,10,0.3036414565826331,,35,2,F3 TRANSITION,tp_fa_12h,R12,False,,WEAK / INCONSISTENT,False,tape flow (×s) 12ч
37,3,0.19677572309151253,0.23867613238676133,0.1778093883357041,1.0,1.0,23,10,0.22549019607843138,,35,2,F3 TRANSITION,tp_fa_12h,R24,False,,NO EFFECT,False,tape flow (×s) 12ч
37,3,0.19724988146040778,0.23997600239976002,0.06804172593646277,-1.0,1.0,23,10,0.16078431372549024,,35,2,F3 TRANSITION,tp_fa_12h,MAE24,False,,NO EFFECT,False,tape flow (×s) 12ч
37,3,0.008060692271218587,0.9614038596140386,0.1998577524893314,-1.0,1.0,23,10,-0.0011204481792717086,,35,2,F3 TRANSITION,tp_iv_12h,R4,False,,NO EFFECT,False,tape IV 12ч
37,3,-0.3072546230440967,0.06669333066693331,0.016832622095779987,-1.0,-1.0,23,10,-0.28403361344537814,,35,2,F3 TRANSITION,tp_iv_12h,R12,False,,WEAK / INCONSISTENT,False,tape IV 12ч
37,3,-0.24561403508771928,0.137986201379862,0.1778093883357041,-1.0,1.0,23,10,-0.23445378151260504,,35,2,F3 TRANSITION,tp_iv_12h,R24,False,,WEAK / INCONSISTENT,False,tape IV 12ч
37,3,-0.38549075391180654,0.022497750224977502,0.06804172593646277,-1.0,-1.0,23,10,-0.43221288515406164,,35,2,F3 TRANSITION,tp_iv_12h,MAE24,False,,WEAK / INCONSISTENT,True,tape IV 12ч
5,3,-0.49999999999999994,0.45355464453554645,0.6,,,3,1,,,3,2,F2 4H_start,dOI_1h,R4,False,,INSUFFICIENT DATA,False,ΔOI 1ч
5,3,-0.7999999999999999,0.1376862313768623,0.09999999999999999,,,3,1,,,3,2,F2 4H_start,dOI_1h,R12,False,,INSUFFICIENT DATA,False,ΔOI 1ч
5,3,-0.9999999999999999,0.0164983501649835,-0.09999999999999999,,,3,1,,,3,2,F2 4H_start,dOI_1h,R24,False,,INSUFFICIENT DATA,False,ΔOI 1ч
5,3,-0.7,0.23407659234076592,0.39999999999999997,,,3,1,,,3,2,F2 4H_start,dOI_1h,MAE24,False,,INSUFFICIENT DATA,False,ΔOI 1ч
5,3,-0.19999999999999998,0.7889211078892111,0.6,,,3,1,,,3,2,F2 4H_start,dOI_4h,R4,False,,INSUFFICIENT DATA,False,ΔOI 4ч
5,3,-0.3,0.6853314668533147,0.09999999999999999,,,3,1,,,3,2,F2 4H_start,dOI_4h,R12,False,,INSUFFICIENT DATA,False,ΔOI 4ч
5,3,-0.3,0.6878312168783122,-0.09999999999999999,,,3,1,,,3,2,F2 4H_start,dOI_4h,R24,False,,INSUFFICIENT DATA,False,ΔOI 4ч
5,3,-0.19999999999999998,0.7867213278672133,0.39999999999999997,,,3,1,,,3,2,F2 4H_start,dOI_4h,MAE24,False,,INSUFFICIENT DATA,False,ΔOI 4ч
5,3,0.39999999999999997,0.507949205079492,0.6,,,3,1,,,3,2,F2 4H_start,dOI_12h,R4,False,,INSUFFICIENT DATA,False,ΔOI 12ч
5,3,0.09999999999999999,0.9508049195080492,0.09999999999999999,,,3,1,,,3,2,F2 4H_start,dOI_12h,R12,False,,INSUFFICIENT DATA,False,ΔOI 12ч
5,3,-0.39999999999999997,0.5205479452054794,-0.09999999999999999,,,3,1,,,3,2,F2 4H_start,dOI_12h,R24,False,,INSUFFICIENT DATA,False,ΔOI 12ч
5,3,-0.09999999999999999,0.9534046595340466,0.39999999999999997,,,3,1,,,3,2,F2 4H_start,dOI_12h,MAE24,False,,INSUFFICIENT DATA,False,ΔOI 12ч
5,3,0.0,1.0,0.6,,,3,1,,,3,2,F2 4H_start,dOI_24h,R4,False,,INSUFFICIENT DATA,False,ΔOI 24ч
5,3,-0.39999999999999997,0.5206479352064793,0.09999999999999999,,,3,1,,,3,2,F2 4H_start,dOI_24h,R12,False,,INSUFFICIENT DATA,False,ΔOI 24ч
5,3,-0.49999999999999994,0.44525547445255476,-0.09999999999999999,,,3,1,,,3,2,F2 4H_start,dOI_24h,R24,False,,INSUFFICIENT DATA,False,ΔOI 24ч
5,3,-0.09999999999999999,0.946905309469053,0.39999999999999997,,,3,1,,,3,2,F2 4H_start,dOI_24h,MAE24,False,,INSUFFICIENT DATA,False,ΔOI 24ч
5,3,0.0,1.0,0.6,,,3,1,,,3,2,F2 4H_start,fa_T,R4,False,,INSUFFICIENT DATA,False,funding (×s) в T
5,3,-0.7,0.23557644235576441,0.09999999999999999,,,3,1,,,3,2,F2 4H_start,fa_T,R12,False,,INSUFFICIENT DATA,False,funding (×s) в T
5,3,-0.49999999999999994,0.45235476452354767,-0.09999999999999999,,,3,1,,,3,2,F2 4H_start,fa_T,R24,False,,INSUFFICIENT DATA,False,funding (×s) в T
5,3,0.19999999999999998,0.7811218878112188,0.39999999999999997,,,3,1,,,3,2,F2 4H_start,fa_T,MAE24,False,,INSUFFICIENT DATA,False,funding (×s) в T
5,3,-0.39999999999999997,0.512048795120488,0.6,,,3,1,,,3,2,F2 4H_start,df_4h,R4,False,,INSUFFICIENT DATA,False,Δfunding 4ч
5,3,-0.8999999999999998,0.0805919408059194,0.09999999999999999,,,3,1,,,3,2,F2 4H_start,df_4h,R12,False,,INSUFFICIENT DATA,False,Δfunding 4ч
5,3,-0.6,0.34966503349665035,-0.09999999999999999,,,3,1,,,3,2,F2 4H_start,df_4h,R24,False,,INSUFFICIENT DATA,False,Δfunding 4ч
5,3,-0.09999999999999999,0.9461053894610539,0.39999999999999997,,,3,1,,,3,2,F2 4H_start,df_4h,MAE24,False,,INSUFFICIENT DATA,False,Δfunding 4ч
5,3,-0.19999999999999998,0.7806219378062194,0.6,,,3,1,,,3,2,F2 4H_start,df_24h,R4,False,,INSUFFICIENT DATA,False,Δfunding 24ч
5,3,-0.7,0.24027597240275972,0.09999999999999999,,,3,1,,,3,2,F2 4H_start,df_24h,R12,False,,INSUFFICIENT DATA,False,Δfunding 24ч
5,3,-0.7999999999999999,0.1322867713228677,-0.09999999999999999,,,3,1,,,3,2,F2 4H_start,df_24h,R24,False,,INSUFFICIENT DATA,False,Δfunding 24ч
5,3,-0.3,0.6813318668133187,0.39999999999999997,,,3,1,,,3,2,F2 4H_start,df_24h,MAE24,False,,INSUFFICIENT DATA,False,Δfunding 24ч
5,3,-0.19999999999999998,0.7875212478752125,0.6,,,3,1,,,3,2,F2 4H_start,liq_ia_1h,R4,False,,INSUFFICIENT DATA,False,liq imbalance (×s) 1ч
5,3,-0.3,0.6788321167883211,0.09999999999999999,,,3,1,,,3,2,F2 4H_start,liq_ia_1h,R12,False,,INSUFFICIENT DATA,False,liq imbalance (×s) 1ч
5,3,-0.3,0.6827317268273173,-0.09999999999999999,,,3,1,,,3,2,F2 4H_start,liq_ia_1h,R24,False,,INSUFFICIENT DATA,False,liq imbalance (×s) 1ч
5,3,-0.19999999999999998,0.7884211578842116,0.39999999999999997,,,3,1,,,3,2,F2 4H_start,liq_ia_1h,MAE24,False,,INSUFFICIENT DATA,False,liq imbalance (×s) 1ч
4,2,,,,,,0,0,,,2,2,F2 4H_start,liq_ia_4h,R4,False,,INSUFFICIENT DATA,False,liq imbalance (×s) 4ч
4,2,,,,,,0,0,,,2,2,F2 4H_start,liq_ia_4h,R12,False,,INSUFFICIENT DATA,False,liq imbalance (×s) 4ч
4,2,,,,,,0,0,,,2,2,F2 4H_start,liq_ia_4h,R24,False,,INSUFFICIENT DATA,False,liq imbalance (×s) 4ч
4,2,,,,,,0,0,,,2,2,F2 4H_start,liq_ia_4h,MAE24,False,,INSUFFICIENT DATA,False,liq imbalance (×s) 4ч
3,3,,,,,,0,0,,,2,1,F2 4H_start,liq_ia_12h,R4,False,,INSUFFICIENT DATA,False,liq imbalance (×s) 12ч
3,3,,,,,,0,0,,,2,1,F2 4H_start,liq_ia_12h,R12,False,,INSUFFICIENT DATA,False,liq imbalance (×s) 12ч
3,3,,,,,,0,0,,,2,1,F2 4H_start,liq_ia_12h,R24,False,,INSUFFICIENT DATA,False,liq imbalance (×s) 12ч
3,3,,,,,,0,0,,,2,1,F2 4H_start,liq_ia_12h,MAE24,False,,INSUFFICIENT DATA,False,liq imbalance (×s) 12ч
3,3,,,,,,0,0,,,2,1,F2 4H_start,liq_total_12h,R4,False,,INSUFFICIENT DATA,False,liq total 12ч
3,3,,,,,,0,0,,,2,1,F2 4H_start,liq_total_12h,R12,False,,INSUFFICIENT DATA,False,liq total 12ч
3,3,,,,,,0,0,,,2,1,F2 4H_start,liq_total_12h,R24,False,,INSUFFICIENT DATA,False,liq total 12ч
3,3,,,,,,0,0,,,2,1,F2 4H_start,liq_total_12h,MAE24,False,,INSUFFICIENT DATA,False,liq total 12ч
6,3,-0.14285714285714288,0.805019498050195,0.3142857142857143,-1.0,,4,1,,,4,2,F2 4H_start,gm_Aa,R4,False,,INSUFFICIENT DATA,False,gamma асимметрия (×s)
6,3,-0.7142857142857143,0.13258674132586742,0.08571428571428573,-1.0,,4,1,,,4,2,F2 4H_start,gm_Aa,R12,False,,INSUFFICIENT DATA,False,gamma асимметрия (×s)
6,3,-0.6,0.24417558244175583,-0.14285714285714288,-1.0,,4,1,,,4,2,F2 4H_start,gm_Aa,R24,False,,INSUFFICIENT DATA,False,gamma асимметрия (×s)
6,3,0.028571428571428574,1.0,0.2571428571428572,-1.0,,4,1,,,4,2,F2 4H_start,gm_Aa,MAE24,False,,INSUFFICIENT DATA,False,gamma асимметрия (×s)
6,3,0.3714285714285715,0.49425057494250574,0.3142857142857143,1.0,,4,1,,,4,2,F2 4H_start,gm_top_up_dist,R4,False,,INSUFFICIENT DATA,False,"gamma: расст. до страйка-макс. выше, %"
6,3,0.6,0.23397660233976603,0.08571428571428573,1.0,,4,1,,,4,2,F2 4H_start,gm_top_up_dist,R12,False,,INSUFFICIENT DATA,False,"gamma: расст. до страйка-макс. выше, %"
6,3,0.48571428571428577,0.34796520347965204,-0.14285714285714288,1.0,,4,1,,,4,2,F2 4H_start,gm_top_up_dist,R24,False,,INSUFFICIENT DATA,False,"gamma: расст. до страйка-макс. выше, %"
6,3,0.4285714285714286,0.41755824417558246,0.2571428571428572,1.0,,4,1,,,4,2,F2 4H_start,gm_top_up_dist,MAE24,False,,INSUFFICIENT DATA,False,"gamma: расст. до страйка-макс. выше, %"
6,3,-0.2,0.7184281571842815,0.3142857142857143,-1.0,,4,1,,,4,2,F2 4H_start,gm_top_dn_dist,R4,False,,INSUFFICIENT DATA,False,"gamma: расст. до страйка-макс. ниже, %"
6,3,-0.3142857142857143,0.5641435856414359,0.08571428571428573,-1.0,,4,1,,,4,2,F2 4H_start,gm_top_dn_dist,R12,False,,INSUFFICIENT DATA,False,"gamma: расст. до страйка-макс. ниже, %"
6,3,-0.08571428571428573,0.9207079292070793,-0.14285714285714288,-1.0,,4,1,,,4,2,F2 4H_start,gm_top_dn_dist,R24,False,,INSUFFICIENT DATA,False,"gamma: расст. до страйка-макс. ниже, %"
6,3,0.3142857142857143,0.5614438556144385,0.2571428571428572,1.0,,4,1,,,4,2,F2 4H_start,gm_top_dn_dist,MAE24,False,,INSUFFICIENT DATA,False,"gamma: расст. до страйка-макс. ниже, %"
4,2,,,,,,0,0,,,2,2,F2 4H_start,tp_fa_4h,R4,False,,INSUFFICIENT DATA,False,tape flow (×s) 4ч
4,2,,,,,,0,0,,,2,2,F2 4H_start,tp_fa_4h,R12,False,,INSUFFICIENT DATA,False,tape flow (×s) 4ч
4,2,,,,,,0,0,,,2,2,F2 4H_start,tp_fa_4h,R24,False,,INSUFFICIENT DATA,False,tape flow (×s) 4ч
4,2,,,,,,0,0,,,2,2,F2 4H_start,tp_fa_4h,MAE24,False,,INSUFFICIENT DATA,False,tape flow (×s) 4ч
4,2,,,,,,0,0,,,2,2,F2 4H_start,tp_fa_12h,R4,False,,INSUFFICIENT DATA,False,tape flow (×s) 12ч
4,2,,,,,,0,0,,,2,2,F2 4H_start,tp_fa_12h,R12,False,,INSUFFICIENT DATA,False,tape flow (×s) 12ч
4,2,,,,,,0,0,,,2,2,F2 4H_start,tp_fa_12h,R24,False,,INSUFFICIENT DATA,False,tape flow (×s) 12ч
4,2,,,,,,0,0,,,2,2,F2 4H_start,tp_fa_12h,MAE24,False,,INSUFFICIENT DATA,False,tape flow (×s) 12ч
4,2,,,,,,0,0,,,2,2,F2 4H_start,tp_iv_12h,R4,False,,INSUFFICIENT DATA,False,tape IV 12ч
4,2,,,,,,0,0,,,2,2,F2 4H_start,tp_iv_12h,R12,False,,INSUFFICIENT DATA,False,tape IV 12ч
4,2,,,,,,0,0,,,2,2,F2 4H_start,tp_iv_12h,R24,False,,INSUFFICIENT DATA,False,tape IV 12ч
4,2,,,,,,0,0,,,2,2,F2 4H_start,tp_iv_12h,MAE24,False,,INSUFFICIENT DATA,False,tape IV 12ч
15,3,-0.049999999999999996,0.8633136686331366,0.2571428571428571,-1.0,0.0,9,5,-0.25,-0.1666666666666667,7,8,F1 1H_end,dOI_1h,R4,False,,NO EFFECT,False,ΔOI 1ч
15,3,-0.4964285714285714,0.06319368063193681,0.5357142857142856,-1.0,1.0,9,5,-0.6071428571428572,-0.7619047619047621,7,8,F1 1H_end,dOI_1h,R12,False,,WEAK / INCONSISTENT,False,ΔOI 1ч
15,3,-0.6142857142857142,0.016198380161983803,0.049999999999999996,-1.0,-1.0,9,5,-0.9285714285714288,-0.523809523809524,7,8,F1 1H_end,dOI_1h,R24,False,,WEAK / INCONSISTENT,True,ΔOI 1ч
15,3,-0.4428571428571427,0.10118988101189881,0.0857142857142857,-1.0,1.0,9,5,-0.8571428571428573,-0.1666666666666667,7,8,F1 1H_end,dOI_1h,MAE24,False,,WEAK / INCONSISTENT,False,ΔOI 1ч
15,3,-0.2071428571428571,0.45915408459154083,0.2571428571428571,-1.0,0.0,9,5,0.03571428571428572,-0.523809523809524,7,8,F1 1H_end,dOI_4h,R4,False,,WEAK / INCONSISTENT,False,ΔOI 4ч
15,3,-0.4142857142857142,0.12638736126387362,0.5357142857142856,-1.0,-1.0,9,5,-0.3214285714285715,-0.6428571428571429,7,8,F1 1H_end,dOI_4h,R12,False,,WEAK / INCONSISTENT,False,ΔOI 4ч
15,3,-0.6285714285714286,0.010298970102989701,0.049999999999999996,-1.0,1.0,9,5,-0.7142857142857144,-0.5714285714285715,7,8,F1 1H_end,dOI_4h,R24,False,,WEAK / INCONSISTENT,True,ΔOI 4ч
15,3,-0.6107142857142855,0.0174982501749825,0.0857142857142857,-1.0,1.0,9,5,-0.5357142857142858,-0.8095238095238096,7,8,F1 1H_end,dOI_4h,MAE24,False,,WEAK / INCONSISTENT,True,ΔOI 4ч
14,3,-0.12087912087912088,0.6866313368663134,0.2703296703296703,1.0,-1.0,9,4,-0.028571428571428574,-0.28571428571428575,6,8,F1 1H_end,dOI_12h,R4,False,,NO EFFECT,False,ΔOI 12ч
14,3,-0.410989010989011,0.1494850514948505,0.4813186813186813,-1.0,-1.0,9,4,-0.3714285714285715,-0.6190476190476191,6,8,F1 1H_end,dOI_12h,R12,False,,WEAK / INCONSISTENT,False,ΔOI 12ч
14,3,-0.665934065934066,0.012898710128987101,0.0945054945054945,-1.0,-1.0,9,4,-0.7714285714285715,-0.7619047619047621,6,8,F1 1H_end,dOI_12h,R24,False,,WEAK / INCONSISTENT,True,ΔOI 12ч
14,3,-0.6,0.025897410258974102,0.15604395604395604,-1.0,-1.0,9,4,-0.6571428571428573,-0.7619047619047621,6,8,F1 1H_end,dOI_12h,MAE24,False,,WEAK / INCONSISTENT,True,ΔOI 12ч
13,2,0.39560439560439564,0.1795820417958204,0.3516483516483516,1.0,-1.0,8,5,0.6785714285714287,0.028571428571428574,7,6,F1 1H_end,dOI_24h,R4,False,,WEAK / INCONSISTENT,False,ΔOI 24ч
13,2,0.33516483516483514,0.26247375262473754,0.5274725274725275,1.0,-1.0,8,5,0.5714285714285715,0.3714285714285715,7,6,F1 1H_end,dOI_24h,R12,False,,WEAK / INCONSISTENT,False,ΔOI 24ч
13,2,-0.049450549450549455,0.8779122087791221,0.14285714285714285,1.0,-1.0,8,5,-0.10714285714285716,0.3142857142857143,7,6,F1 1H_end,dOI_24h,R24,False,,NO EFFECT,False,ΔOI 24ч
13,2,-0.07692307692307691,0.8055194480551945,0.027472527472527472,1.0,-1.0,8,5,-0.07142857142857144,-0.08571428571428573,7,6,F1 1H_end,dOI_24h,MAE24,False,,NO EFFECT,False,ΔOI 24ч
15,3,0.07864167572767856,0.7811218878112188,0.2571428571428571,1.0,-1.0,9,5,0.14285714285714288,0.2155727271443866,7,8,F1 1H_end,fa_T,R4,False,,NO EFFECT,False,funding (×s) в T
15,3,-0.13941024333543015,0.6205379462053795,0.5357142857142856,1.0,-1.0,9,5,-0.42857142857142866,0.3113828280974473,7,8,F1 1H_end,fa_T,R12,False,,NO EFFECT,False,funding (×s) в T
15,3,-0.11438789196753243,0.6837316268373163,0.049999999999999996,-1.0,-1.0,9,5,-0.42857142857142866,0.5149792926227014,7,8,F1 1H_end,fa_T,R24,False,,NO EFFECT,False,funding (×s) в T
15,3,0.030384283803875804,0.9166083391660834,0.0857142857142857,1.0,-1.0,9,5,-0.39285714285714296,0.6467181814331598,7,8,F1 1H_end,fa_T,MAE24,False,,NO EFFECT,False,funding (×s) в T
13,3,-0.1043956043956044,0.7353264673532647,0.39560439560439564,-1.0,1.0,8,4,0.2571428571428572,-0.28571428571428575,6,7,F1 1H_end,df_4h,R4,False,,NO EFFECT,False,Δfunding 4ч
13,3,-0.3516483516483516,0.2400759924007599,0.5164835164835164,-1.0,1.0,8,4,-0.2571428571428572,-0.6071428571428572,6,7,F1 1H_end,df_4h,R12,False,,WEAK / INCONSISTENT,False,Δfunding 4ч
13,3,-0.32417582417582413,0.27787221277872215,0.18131868131868134,-1.0,1.0,8,4,-0.8285714285714287,-0.642857142857143,6,7,F1 1H_end,df_4h,R24,False,,WEAK / INCONSISTENT,False,Δfunding 4ч
13,3,-0.4340659340659341,0.147985201479852,0.18131868131868134,-1.0,1.0,8,4,-0.6571428571428573,-0.6071428571428572,6,7,F1 1H_end,df_4h,MAE24,False,,WEAK / INCONSISTENT,False,Δfunding 4ч
13,2,0.3736263736263736,0.207979202079792,0.3516483516483516,-1.0,1.0,8,5,0.5,0.3714285714285715,7,6,F1 1H_end,df_24h,R4,False,,WEAK / INCONSISTENT,False,Δfunding 24ч
13,2,-0.07692307692307691,0.7992200779922007,0.5274725274725275,-1.0,1.0,8,5,0.21428571428571433,-0.48571428571428577,7,6,F1 1H_end,df_24h,R12,False,,NO EFFECT,False,Δfunding 24ч
13,2,-0.005494505494505494,0.9934006599340066,0.14285714285714285,-1.0,1.0,8,5,0.07142857142857144,-0.4285714285714286,7,6,F1 1H_end,df_24h,R24,False,,NO EFFECT,False,Δfunding 24ч
13,2,0.1758241758241758,0.5671432856714329,0.027472527472527472,-1.0,1.0,8,5,0.25,0.2571428571428572,7,6,F1 1H_end,df_24h,MAE24,False,,NO EFFECT,False,Δfunding 24ч
15,3,0.3071428571428571,0.2693730626937306,0.2571428571428571,1.0,1.0,9,5,-0.25,0.5952380952380953,7,8,F1 1H_end,liq_ia_1h,R4,False,,WEAK / INCONSISTENT,False,liq imbalance (×s) 1ч
15,3,0.2821428571428571,0.31026897310268975,0.5357142857142856,1.0,1.0,9,5,-0.1785714285714286,0.5476190476190477,7,8,F1 1H_end,liq_ia_1h,R12,False,,WEAK / INCONSISTENT,False,liq imbalance (×s) 1ч
15,3,0.4392857142857142,0.10598940105989402,0.049999999999999996,1.0,1.0,9,5,0.7142857142857144,0.28571428571428575,7,8,F1 1H_end,liq_ia_1h,R24,False,,WEAK / INCONSISTENT,False,liq imbalance (×s) 1ч
15,3,0.24642857142857136,0.37746225377462256,0.0857142857142857,1.0,1.0,9,5,0.5714285714285715,0.30952380952380953,7,8,F1 1H_end,liq_ia_1h,MAE24,False,,WEAK / INCONSISTENT,False,liq imbalance (×s) 1ч
13,3,0.03296703296703297,0.9168083191680831,0.39560439560439564,1.0,-1.0,8,4,-0.14285714285714288,0.10714285714285716,6,7,F1 1H_end,liq_ia_4h,R4,False,,NO EFFECT,False,liq imbalance (×s) 4ч
13,3,0.21978021978021978,0.47295270472952705,0.5164835164835164,1.0,-1.0,8,4,-0.08571428571428573,0.39285714285714296,6,7,F1 1H_end,liq_ia_4h,R12,False,,WEAK / INCONSISTENT,False,liq imbalance (×s) 4ч
13,3,0.3516483516483516,0.24127587241275872,0.18131868131868134,1.0,-1.0,8,4,0.3714285714285715,0.21428571428571433,6,7,F1 1H_end,liq_ia_4h,R24,False,,WEAK / INCONSISTENT,False,liq imbalance (×s) 4ч
13,3,0.016483516483516484,0.962003799620038,0.18131868131868134,1.0,-1.0,8,4,0.14285714285714288,-0.1785714285714286,6,7,F1 1H_end,liq_ia_4h,MAE24,False,,NO EFFECT,False,liq imbalance (×s) 4ч
11,2,0.045454545454545456,0.9001099890010998,0.7000000000000001,-1.0,,8,3,-0.49999999999999994,0.6,5,6,F1 1H_end,liq_ia_12h,R4,False,,NO EFFECT,False,liq imbalance (×s) 12ч
11,2,-0.03636363636363637,0.925007499250075,0.6363636363636364,0.0,,8,3,-0.39999999999999997,0.2571428571428572,5,6,F1 1H_end,liq_ia_12h,R12,False,,NO EFFECT,False,liq imbalance (×s) 12ч
11,2,-0.13636363636363638,0.6976302369763023,0.22727272727272727,1.0,,8,3,-0.6,0.08571428571428573,5,6,F1 1H_end,liq_ia_12h,R24,False,,NO EFFECT,False,liq imbalance (×s) 12ч
11,2,-0.27272727272727276,0.41675832416758324,0.18181818181818182,-1.0,,8,3,-0.6,0.028571428571428574,5,6,F1 1H_end,liq_ia_12h,MAE24,False,,WEAK / INCONSISTENT,False,liq imbalance (×s) 12ч
11,2,0.5636363636363637,0.07749225077492251,0.7000000000000001,1.0,,8,3,0.09999999999999999,0.8857142857142858,5,6,F1 1H_end,liq_total_12h,R4,False,,WEAK / INCONSISTENT,False,liq total 12ч
11,2,0.33636363636363636,0.30746925307469253,0.6363636363636364,1.0,,8,3,0.49999999999999994,0.2,5,6,F1 1H_end,liq_total_12h,R12,False,,WEAK / INCONSISTENT,False,liq total 12ч
11,2,0.28181818181818186,0.4096590340965903,0.22727272727272727,-1.0,,8,3,0.6,0.028571428571428574,5,6,F1 1H_end,liq_total_12h,R24,False,,WEAK / INCONSISTENT,False,liq total 12ч
11,2,0.21818181818181823,0.5231476852314768,0.18181818181818182,-1.0,,8,3,0.6,0.08571428571428573,5,6,F1 1H_end,liq_total_12h,MAE24,False,,WEAK / INCONSISTENT,False,liq total 12ч
13,3,-0.1043956043956044,0.7359264073592641,0.4835164835164835,1.0,,9,3,0.0,-0.1666666666666667,5,8,F1 1H_end,gm_Aa,R4,False,,NO EFFECT,False,gamma асимметрия (×s)
13,3,-0.2802197802197803,0.35496450354964504,0.6043956043956044,-1.0,,9,3,-0.19999999999999998,-0.3333333333333334,5,8,F1 1H_end,gm_Aa,R12,False,,WEAK / INCONSISTENT,False,gamma асимметрия (×s)
13,3,-0.5989010989010989,0.036896310368963105,0.21978021978021978,-1.0,,9,3,-0.7999999999999999,-0.5952380952380953,5,8,F1 1H_end,gm_Aa,R24,False,,WEAK / INCONSISTENT,True,gamma асимметрия (×s)
13,3,-0.21428571428571427,0.48175182481751827,0.20329670329670327,1.0,,9,3,-0.7999999999999999,-0.11904761904761905,5,8,F1 1H_end,gm_Aa,MAE24,False,,WEAK / INCONSISTENT,False,gamma асимметрия (×s)
13,3,-0.0879120879120879,0.7782221777822218,0.4835164835164835,-1.0,,9,3,-0.49999999999999994,-0.023809523809523815,5,8,F1 1H_end,gm_top_up_dist,R4,False,,NO EFFECT,False,"gamma: расст. до страйка-макс. выше, %"
13,3,0.13736263736263735,0.6544345565443456,0.6043956043956044,1.0,,9,3,-0.09999999999999999,-0.07142857142857144,5,8,F1 1H_end,gm_top_up_dist,R12,False,,NO EFFECT,False,"gamma: расст. до страйка-макс. выше, %"
13,3,0.26373626373626374,0.3865613438656134,0.21978021978021978,1.0,,9,3,0.09999999999999999,0.07142857142857144,5,8,F1 1H_end,gm_top_up_dist,R24,False,,WEAK / INCONSISTENT,False,"gamma: расст. до страйка-макс. выше, %"
13,3,0.6538461538461539,0.0183981601839816,0.20329670329670327,1.0,,9,3,0.09999999999999999,0.7380952380952381,5,8,F1 1H_end,gm_top_up_dist,MAE24,False,,WEAK / INCONSISTENT,True,"gamma: расст. до страйка-макс. выше, %"
13,3,-0.3186813186813187,0.2896710328967103,0.4835164835164835,-1.0,,9,3,-0.19999999999999998,-0.4523809523809524,5,8,F1 1H_end,gm_top_dn_dist,R4,False,,WEAK / INCONSISTENT,False,"gamma: расст. до страйка-макс. ниже, %"
13,3,0.1758241758241758,0.5620437956204379,0.6043956043956044,1.0,,9,3,0.09999999999999999,0.14285714285714288,5,8,F1 1H_end,gm_top_dn_dist,R12,False,,NO EFFECT,False,"gamma: расст. до страйка-макс. ниже, %"
13,3,0.32967032967032966,0.27317268273172685,0.21978021978021978,1.0,,9,3,0.6,0.11904761904761905,5,8,F1 1H_end,gm_top_dn_dist,R24,False,,WEAK / INCONSISTENT,False,"gamma: расст. до страйка-макс. ниже, %"
13,3,0.576923076923077,0.042995700429957005,0.20329670329670327,1.0,,9,3,0.6,0.5000000000000001,5,8,F1 1H_end,gm_top_dn_dist,MAE24,False,,WEAK / INCONSISTENT,True,"gamma: расст. до страйка-макс. ниже, %"
14,3,-0.12967032967032965,0.6586341365863414,0.5296703296703297,-1.0,-1.0,9,4,-0.028571428571428574,-0.2380952380952381,6,8,F1 1H_end,tp_fa_4h,R4,False,,NO EFFECT,False,tape flow (×s) 4ч
14,3,0.35824175824175825,0.21237876212378762,0.621978021978022,1.0,-1.0,9,4,0.08571428571428573,0.4285714285714286,6,8,F1 1H_end,tp_fa_4h,R12,False,,WEAK / INCONSISTENT,False,tape flow (×s) 4ч
14,3,0.3758241758241759,0.18448155184481552,0.27912087912087913,1.0,-1.0,9,4,0.3142857142857143,0.4047619047619048,6,8,F1 1H_end,tp_fa_4h,R24,False,,WEAK / INCONSISTENT,False,tape flow (×s) 4ч
14,3,0.4945054945054946,0.0760923907609239,0.26593406593406593,1.0,-1.0,9,4,0.3142857142857143,0.5714285714285715,6,8,F1 1H_end,tp_fa_4h,MAE24,False,,WEAK / INCONSISTENT,False,tape flow (×s) 4ч
14,3,0.006593406593406593,0.9894010598940106,0.5296703296703297,-1.0,1.0,9,4,0.2571428571428572,-0.09523809523809526,6,8,F1 1H_end,tp_fa_12h,R4,False,,NO EFFECT,False,tape flow (×s) 12ч
14,3,0.5516483516483517,0.0451954804519548,0.621978021978022,1.0,1.0,9,4,0.4285714285714286,0.523809523809524,6,8,F1 1H_end,tp_fa_12h,R12,False,,WEAK / INCONSISTENT,True,tape flow (×s) 12ч
14,3,0.5604395604395604,0.0410958904109589,0.27912087912087913,1.0,1.0,9,4,0.48571428571428577,0.4285714285714286,6,8,F1 1H_end,tp_fa_12h,R24,False,,WEAK / INCONSISTENT,True,tape flow (×s) 12ч
14,3,0.8021978021978022,0.000999900009999,0.26593406593406593,1.0,1.0,9,4,0.48571428571428577,0.7619047619047621,6,8,F1 1H_end,tp_fa_12h,MAE24,False,,WEAK / INCONSISTENT,True,tape flow (×s) 12ч
14,3,0.05054945054945055,0.863013698630137,0.5296703296703297,1.0,-1.0,9,4,-0.2571428571428572,0.4047619047619048,6,8,F1 1H_end,tp_iv_12h,R4,False,,NO EFFECT,False,tape IV 12ч
14,3,0.221978021978022,0.43865613438656137,0.621978021978022,1.0,-1.0,9,4,-0.2,0.5952380952380953,6,8,F1 1H_end,tp_iv_12h,R12,False,,WEAK / INCONSISTENT,False,tape IV 12ч
14,3,-0.059340659340659345,0.8462153784621538,0.27912087912087913,1.0,-1.0,9,4,-0.3714285714285715,0.3333333333333334,6,8,F1 1H_end,tp_iv_12h,R24,False,,NO EFFECT,False,tape IV 12ч
14,3,-0.221978021978022,0.43925607439256076,0.26593406593406593,1.0,-1.0,9,4,-0.3714285714285715,-0.07142857142857144,6,8,F1 1H_end,tp_iv_12h,MAE24,False,,WEAK / INCONSISTENT,False,tape IV 12ч
