family,layer,k_h,median,n
1H_start,price,-24,-1.2521957614870516,17
1H_start,price,-23,-1.292510618187559,17
1H_start,price,-22,-1.3563491014295437,17
1H_start,price,-21,-1.4569702032810716,17
1H_start,price,-20,-1.3351927609822623,17
1H_start,price,-19,-1.1844655795884451,17
1H_start,price,-18,-1.3102066648879918,17
1H_start,price,-17,-1.2824922110064474,17
1H_start,price,-16,-1.4596675259866188,17
1H_start,price,-15,-1.420130347981341,17
1H_start,price,-14,-1.5061139905085064,17
1H_start,price,-13,-1.3191689447392685,17
1H_start,price,-12,-1.3877914751822429,17
1H_start,price,-11,-1.5601709983732448,17
1H_start,price,-10,-1.3330194019430475,17
1H_start,price,-9,-1.2007011103796317,17
1H_start,price,-8,-1.1142447310558246,17
1H_start,price,-7,-0.9886393447863684,17
1H_start,price,-6,-1.0389895385238157,17
1H_start,price,-5,-0.9554163621442457,17
1H_start,price,-4,-0.6968545814089122,17
1H_start,price,-3,-0.6023978694679744,17
1H_start,price,-2,-0.5658061969294637,17
1H_start,price,-1,-0.4619197049232193,17
1H_start,price,0,0.0,17
1H_start,price,1,0.02075689411520365,17
1H_start,price,2,0.10577115268767256,17
1H_start,price,3,0.04764613843980525,17
1H_start,price,4,-0.028124194326228924,17
1H_start,price,5,-0.010651544493378573,17
1H_start,price,6,0.02473057148506541,17
1H_start,price,7,0.25930179703904654,17
1H_start,price,8,0.09061363703177228,16
1H_start,price,9,-0.0029397218458293572,16
1H_start,price,10,0.0012896050555100125,16
1H_start,price,11,0.0249109893528332,16
1H_start,price,12,0.07037267318827367,16
1H_start,price,13,0.13880158591442204,16
1H_start,price,14,0.31777465771730684,16
1H_start,price,15,0.4374943919213947,16
1H_start,price,16,0.22634858408648317,16
1H_start,price,17,0.27291903648767324,16
1H_start,price,18,0.16297100069929127,16
1H_start,price,19,0.2676788593746704,16
1H_start,price,20,0.27358698716862806,16
1H_start,price,21,0.17233373572625998,16
1H_start,price,22,-0.0786531071421126,16
1H_start,price,23,0.0025018536513043976,16
1H_start,price,24,-0.09857611514437759,16
1H_start,oi,-24,-0.1385207415439682,15
1H_start,oi,-23,-0.22270091517716528,15
1H_start,oi,-22,-0.2721233581568172,15
1H_start,oi,-21,-0.38877250290706433,15
1H_start,oi,-20,-0.4819263723393863,14
1H_start,oi,-19,-0.995972938576617,13
1H_start,oi,-18,-0.41452914456830414,14
1H_start,oi,-17,-0.21427519373601878,14
1H_start,oi,-16,-0.6805456894030115,12
1H_start,oi,-15,-0.7319700289285525,12
1H_start,oi,-14,-0.5650981176882452,13
1H_start,oi,-13,-0.43659853254949255,13
1H_start,oi,-12,-0.10803785111958009,13
1H_start,oi,-11,-0.04390546176863408,14
1H_start,oi,-10,0.061493547585289576,15
1H_start,oi,-9,-0.20499183485642725,14
1H_start,oi,-8,-0.2035228711454451,12
1H_start,oi,-7,-0.20900886067642954,13
1H_start,oi,-6,-0.256931913136893,13
1H_start,oi,-5,-0.17758983160583997,12
1H_start,oi,-4,-0.15172315797405966,14
1H_start,oi,-3,-0.10753618196799875,14
1H_start,oi,-2,-0.13377689527460657,15
1H_start,oi,-1,-0.08765440536960822,15
1H_start,oi,0,0.0,15
1H_start,oi,1,-0.09738728407567843,15
1H_start,oi,2,-0.2214898180980307,15
1H_start,oi,3,-0.223252909292615,15
1H_start,oi,4,-0.28363782259435144,14
1H_start,oi,5,-0.1743715426359982,14
1H_start,oi,6,-0.2683797859424186,15
1H_start,oi,7,-0.3217640032821212,14
1H_start,oi,8,-0.06001371120759602,13
1H_start,oi,9,-0.12065020166869278,13
1H_start,oi,10,-0.3044246397548189,13
1H_start,oi,11,0.07394951805388406,13
1H_start,oi,12,-0.1156325960186777,13
1H_start,oi,13,-0.21286839322112172,13
1H_start,oi,14,-0.18726362368652882,13
1H_start,oi,15,-0.39962065009826464,13
1H_start,oi,16,-0.10275749016851465,14
1H_start,oi,17,-0.20045104464259667,14
1H_start,oi,18,-0.44304930387101815,14
1H_start,oi,19,-0.39208899580848167,14
1H_start,oi,20,-0.5232349953529836,14
1H_start,oi,21,-0.34461449722522075,14
1H_start,oi,22,-0.6069329840043103,14
1H_start,oi,23,-0.6635253260976359,14
1H_start,oi,24,-0.4969816763046031,14
1H_start,fund,-24,-0.19229999999999997,15
1H_start,fund,-23,-0.17449999999999996,15
1H_start,fund,-22,-0.27444999999999997,14
1H_start,fund,-21,-0.3189,15
1H_start,fund,-20,-0.31260000000000004,15
1H_start,fund,-19,-0.2761,15
1H_start,fund,-18,-0.20189999999999997,14
1H_start,fund,-17,-0.053100000000000015,13
1H_start,fund,-16,-0.02409999999999999,13
1H_start,fund,-15,-0.06689999999999999,13
1H_start,fund,-14,-0.07959999999999995,14
1H_start,fund,-13,-0.12774999999999997,14
1H_start,fund,-12,-0.14004999999999998,14
1H_start,fund,-11,-0.09669999999999997,14
1H_start,fund,-10,-0.0894,15
1H_start,fund,-9,-0.10930000000000001,13
1H_start,fund,-8,-0.08784999999999998,12
1H_start,fund,-7,-0.023649999999999984,12
1H_start,fund,-6,0.05669999999999998,13
1H_start,fund,-5,0.026449999999999994,12
1H_start,fund,-4,-0.03314999999999998,14
1H_start,fund,-3,-0.06609999999999999,14
1H_start,fund,-2,-0.04549999999999996,15
1H_start,fund,-1,-0.0411,15
1H_start,fund,0,0.0,15
1H_start,fund,1,-0.0157,15
1H_start,fund,2,0.0036999999999999815,15
1H_start,fund,3,0.01170000000000004,15
1H_start,fund,4,0.0897,14
1H_start,fund,5,0.05310000000000002,14
1H_start,fund,6,-0.08639999999999999,15
1H_start,fund,7,0.006500000000000022,15
1H_start,fund,8,0.017900000000000017,14
1H_start,fund,9,-0.027699999999999888,13
1H_start,fund,10,-0.05940000000000001,13
1H_start,fund,11,-0.07279999999999998,13
1H_start,fund,12,-0.08959999999999999,13
1H_start,fund,13,-0.03870000000000002,13
1H_start,fund,14,-0.027750000000000042,12
1H_start,fund,15,-0.1098,13
1H_start,fund,16,-0.1369,14
1H_start,fund,17,-0.12210000000000001,14
1H_start,fund,18,-0.123,14
1H_start,fund,19,-0.03525000000000001,14
1H_start,fund,20,-0.06265000000000001,14
1H_start,fund,21,-0.08149999999999993,14
1H_start,fund,22,-0.11224999999999999,14
1H_start,fund,23,-0.09429999999999997,14
1H_start,fund,24,-0.09399999999999997,14
1H_start,liq,-24,0.057623290100000016,14
1H_start,liq,-23,-0.0030068541500000005,16
1H_start,liq,-22,-0.0232539674,15
1H_start,liq,-21,0.0099493729,15
1H_start,liq,-20,0.003667146400000009,15
1H_start,liq,-19,0.0069614664000000005,14
1H_start,liq,-18,0.0047798775,15
1H_start,liq,-17,-0.0009139569999999995,14
1H_start,liq,-16,0.001086417,13
1H_start,liq,-15,0.011722620700000002,14
1H_start,liq,-14,-0.25338532945,14
1H_start,liq,-13,0.036148301199999996,14
1H_start,liq,-12,0.0047844686,15
1H_start,liq,-11,-0.0004978943,15
1H_start,liq,-10,0.15809965620000002,14
1H_start,liq,-9,-1.3200000000011869e-08,13
1H_start,liq,-8,0.16765124807,13
1H_start,liq,-7,0.0231357905,13
1H_start,liq,-6,-0.0282381698,13
1H_start,liq,-5,0.009055572100000003,13
1H_start,liq,-4,0.014327206,13
1H_start,liq,-3,0.023844826700000002,14
1H_start,liq,-2,0.049547120599999994,14
1H_start,liq,-1,0.1015530119,15
1H_start,liq,0,2.9242543508,15
1H_start,liq,1,0.2416691877,16
1H_start,liq,2,0.00226175845,16
1H_start,liq,3,0.030945286550000006,16
1H_start,liq,4,0.0013462983,15
1H_start,liq,5,-0.008651515200000001,15
1H_start,liq,6,0.0012547005999999983,15
1H_start,liq,7,0.0886676002,16
1H_start,liq,8,0.35316176029999996,15
1H_start,liq,9,0.014633332,15
1H_start,liq,10,0.0,15
1H_start,liq,11,0.057237928800000004,15
1H_start,liq,12,0.0,15
1H_start,liq,13,0.005241623600000001,15
1H_start,liq,14,0.0,13
1H_start,liq,15,0.12381551802,13
1H_start,liq,16,-0.0023922343,14
1H_start,liq,17,0.04905184669999999,15
1H_start,liq,18,0.0094962035,16
1H_start,liq,19,-0.0021451126000000048,16
1H_start,liq,20,0.0,17
1H_start,liq,21,0.0319323778,17
1H_start,liq,22,0.0028589666650000066,16
1H_start,liq,23,0.0472882696,17
1H_start,liq,24,0.027613014600000003,17
1H_start,tape,-24,0.7129414129999987,14
1H_start,tape,-23,2.581593958,14
1H_start,tape,-22,1.7388988285000004,14
1H_start,tape,-21,0.24373934800000088,14
1H_start,tape,-20,-2.3449494669999984,14
1H_start,tape,-19,0.18883517550000012,14
1H_start,tape,-18,2.588031764500001,14
1H_start,tape,-17,0.42527103349999973,14
1H_start,tape,-16,0.03930355650000006,14
1H_start,tape,-15,0.8387887310000002,14
1H_start,tape,-14,-1.5258585754999991,14
1H_start,tape,-13,0.9735785800000007,14
1H_start,tape,-12,-0.06284912250000037,14
1H_start,tape,-11,0.7900491350000001,14
1H_start,tape,-10,1.6020883945,14
1H_start,tape,-9,-1.1711535229999999,14
1H_start,tape,-8,-0.46856438849999976,14
1H_start,tape,-7,-0.605105176,14
1H_start,tape,-6,-0.24212623600000371,14
1H_start,tape,-5,1.139391212,14
1H_start,tape,-4,-0.9398762375,14
1H_start,tape,-3,2.0349530060000007,14
1H_start,tape,-2,-3.4179789985000006,14
1H_start,tape,-1,0.5976866159999996,15
1H_start,tape,0,10.143954178,15
1H_start,tape,1,1.644170239000002,15
1H_start,tape,2,-1.597340410999998,15
1H_start,tape,3,-3.1300623209999996,15
1H_start,tape,4,-1.1043968194999993,16
1H_start,tape,5,-1.5189622140000005,16
1H_start,tape,6,-1.970351477999999,16
1H_start,tape,7,-0.6267709374999999,16
1H_start,tape,8,1.1505904274999987,16
1H_start,tape,9,-0.5057445959999999,16
1H_start,tape,10,-2.230990739,16
1H_start,tape,11,0.7149229700000008,16
1H_start,tape,12,5.8982988845,16
1H_start,tape,13,1.4214487344999995,16
1H_start,tape,14,0.05145135450000002,16
1H_start,tape,15,5.236970299999999,16
1H_start,tape,16,2.5552750770000006,16
1H_start,tape,17,0.7955998409999981,16
1H_start,tape,18,6.058425599999998,16
1H_start,tape,19,0.2105517555,16
1H_start,tape,20,0.40011190550000003,16
1H_start,tape,21,1.4300613330000003,16
1H_start,tape,22,0.7076829764999997,16
1H_start,tape,23,0.5557086865,16
1H_start,tape,24,3.1072603955,16
1H_end,price,-24,0.30294432883812283,16
1H_end,price,-23,0.2666787706836149,16
1H_end,price,-22,0.38047121733824074,16
1H_end,price,-21,0.38107792377894967,16
1H_end,price,-20,0.28920113217091314,16
1H_end,price,-19,0.4784740353900585,16
1H_end,price,-18,0.5382358470578774,16
1H_end,price,-17,0.7155057847139268,16
1H_end,price,-16,0.8262845412732089,16
1H_end,price,-15,0.9345176446837022,16
1H_end,price,-14,0.9035033386227354,16
1H_end,price,-13,0.8121484387275557,16
1H_end,price,-12,0.672167604442031,16
1H_end,price,-11,0.6637068573489224,16
1H_end,price,-10,0.81025794350012,16
1H_end,price,-9,0.6699124145065682,16
1H_end,price,-8,0.7905515173946442,16
1H_end,price,-7,0.6932056720320268,16
1H_end,price,-6,0.6629789847741874,16
1H_end,price,-5,0.750162207972338,16
1H_end,price,-4,0.8337080145238207,16
1H_end,price,-3,0.670242615571548,16
1H_end,price,-2,0.5573389536181972,16
1H_end,price,-1,0.43359573179925226,16
1H_end,price,0,0.0,16
1H_end,price,1,0.022728496663049214,16
1H_end,price,2,-0.026002276275194358,16
1H_end,price,3,-0.03932261134467763,16
1H_end,price,4,0.0007731798038645987,16
1H_end,price,5,0.0574596166008412,16
1H_end,price,6,-0.04641534652969903,16
1H_end,price,7,-0.19116361298145979,16
1H_end,price,8,-0.32424967745005584,16
1H_end,price,9,-0.2516009603406588,16
1H_end,price,10,-0.2396316752640293,16
1H_end,price,11,-0.33706170840576144,16
1H_end,price,12,-0.34181453622112445,16
1H_end,price,13,-0.46967097134416047,16
1H_end,price,14,-0.4593219638783119,16
1H_end,price,15,-0.565859073177627,16
1H_end,price,16,-0.37571827616929565,16
1H_end,price,17,-0.37853024973376614,16
1H_end,price,18,-0.20514583990470237,16
1H_end,price,19,-0.3259416250889213,16
1H_end,price,20,-0.3458876752182649,16
1H_end,price,21,-0.3619477735704091,16
1H_end,price,22,-0.338195095349314,16
1H_end,price,23,-0.44927722117065194,16
1H_end,price,24,-0.35427032279871096,16
1H_end,oi,-24,0.6902095183294543,13
1H_end,oi,-23,0.8985743726954043,13
1H_end,oi,-22,0.8773123935430283,12
1H_end,oi,-21,1.0747163573700425,14
1H_end,oi,-20,1.138073124560468,14
1H_end,oi,-19,0.8750476501420357,14
1H_end,oi,-18,0.838248640884387,14
1H_end,oi,-17,0.8605929419315705,15
1H_end,oi,-16,0.6103744234717823,15
1H_end,oi,-15,0.8336293086657953,15
1H_end,oi,-14,0.6733521037358248,15
1H_end,oi,-13,0.4993410589811176,14
1H_end,oi,-12,0.5311376484612995,14
1H_end,oi,-11,0.4026174854474984,14
1H_end,oi,-10,0.3583249651513132,14
1H_end,oi,-9,0.38306012177815596,15
1H_end,oi,-8,0.29981811619463894,14
1H_end,oi,-7,0.25825083605272026,14
1H_end,oi,-6,0.2819919621317446,14
1H_end,oi,-5,0.1864815671905662,14
1H_end,oi,-4,0.02752747668994804,15
1H_end,oi,-3,-0.005702928829565135,15
1H_end,oi,-2,0.06619060384869258,15
1H_end,oi,-1,0.2594459483853173,15
1H_end,oi,0,0.0,15
1H_end,oi,1,-0.1934919642915256,15
1H_end,oi,2,-0.06284977024572647,14
1H_end,oi,3,-0.10928147679348243,14
1H_end,oi,4,-0.23596370609538786,13
1H_end,oi,5,0.2948259115653107,13
1H_end,oi,6,-0.3548773137281691,14
1H_end,oi,7,-0.2633279303271896,14
1H_end,oi,8,0.25230283023371936,15
1H_end,oi,9,0.1329678415347202,14
1H_end,oi,10,0.35689852477325257,14
1H_end,oi,11,0.3370954464535947,11
1H_end,oi,12,0.5131555526921128,13
1H_end,oi,13,0.175910527478762,15
1H_end,oi,14,0.26512352695883257,14
1H_end,oi,15,0.37174315074717246,14
1H_end,oi,16,0.2121901565216633,14
1H_end,oi,17,0.17634386788669687,14
1H_end,oi,18,0.3800071561000262,14
1H_end,oi,19,-0.009809029631807631,14
1H_end,oi,20,-0.13423336558503474,15
1H_end,oi,21,0.05913921271459288,14
1H_end,oi,22,0.2948615174700908,11
1H_end,oi,23,0.12086188500950446,13
1H_end,oi,24,0.04533795039667332,13
1H_end,fund,-24,0.11500000000000002,13
1H_end,fund,-23,0.11880000000000002,13
1H_end,fund,-22,-0.03659999999999999,11
1H_end,fund,-21,0.07605000000000006,14
1H_end,fund,-20,0.09625000000000003,14
1H_end,fund,-19,0.05599999999999997,14
1H_end,fund,-18,0.06524999999999996,14
1H_end,fund,-17,0.04215000000000003,14
1H_end,fund,-16,-0.0059500000000000195,14
1H_end,fund,-15,0.009799999999999982,14
1H_end,fund,-14,0.10745000000000002,14
1H_end,fund,-13,0.29400000000000004,13
1H_end,fund,-12,0.3326,13
1H_end,fund,-11,0.3550000000000001,13
1H_end,fund,-10,0.358,13
1H_end,fund,-9,0.3176500000000001,14
1H_end,fund,-8,0.24000000000000002,13
1H_end,fund,-7,0.21310000000000012,11
1H_end,fund,-6,0.06049999999999998,13
1H_end,fund,-5,0.16970000000000002,13
1H_end,fund,-4,0.20419999999999996,13
1H_end,fund,-3,0.17754999999999999,14
1H_end,fund,-2,0.1132,15
1H_end,fund,-1,0.10439999999999995,15
1H_end,fund,0,0.0,15
1H_end,fund,1,-0.015100000000000008,14
1H_end,fund,2,-0.005450000000000024,14
1H_end,fund,3,0.0,14
1H_end,fund,4,0.0,13
1H_end,fund,5,0.01490000000000001,13
1H_end,fund,6,0.0814,14
1H_end,fund,7,0.10654999999999998,14
1H_end,fund,8,0.1691,15
1H_end,fund,9,0.17290000000000005,14
1H_end,fund,10,0.12700000000000003,13
1H_end,fund,11,0.05215000000000007,12
1H_end,fund,12,0.019650000000000056,12
1H_end,fund,13,-0.007599999999999995,14
1H_end,fund,14,-0.06695000000000001,14
1H_end,fund,15,-0.06855,14
1H_end,fund,16,-0.09715,14
1H_end,fund,17,-0.09310000000000002,14
1H_end,fund,18,0.008599999999999986,14
1H_end,fund,19,0.035900000000000015,14
1H_end,fund,20,0.09129999999999988,15
1H_end,fund,21,0.05399999999999999,13
1H_end,fund,22,-0.0015999999999999847,11
1H_end,fund,23,0.03904999999999995,12
1H_end,fund,24,0.025900000000000006,13
1H_end,liq,-24,0.003833477,13
1H_end,liq,-23,0.12847199735,14
1H_end,liq,-22,0.0690665217,12
1H_end,liq,-21,0.029585187300000003,13
1H_end,liq,-20,-0.0047126856,15
1H_end,liq,-19,0.005241623600000001,15
1H_end,liq,-18,0.0023101745499999895,14
1H_end,liq,-17,0.67735461977,14
1H_end,liq,-16,0.09262167771999998,15
1H_end,liq,-15,0.15422761229999998,15
1H_end,liq,-14,0.08519815400000001,15
1H_end,liq,-13,0.40812582424,14
1H_end,liq,-12,-0.003810674049999998,14
1H_end,liq,-11,0.0458545625,13
1H_end,liq,-10,-0.0381232627,13
1H_end,liq,-9,-0.0009137864999999891,14
1H_end,liq,-8,-0.0008921294,14
1H_end,liq,-7,0.0009405288,13
1H_end,liq,-6,-0.1727481213,13
1H_end,liq,-5,0.003932073,14
1H_end,liq,-4,0.3415364085,13
1H_end,liq,-3,0.005186587849999997,14
1H_end,liq,-2,0.0614324242,15
1H_end,liq,-1,-0.08333603595,14
1H_end,liq,0,-1.5553058612800001,15
1H_end,liq,1,-0.37753878439,14
1H_end,liq,2,-0.15378205203,14
1H_end,liq,3,0.027264186000000003,15
1H_end,liq,4,-0.10416837781500002,14
1H_end,liq,5,-0.0109263048,14
1H_end,liq,6,0.057738028200000006,14
1H_end,liq,7,-0.0106399445,15
1H_end,liq,8,-0.0047798775,15
1H_end,liq,9,-0.03210255716999999,15
1H_end,liq,10,0.009626250599999999,13
1H_end,liq,11,0.0705060062,11
1H_end,liq,12,-0.054757044299999995,11
1H_end,liq,13,-0.004667648100000001,13
1H_end,liq,14,-0.00601869895,14
1H_end,liq,15,-0.0083486957,15
1H_end,liq,16,-0.0324990931,15
1H_end,liq,17,-0.0103173055,15
1H_end,liq,18,0.047614112300000004,15
1H_end,liq,19,-0.0087144599,15
1H_end,liq,20,0.017318879900000004,15
1H_end,liq,21,0.16578155160000002,14
1H_end,liq,22,0.021364613249999997,12
1H_end,liq,23,0.0281723419,12
1H_end,liq,24,0.010780563200000001,13
1H_end,tape,-24,3.020268017000001,14
1H_end,tape,-23,-1.9572026720000002,14
1H_end,tape,-22,-2.220827987999998,14
1H_end,tape,-21,0.5928718104999982,14
1H_end,tape,-20,0.7204429584999997,14
1H_end,tape,-19,1.082311804,14
1H_end,tape,-18,6.9329151349999965,14
1H_end,tape,-17,2.3352331879999997,14
1H_end,tape,-16,5.410330447,14
1H_end,tape,-15,-2.3304212574999976,14
1H_end,tape,-14,0.7935613140000026,14
1H_end,tape,-13,1.260364215,14
1H_end,tape,-12,2.4058680510000006,14
1H_end,tape,-11,0.5092347635000002,14
1H_end,tape,-10,2.0675345490000003,14
1H_end,tape,-9,0.5216316885000001,14
1H_end,tape,-8,-0.17703891749999917,14
1H_end,tape,-7,-0.5776808354999996,14
1H_end,tape,-6,-2.1050539909999997,14
1H_end,tape,-5,1.8720871789999993,14
1H_end,tape,-4,4.019407509,14
1H_end,tape,-3,0.5768688524999995,14
1H_end,tape,-2,1.8187496254999997,14
1H_end,tape,-1,-4.059799825999999,14
1H_end,tape,0,-9.854569635999999,14
1H_end,tape,1,-0.9034939594999987,14
1H_end,tape,2,0.6249533300000004,14
1H_end,tape,3,0.5945672805000001,14
1H_end,tape,4,-1.9825137414999983,14
1H_end,tape,5,-2.4675356225000002,14
1H_end,tape,6,2.7485509835000013,14
1H_end,tape,7,0.6692310974999989,14
1H_end,tape,8,-3.91112077,14
1H_end,tape,9,-0.2778495649999997,14
1H_end,tape,10,2.154671632,14
1H_end,tape,11,0.09395719899999849,14
1H_end,tape,12,0.6561091935000001,14
1H_end,tape,13,-2.981962223000001,14
1H_end,tape,14,1.0239603719999986,14
1H_end,tape,15,2.186431349,14
1H_end,tape,16,-2.1334796019999978,14
1H_end,tape,17,-1.2174652009999998,14
1H_end,tape,18,-0.11013274150000008,14
1H_end,tape,19,1.274007344000001,14
1H_end,tape,20,-0.8536349994999999,14
1H_end,tape,21,1.7467923194999995,14
1H_end,tape,22,-5.483455330500003,14
1H_end,tape,23,-2.3284453265,14
1H_end,tape,24,-0.2912846225000001,14
4H_start,price,-24,-4.0430534784400844,6
4H_start,price,-23,-4.142597711194412,6
4H_start,price,-22,-3.761516663307096,6
4H_start,price,-21,-3.4347203867935328,6
4H_start,price,-20,-3.2903442528224023,6
4H_start,price,-19,-3.507991521678683,6
4H_start,price,-18,-3.071274922767364,6
4H_start,price,-17,-2.9675956252792957,6
4H_start,price,-16,-2.3891601304831536,6
4H_start,price,-15,-2.0024147886113672,6
4H_start,price,-14,-2.1214600301720896,6
4H_start,price,-13,-1.4698997575876727,6
4H_start,price,-12,-1.6836455874109701,6
4H_start,price,-11,-1.7402247023523887,6
4H_start,price,-10,-1.9698727828980245,6
4H_start,price,-9,-1.7470892428339213,6
4H_start,price,-8,-1.77722391703653,6
4H_start,price,-7,-1.7241962516876208,6
4H_start,price,-6,-1.6192927992314976,6
4H_start,price,-5,-1.6095514542070533,6
4H_start,price,-4,-1.3112660911557494,6
4H_start,price,-3,-0.5969323434296847,6
4H_start,price,-2,-0.8141582487796006,6
4H_start,price,-1,0.04423766295003628,6
4H_start,price,0,0.0,6
4H_start,price,1,0.10738794717671807,6
4H_start,price,2,0.31085836549533674,6
4H_start,price,3,0.17424906471906754,6
4H_start,price,4,0.44509258852321043,6
4H_start,price,5,0.31492712044617344,6
4H_start,price,6,0.4248511919718756,6
4H_start,price,7,0.06912484531158558,6
4H_start,price,8,0.050314864979078555,6
4H_start,price,9,-0.019406634207813633,6
4H_start,price,10,-0.08624212853406976,6
4H_start,price,11,-0.21447324560627257,6
4H_start,price,12,-0.0742476838093642,6
4H_start,price,13,-0.08251950173556177,6
4H_start,price,14,-0.21811336408698034,6
4H_start,price,15,-0.3695031596244014,6
4H_start,price,16,-0.46648558350331215,6
4H_start,price,17,-0.19783330206409322,6
4H_start,price,18,-0.04446077525729897,6
4H_start,price,19,0.06269374391026372,6
4H_start,price,20,0.06274648579207565,6
4H_start,price,21,-1.3851879183699733,6
4H_start,price,22,-1.8741310266806588,6
4H_start,price,23,-1.7305815014911186,6
4H_start,price,24,-1.1814517371949385,6
4H_start,oi,-24,-2.6887481412615433,5
4H_start,oi,-23,-2.6977710698561364,5
4H_start,oi,-22,-2.4894944308532896,5
4H_start,oi,-21,-2.395204102886783,5
4H_start,oi,-20,-2.4394905770087183,5
4H_start,oi,-19,-2.604631462077489,5
4H_start,oi,-18,-2.3576959693054067,5
4H_start,oi,-17,-2.727357741845937,5
4H_start,oi,-16,-2.416246728085081,5
4H_start,oi,-15,-2.316987636333534,5
4H_start,oi,-14,-2.22610639430435,5
4H_start,oi,-13,-2.479120365346199,5
4H_start,oi,-12,-2.3429920545633975,5
4H_start,oi,-11,-2.301140766269966,4
4H_start,oi,-10,-2.5381676081516034,4
4H_start,oi,-9,-2.62686850280186,3
4H_start,oi,-8,-2.3504337504615114,3
4H_start,oi,-7,-2.5505749838342915,4
4H_start,oi,-6,-2.4916217280503252,4
4H_start,oi,-5,-2.0375273833450613,5
4H_start,oi,-4,-1.3571839085183557,5
4H_start,oi,-3,-0.8861511345492734,5
4H_start,oi,-2,-1.289974277757866,4
4H_start,oi,-1,0.024317438804088987,5
4H_start,oi,0,0.0,5
4H_start,oi,1,0.43247563491533025,5
4H_start,oi,2,0.03607318327605302,5
4H_start,oi,3,-0.35902191235931413,5
4H_start,oi,4,-0.4245683831074598,5
4H_start,oi,5,-0.46747380725414844,5
4H_start,oi,6,-0.397199074620358,5
4H_start,oi,7,-0.28451765612953483,5
4H_start,oi,8,-1.2192764207502427,4
4H_start,oi,9,-1.0693042076543036,4
4H_start,oi,10,-1.2411335174232208,4
4H_start,oi,11,-1.0825844804263407,4
4H_start,oi,12,-0.6588072529005062,5
4H_start,oi,13,-0.7752944216655955,5
4H_start,oi,14,-1.0625280690786942,5
4H_start,oi,15,-1.0914584334921984,5
4H_start,oi,16,-1.4350796660337006,5
4H_start,oi,17,-1.2553481365955133,4
4H_start,oi,18,-1.1016468779752098,4
4H_start,oi,19,-0.9305083107831957,4
4H_start,oi,20,-0.9652749890149859,5
4H_start,oi,21,-1.3993760533234312,5
4H_start,oi,22,-1.5485154161928638,5
4H_start,oi,23,-1.4490387037628616,5
4H_start,oi,24,-1.8540740802015954,5
4H_start,fund,-24,0.17159999999999992,5
4H_start,fund,-23,0.16559999999999991,5
4H_start,fund,-22,0.06939999999999998,5
4H_start,fund,-21,0.06399999999999993,5
4H_start,fund,-20,-0.28030000000000005,4
4H_start,fund,-19,0.03859999999999993,5
4H_start,fund,-18,0.20569999999999994,5
4H_start,fund,-17,0.13999999999999996,5
4H_start,fund,-16,-0.04140000000000011,5
4H_start,fund,-15,-0.15530000000000008,5
4H_start,fund,-14,-0.07235000000000001,4
4H_start,fund,-13,-0.01519999999999999,5
4H_start,fund,-12,-0.031850000000000045,4
4H_start,fund,-11,-0.13440000000000007,4
4H_start,fund,-10,-0.2211000000000001,4
4H_start,fund,-9,-0.2801000000000001,3
4H_start,fund,-8,-0.067,3
4H_start,fund,-7,-0.09549999999999995,4
4H_start,fund,-6,-0.1699,4
4H_start,fund,-5,-0.3827000000000001,5
4H_start,fund,-4,-0.29589999999999994,5
4H_start,fund,-3,-0.19329999999999992,5
4H_start,fund,-2,-0.16939999999999994,4
4H_start,fund,-1,0.0,5
4H_start,fund,0,0.0,5
4H_start,fund,1,0.09135000000000004,4
4H_start,fund,2,0.0691,5
4H_start,fund,3,-0.03039999999999998,5
4H_start,fund,4,-0.06440000000000012,5
4H_start,fund,5,0.001899999999999966,4
4H_start,fund,6,0.08660000000000002,5
4H_start,fund,7,0.026299999999999935,5
4H_start,fund,8,-0.02720000000000001,4
4H_start,fund,9,0.07405,4
4H_start,fund,10,0.043900000000000036,4
4H_start,fund,11,0.004449999999999999,4
4H_start,fund,12,0.034699999999999925,5
4H_start,fund,13,0.01050000000000012,5
4H_start,fund,14,-0.15700000000000003,5
4H_start,fund,15,-0.05040000000000006,5
4H_start,fund,16,0.10229999999999989,5
4H_start,fund,17,0.04464999999999998,4
4H_start,fund,18,0.009100000000000025,4
4H_start,fund,19,-0.07265,4
4H_start,fund,20,0.09329999999999994,5
4H_start,fund,21,-0.06460000000000002,5
4H_start,fund,22,-0.19160000000000013,5
4H_start,fund,23,-0.2702000000000001,5
4H_start,fund,24,-0.26760000000000006,5
4H_start,liq,-24,0.07145816479999997,5
4H_start,liq,-23,-0.4549100381000001,5
4H_start,liq,-22,0.09833606390000002,5
4H_start,liq,-21,0.22975522100000004,4
4H_start,liq,-20,0.0026961658000000006,5
4H_start,liq,-19,0.1727481213,5
4H_start,liq,-18,0.17885648044000002,5
4H_start,liq,-17,0.0322784532,5
4H_start,liq,-16,0.042207402199999994,5
4H_start,liq,-15,0.0170551371,5
4H_start,liq,-14,0.30360928100999995,4
4H_start,liq,-13,0.65757812085,4
4H_start,liq,-12,1.5735412164050004,4
4H_start,liq,-11,0.0616807543,4
4H_start,liq,-10,-0.05249708650000001,4
4H_start,liq,-9,0.0127026258,3
4H_start,liq,-8,0.92051102294,3
4H_start,liq,-7,-0.0019537585,3
4H_start,liq,-6,0.18431521230000003,4
4H_start,liq,-5,0.2984381656000001,5
4H_start,liq,-4,0.07720578330000001,5
4H_start,liq,-3,6.0433065354,5
4H_start,liq,-2,2.1679152457899997,4
4H_start,liq,-1,14.7722236702,4
4H_start,liq,0,0.18246586819999996,5
4H_start,liq,1,1.2899496533800003,4
4H_start,liq,2,0.48332257355999997,4
4H_start,liq,3,0.1843756019,5
4H_start,liq,4,0.41172236994000005,5
4H_start,liq,5,0.021366859300000002,5
4H_start,liq,6,0.5383780363400001,5
4H_start,liq,7,-0.37643472958,5
4H_start,liq,8,2.70575280036,4
4H_start,liq,9,-0.04626589265,4
4H_start,liq,10,-0.5766000784299999,4
4H_start,liq,11,-0.15046458825,4
4H_start,liq,12,0.34233722168,4
4H_start,liq,13,-0.12674333759999998,5
4H_start,liq,14,-0.046241114400000005,5
4H_start,liq,15,-0.0106399445,5
4H_start,liq,16,0.0010136854,5
4H_start,liq,17,0.43996173765,4
4H_start,liq,18,0.27222295178,4
4H_start,liq,19,0.09744152619999998,3
4H_start,liq,20,0.5107588394999999,3
4H_start,liq,21,0.007692160299999998,5
4H_start,liq,22,0.0050402332999999995,5
4H_start,liq,23,-8.460839999999999e-05,5
4H_start,liq,24,0.3915196863,5
4H_start,tape,-24,-1.394136964999998,5
4H_start,tape,-23,-2.3819724440000076,5
4H_start,tape,-22,0.10024498000000001,5
4H_start,tape,-21,6.339570857000001,5
4H_start,tape,-20,0.6503200439999993,5
4H_start,tape,-19,-1.5569709809999996,5
4H_start,tape,-18,-1.5893314019999996,5
4H_start,tape,-17,-0.8567230910000014,5
4H_start,tape,-16,1.644170239000002,5
4H_start,tape,-15,1.9286000749999999,5
4H_start,tape,-14,-0.8978585319999997,5
4H_start,tape,-13,-12.289987132999997,5
4H_start,tape,-12,6.167810307999967,5
4H_start,tape,-11,3.045798217999997,5
4H_start,tape,-10,-2.201857277,5
4H_start,tape,-9,2.312587975999999,5
4H_start,tape,-8,7.783386769,4
4H_start,tape,-7,-21.482591385000006,4
4H_start,tape,-6,0.8508907485000008,4
4H_start,tape,-5,37.4287615565,4
4H_start,tape,-4,-24.32508706249999,4
4H_start,tape,-3,18.543317903500004,4
4H_start,tape,-2,5.687073837999999,4
4H_start,tape,-1,83.58487258750002,4
4H_start,tape,0,11.428879655499996,4
4H_start,tape,1,0.021405449500000895,4
4H_start,tape,2,-11.542659110499999,4
4H_start,tape,3,0.8508393155000014,4
4H_start,tape,4,4.13573944,4
4H_start,tape,5,6.124065488499999,4
4H_start,tape,6,1.5876497320000005,4
4H_start,tape,7,4.507675096499998,4
4H_start,tape,8,-0.7508438674999998,4
4H_start,tape,9,15.431547770999998,4
4H_start,tape,10,2.6016931715,4
4H_start,tape,11,-2.512073156000001,4
4H_start,tape,12,14.815319469999999,4
4H_start,tape,13,4.528215804500001,4
4H_start,tape,14,2.7455003004999994,4
4H_start,tape,15,-2.796805466499996,4
4H_start,tape,16,7.788874961,4
4H_start,tape,17,-1.363208421,4
4H_start,tape,18,8.902513466999997,4
4H_start,tape,19,2.571329762500001,4
4H_start,tape,20,-5.081789813499999,4
4H_start,tape,21,-1.2343776099999957,4
4H_start,tape,22,-12.678964841499996,4
4H_start,tape,23,7.688621620500003,4
4H_start,tape,24,-2.6008002899999974,4
4H_end,price,-24,1.1757452725252249,6
4H_end,price,-23,1.0906558039198821,6
4H_end,price,-22,1.2638930792624459,6
4H_end,price,-21,1.2744197339744079,6
4H_end,price,-20,1.2343164251243877,6
4H_end,price,-19,1.2140558307505933,6
4H_end,price,-18,1.3034606205107713,6
4H_end,price,-17,1.4164098435427652,6
4H_end,price,-16,1.5465657974276403,6
4H_end,price,-15,1.3855127952008384,6
4H_end,price,-14,1.1793668430593152,6
4H_end,price,-13,1.2367345300580368,6
4H_end,price,-12,0.881148788268743,6
4H_end,price,-11,1.2821659919572626,6
4H_end,price,-10,1.3529011706271188,6
4H_end,price,-9,1.2402361882530188,6
4H_end,price,-8,1.2449058850778405,6
4H_end,price,-7,1.4027496184064403,6
4H_end,price,-6,1.4870709334557086,6
4H_end,price,-5,1.4449500227641965,6
4H_end,price,-4,1.3803573607820308,6
4H_end,price,-3,1.1018389389259364,6
4H_end,price,-2,0.7493893782314853,6
4H_end,price,-1,0.49001301073184345,6
4H_end,price,0,0.0,6
4H_end,price,1,-0.003127035247690868,6
4H_end,price,2,0.09845123344980333,6
4H_end,price,3,0.04915520535768714,6
4H_end,price,4,0.044985483034892804,6
4H_end,price,5,-0.12379718153113783,6
4H_end,price,6,0.42995803403620414,5
4H_end,price,7,0.16518233046387554,5
4H_end,price,8,0.3679430067675238,5
4H_end,price,9,0.3833396372042053,5
4H_end,price,10,0.1289823171362725,5
4H_end,price,11,0.1370429749362856,5
4H_end,price,12,-0.07381302992844896,5
4H_end,price,13,-0.18177668439987027,5
4H_end,price,14,-0.3095455976181327,5
4H_end,price,15,-0.6323108563993429,5
4H_end,price,16,-0.431339021001631,5
4H_end,price,17,-0.5125346365906336,5
4H_end,price,18,-0.8715413982164133,5
4H_end,price,19,-0.5759916453174307,5
4H_end,price,20,-0.5969688322099986,5
4H_end,price,21,-0.46639120120109956,5
4H_end,price,22,-0.41436238028267347,5
4H_end,price,23,-0.3836372703893809,5
4H_end,price,24,0.10404456928834183,5
4H_end,oi,-24,-1.392106692586581,5
4H_end,oi,-23,-1.4880998631437103,5
4H_end,oi,-22,-1.462822310228773,5
4H_end,oi,-21,-1.4825885918192117,5
4H_end,oi,-20,-1.5639139885994524,5
4H_end,oi,-19,-1.5910346771089046,5
4H_end,oi,-18,-1.7440251247644811,5
4H_end,oi,-17,-1.5680021091629248,5
4H_end,oi,-16,-1.3492686663882258,5
4H_end,oi,-15,-1.2821068444952566,5
4H_end,oi,-14,-1.1936915554352057,5
4H_end,oi,-13,-1.2555334241068916,5
4H_end,oi,-12,-1.044008112813244,5
4H_end,oi,-11,-0.6597230014761424,5
4H_end,oi,-10,-0.5574916675707531,5
4H_end,oi,-9,-1.044300796274833,5
4H_end,oi,-8,-1.1306770441223968,5
4H_end,oi,-7,-1.0213816053603386,5
4H_end,oi,-6,-0.7663366749687484,5
4H_end,oi,-5,-0.7335624066391322,5
4H_end,oi,-4,-0.6159890743295815,5
4H_end,oi,-3,-0.5687301139546186,5
4H_end,oi,-2,-0.32925338103694246,5
4H_end,oi,-1,0.20375590631598328,5
4H_end,oi,0,0.0,5
4H_end,oi,1,-0.09738728407567843,5
4H_end,oi,2,-0.00830172749318736,5
4H_end,oi,3,0.09365850828912947,5
4H_end,oi,4,0.09682639944474936,5
4H_end,oi,5,-0.2061094192372659,5
4H_end,oi,6,-0.1204592096303414,5
4H_end,oi,7,-0.5115663800700054,4
4H_end,oi,8,-0.42504063121137636,4
4H_end,oi,9,-0.3523469872037943,4
4H_end,oi,10,-0.6837879033224581,4
4H_end,oi,11,-0.049787717090427064,4
4H_end,oi,12,0.13448353523674572,4
4H_end,oi,13,0.07732490228752331,4
4H_end,oi,14,0.21476950057010002,4
4H_end,oi,15,0.5549397558776259,4
4H_end,oi,16,0.5381354942364136,4
4H_end,oi,17,0.5591791652966527,4
4H_end,oi,18,0.32783099191501797,4
4H_end,oi,19,0.07174247348199492,4
4H_end,oi,20,0.09395462979664426,4
4H_end,oi,21,0.33104428116529916,4
4H_end,oi,22,0.24646333593303926,4
4H_end,oi,23,0.1059330563059735,4
4H_end,oi,24,-0.014702241044084463,4
4H_end,fund,-24,0.12999999999999995,6
4H_end,fund,-23,0.15885000000000002,6
4H_end,fund,-22,0.20504999999999998,6
4H_end,fund,-21,0.28319999999999995,6
4H_end,fund,-20,0.31260000000000004,5
4H_end,fund,-19,0.272,5
4H_end,fund,-18,0.18870000000000003,6
4H_end,fund,-17,0.19475000000000003,6
4H_end,fund,-16,0.15955,6
4H_end,fund,-15,0.21225,6
4H_end,fund,-14,0.24020000000000002,6
4H_end,fund,-13,0.25780000000000003,6
4H_end,fund,-12,0.2611,6
4H_end,fund,-11,0.3186,6
4H_end,fund,-10,0.21310000000000004,6
4H_end,fund,-9,0.1916,5
4H_end,fund,-8,0.0937,5
4H_end,fund,-7,0.06519999999999998,5
4H_end,fund,-6,0.11204999999999998,6
4H_end,fund,-5,0.19364999999999996,6
4H_end,fund,-4,0.18470000000000006,6
4H_end,fund,-3,0.16620000000000007,6
4H_end,fund,-2,0.11539999999999995,6
4H_end,fund,-1,0.10105,6
4H_end,fund,0,0.0,6
4H_end,fund,1,-0.0322,6
4H_end,fund,2,-0.012049999999999995,6
4H_end,fund,3,-0.03595000000000002,6
4H_end,fund,4,0.05615,6
4H_end,fund,5,0.024850000000000004,6
4H_end,fund,6,0.11135000000000005,6
4H_end,fund,7,0.2035,5
4H_end,fund,8,0.2382,5
4H_end,fund,9,0.3254,5
4H_end,fund,10,0.27190000000000003,5
4H_end,fund,11,0.36179999999999995,5
4H_end,fund,12,0.3341,5
4H_end,fund,13,0.39319999999999994,5
4H_end,fund,14,0.3586,5
4H_end,fund,15,0.4462,5
4H_end,fund,16,0.3636,5
4H_end,fund,17,0.19249999999999995,5
4H_end,fund,18,0.06819999999999993,5
4H_end,fund,19,-0.004600000000000057,5
4H_end,fund,20,-0.0019500000000000068,4
4H_end,fund,21,0.16239999999999993,5
4H_end,fund,22,0.23970000000000002,5
4H_end,fund,23,0.1461999999999999,5
4H_end,fund,24,0.12209999999999993,5
4H_end,liq,-24,0.04940118895999999,6
4H_end,liq,-23,0.0698771104,6
4H_end,liq,-22,0.0919063998,6
4H_end,liq,-21,0.004179871799999999,6
4H_end,liq,-20,0.0038742887500000005,6
4H_end,liq,-19,0.0093001563,5
4H_end,liq,-18,0.03928284625000003,4
4H_end,liq,-17,0.06886468280000001,6
4H_end,liq,-16,0.679572665955,6
4H_end,liq,-15,-0.09251763019999999,6
4H_end,liq,-14,0.20532238493499996,6
4H_end,liq,-13,-0.03980655970000001,6
4H_end,liq,-12,-0.04045267208000001,6
4H_end,liq,-11,-0.06117917727000003,6
4H_end,liq,-10,-0.40031416075000004,6
4H_end,liq,-9,-0.010780563200000001,5
4H_end,liq,-8,-0.08679522890000001,5
4H_end,liq,-7,0.0005984429999999995,5
4H_end,liq,-6,-0.0046777669,5
4H_end,liq,-5,0.03495538015000001,6
4H_end,liq,-4,-0.12371058919,6
4H_end,liq,-3,-0.01664258665,6
4H_end,liq,-2,-0.36264223916999994,6
4H_end,liq,-1,-1.4024035898600002,6
4H_end,liq,0,-2.02129344511,6
4H_end,liq,1,-0.0025654245999999995,6
4H_end,liq,2,-0.058748022399999995,6
4H_end,liq,3,-0.0316984471,6
4H_end,liq,4,0.04247181230000001,6
4H_end,liq,5,-0.13328015340000002,6
4H_end,liq,6,-0.7188701939750001,6
4H_end,liq,7,-0.06435939815000001,6
4H_end,liq,8,0.04354688040000001,6
4H_end,liq,9,0.037192966050000005,6
4H_end,liq,10,-0.22776753225000002,6
4H_end,liq,11,-0.626173971995,6
4H_end,liq,12,-0.0809261456,6
4H_end,liq,13,-0.9673668914800002,6
4H_end,liq,14,-0.007510045449999995,6
4H_end,liq,15,-0.2473964005,6
4H_end,liq,16,0.03572908239999999,6
4H_end,liq,17,-0.010683429650000001,6
4H_end,liq,18,0.36934659288,6
4H_end,liq,19,1.089260139855,6
4H_end,liq,20,0.025281398749999996,6
4H_end,liq,21,-0.14154028765,6
4H_end,liq,22,-0.0028589666650000066,6
4H_end,liq,23,0.0161392266,6
4H_end,liq,24,0.23410687424999999,6
4H_end,tape,-24,1.628931024,5
4H_end,tape,-23,0.15448472700000002,5
4H_end,tape,-22,8.988233895999997,5
4H_end,tape,-21,0.3405318139999984,5
4H_end,tape,-20,3.564142891000001,5
4H_end,tape,-19,-3.0172733520000006,5
4H_end,tape,-18,-2.7416867989999996,5
4H_end,tape,-17,2.3989120440000002,5
4H_end,tape,-16,-1.5999232540000003,5
4H_end,tape,-15,-0.3608046850000003,5
4H_end,tape,-14,-1.8977199720000002,5
4H_end,tape,-13,-4.323009902999999,5
4H_end,tape,-12,-1.8299263889999995,5
4H_end,tape,-11,2.716332380999998,5
4H_end,tape,-10,1.8248274079999995,5
4H_end,tape,-9,-3.5323993510000005,5
4H_end,tape,-8,-12.558678199,5
4H_end,tape,-7,1.5569709809999996,5
4H_end,tape,-6,-0.5030301830000001,5
4H_end,tape,-5,3.10371729,5
4H_end,tape,-4,-1.91163737,5
4H_end,tape,-3,-1.2689399305,6
4H_end,tape,-2,-3.066714228499989,6
4H_end,tape,-1,-24.679215297000006,6
4H_end,tape,0,-10.7717543985,6
4H_end,tape,1,-3.8867049415,6
4H_end,tape,2,0.8028204089999995,6
4H_end,tape,3,0.12304560049999957,6
4H_end,tape,4,0.3152292200000012,6
4H_end,tape,5,2.084201315499999,6
4H_end,tape,6,1.0394787334999995,6
4H_end,tape,7,-3.1660132860000005,6
4H_end,tape,8,3.9551107824999994,6
4H_end,tape,9,1.619671860000001,6
4H_end,tape,10,-3.267800557500001,6
4H_end,tape,11,-0.5758012699999986,6
4H_end,tape,12,3.326353870000001,6
4H_end,tape,13,-12.350136470499999,6
4H_end,tape,14,1.7940807160000003,6
4H_end,tape,15,-4.0324825035,6
4H_end,tape,16,4.235356804500002,6
4H_end,tape,17,2.5332941685000003,6
4H_end,tape,18,-13.347853300999994,6
4H_end,tape,19,-3.8887563769999973,6
4H_end,tape,20,7.266483312999999,6
4H_end,tape,21,3.2201918125,6
4H_end,tape,22,-0.5705356414999999,6
4H_end,tape,23,-1.4476643165000003,6
4H_end,tape,24,2.021122126999999,6
1H_start_against1D,price,-24,-1.5136110767474786,9
1H_start_against1D,price,-23,-1.3583941332521832,9
1H_start_against1D,price,-22,-1.3327280595358149,9
1H_start_against1D,price,-21,-1.4603948546513479,9
1H_start_against1D,price,-20,-1.3351927609822623,9
1H_start_against1D,price,-19,-1.0883078829210024,9
1H_start_against1D,price,-18,-1.3786212744497206,9
1H_start_against1D,price,-17,-1.3209600686688638,9
1H_start_against1D,price,-16,-1.4930264773892477,9
1H_start_against1D,price,-15,-1.5326317119128907,9
1H_start_against1D,price,-14,-1.8290371456759935,9
1H_start_against1D,price,-13,-1.3233616621799005,9
1H_start_against1D,price,-12,-1.5962591536856197,9
1H_start_against1D,price,-11,-1.6901211021790097,9
1H_start_against1D,price,-10,-1.3811498148560641,9
1H_start_against1D,price,-9,-1.2377515326857713,9
1H_start_against1D,price,-8,-1.1889493705306453,9
1H_start_against1D,price,-7,-0.9886393447863684,9
1H_start_against1D,price,-6,-1.078329749815543,9
1H_start_against1D,price,-5,-0.9554163621442457,9
1H_start_against1D,price,-4,-0.8575980361248847,9
1H_start_against1D,price,-3,-0.5984149721791621,9
1H_start_against1D,price,-2,-0.5133331091834892,9
1H_start_against1D,price,-1,-0.44229370949180336,9
1H_start_against1D,price,0,0.0,9
1H_start_against1D,price,1,0.02075689411520365,9
1H_start_against1D,price,2,0.10577115268767256,9
1H_start_against1D,price,3,0.04764613843980525,9
1H_start_against1D,price,4,-0.13116645706654495,9
1H_start_against1D,price,5,-0.19153129092064347,9
1H_start_against1D,price,6,-0.18801778791925905,9
1H_start_against1D,price,7,0.06799904589080974,9
1H_start_against1D,price,8,0.08306746756596706,8
1H_start_against1D,price,9,-0.009357731125619884,8
1H_start_against1D,price,10,-0.11240768030482684,8
1H_start_against1D,price,11,-0.09422937993961433,8
1H_start_against1D,price,12,0.05148623132920638,8
1H_start_against1D,price,13,0.05537503357963547,8
1H_start_against1D,price,14,0.34107029015219004,8
1H_start_against1D,price,15,0.47578264585527164,8
1H_start_against1D,price,16,0.4741088278194139,8
1H_start_against1D,price,17,0.27291903648767324,8
1H_start_against1D,price,18,0.420486001272935,8
1H_start_against1D,price,19,0.4748049484952721,8
1H_start_against1D,price,20,0.3621368374020828,8
1H_start_against1D,price,21,0.21887831115010026,8
1H_start_against1D,price,22,0.10114206769890055,8
1H_start_against1D,price,23,0.36494368985718895,8
1H_start_against1D,price,24,0.29925493646283385,8
1H_start_against1D,oi,-24,-0.1385207415439682,7
1H_start_against1D,oi,-23,-0.22270091517716528,7
1H_start_against1D,oi,-22,-0.2721233581568172,7
1H_start_against1D,oi,-21,-0.38877250290706433,7
1H_start_against1D,oi,-20,-0.5555486949236077,6
1H_start_against1D,oi,-19,-0.9964743326137504,5
1H_start_against1D,oi,-18,-0.342105592484343,6
1H_start_against1D,oi,-17,-0.19430616903037268,6
1H_start_against1D,oi,-16,-0.6805456894030115,4
1H_start_against1D,oi,-15,-0.7319700289285525,4
1H_start_against1D,oi,-14,-0.5654187499919194,5
1H_start_against1D,oi,-13,-0.45337792875232985,5
1H_start_against1D,oi,-12,-0.4381914748929683,5
1H_start_against1D,oi,-11,-0.5003996692744594,6
1H_start_against1D,oi,-10,-0.6203623756135257,7
1H_start_against1D,oi,-9,-0.5567086251263009,7
1H_start_against1D,oi,-8,-0.4029390344880701,6
1H_start_against1D,oi,-7,-0.5000728658966058,7
1H_start_against1D,oi,-6,-0.4736998863298536,6
1H_start_against1D,oi,-5,-0.31344504249865013,5
1H_start_against1D,oi,-4,-0.37715086093075834,6
1H_start_against1D,oi,-3,-0.6600625643460256,6
1H_start_against1D,oi,-2,-0.42528819091580683,7
1H_start_against1D,oi,-1,-0.29288285888783294,7
1H_start_against1D,oi,0,0.0,7
1H_start_against1D,oi,1,0.09020252844333942,7
1H_start_against1D,oi,2,-0.08644036069667127,7
1H_start_against1D,oi,3,-0.223252909292615,7
1H_start_against1D,oi,4,-0.21569761747837202,7
1H_start_against1D,oi,5,-0.1426336660347305,7
1H_start_against1D,oi,6,-0.14881429073296815,7
1H_start_against1D,oi,7,-0.14833976996583842,6
1H_start_against1D,oi,8,0.33181028160031434,6
1H_start_against1D,oi,9,0.11433212180997909,6
1H_start_against1D,oi,10,0.05265821320974973,6
1H_start_against1D,oi,11,0.12235402195489575,6
1H_start_against1D,oi,12,0.11675050078148175,6
1H_start_against1D,oi,13,0.19074828000505417,6
1H_start_against1D,oi,14,0.046932648626391016,6
1H_start_against1D,oi,15,-0.028155770722815276,6
1H_start_against1D,oi,16,0.1350349168471987,6
1H_start_against1D,oi,17,-0.05766986851817313,6
1H_start_against1D,oi,18,-0.3628955670169465,6
1H_start_against1D,oi,19,-0.3536078931597686,6
1H_start_against1D,oi,20,-0.20532846607725364,6
1H_start_against1D,oi,21,0.1930645298450162,6
1H_start_against1D,oi,22,-0.1543917521081517,6
1H_start_against1D,oi,23,0.06862499829322632,6
1H_start_against1D,oi,24,0.10903157787101048,6
1H_start_against1D,fund,-24,0.0106,7
1H_start_against1D,fund,-23,-0.16540000000000002,7
1H_start_against1D,fund,-22,-0.27619999999999995,7
1H_start_against1D,fund,-21,-0.3744,7
1H_start_against1D,fund,-20,-0.2919,7
1H_start_against1D,fund,-19,-0.2761,7
1H_start_against1D,fund,-18,-0.21625,6
1H_start_against1D,fund,-17,-0.015600000000000001,5
1H_start_against1D,fund,-16,0.03080000000000001,5
1H_start_against1D,fund,-15,-0.06689999999999999,5
1H_start_against1D,fund,-14,-0.29425,6
1H_start_against1D,fund,-13,-0.31499999999999995,6
1H_start_against1D,fund,-12,-0.39654999999999996,6
1H_start_against1D,fund,-11,-0.43074999999999997,6
1H_start_against1D,fund,-10,-0.2606,7
1H_start_against1D,fund,-9,-0.2158,7
1H_start_against1D,fund,-8,-0.1746,6
1H_start_against1D,fund,-7,-0.08814999999999999,6
1H_start_against1D,fund,-6,-0.101,6
1H_start_against1D,fund,-5,-0.10589999999999998,5
1H_start_against1D,fund,-4,-0.2029,6
1H_start_against1D,fund,-3,-0.31445,6
1H_start_against1D,fund,-2,-0.28080000000000005,7
1H_start_against1D,fund,-1,-0.11359999999999999,7
1H_start_against1D,fund,0,0.0,7
1H_start_against1D,fund,1,0.028500000000000015,7
1H_start_against1D,fund,2,0.07390000000000002,7
1H_start_against1D,fund,3,0.01920000000000002,7
1H_start_against1D,fund,4,0.008599999999999986,7
1H_start_against1D,fund,5,-0.06670000000000002,7
1H_start_against1D,fund,6,-0.08639999999999999,7
1H_start_against1D,fund,7,-0.014000000000000002,7
1H_start_against1D,fund,8,-0.1529999999999999,7
1H_start_against1D,fund,9,-0.2657,6
1H_start_against1D,fund,10,-0.23889999999999995,6
1H_start_against1D,fund,11,-0.2734499999999999,6
1H_start_against1D,fund,12,-0.24489999999999998,6
1H_start_against1D,fund,13,-0.23080000000000003,6
1H_start_against1D,fund,14,-0.22475,6
1H_start_against1D,fund,15,-0.22995000000000004,6
1H_start_against1D,fund,16,-0.22015000000000004,6
1H_start_against1D,fund,17,-0.29989999999999994,6
1H_start_against1D,fund,18,-0.28709999999999997,6
1H_start_against1D,fund,19,-0.34875,6
1H_start_against1D,fund,20,-0.40154999999999996,6
1H_start_against1D,fund,21,-0.4302,6
1H_start_against1D,fund,22,-0.3315,6
1H_start_against1D,fund,23,-0.21750000000000003,6
1H_start_against1D,fund,24,-0.09399999999999997,6
1H_start_against1D,liq,-24,-0.025783296799999997,7
1H_start_against1D,liq,-23,-0.00467925135,8
1H_start_against1D,liq,-22,-0.015062310049999994,8
1H_start_against1D,liq,-21,0.05477204149999999,8
1H_start_against1D,liq,-20,-0.031441026400000016,7
1H_start_against1D,liq,-19,0.10256890830000001,7
1H_start_against1D,liq,-18,0.07145816479999997,7
1H_start_against1D,liq,-17,-0.25474269645000003,6
1H_start_against1D,liq,-16,0.029207041049999966,6
1H_start_against1D,liq,-15,-0.029933162200000002,6
1H_start_against1D,liq,-14,-0.41041832261,6
1H_start_against1D,liq,-13,0.03311609220000001,6
1H_start_against1D,liq,-12,-0.06107871250000001,7
1H_start_against1D,liq,-11,-0.04905184669999999,7
1H_start_against1D,liq,-10,0.168589083045,6
1H_start_against1D,liq,-9,0.2570086055,7
1H_start_against1D,liq,-8,0.45553506450000003,7
1H_start_against1D,liq,-7,0.025136534699999998,7
1H_start_against1D,liq,-6,0.08679522890000001,7
1H_start_against1D,liq,-5,-0.00432503845,6
1H_start_against1D,liq,-4,0.14800957895000003,6
1H_start_against1D,liq,-3,0.18168625987999998,6
1H_start_against1D,liq,-2,0.10921826714999999,6
1H_start_against1D,liq,-1,0.1015530119,7
1H_start_against1D,liq,0,4.8591129753799995,7
1H_start_against1D,liq,1,1.7972445859250001,8
1H_start_against1D,liq,2,-0.0896117931,8
1H_start_against1D,liq,3,0.028845354000000007,8
1H_start_against1D,liq,4,-0.03698912634999999,8
1H_start_against1D,liq,5,-0.09955240535,8
1H_start_against1D,liq,6,0.00707405415,8
1H_start_against1D,liq,7,0.0886676002,8
1H_start_against1D,liq,8,1.35853313925,8
1H_start_against1D,liq,9,0.08130940005,8
1H_start_against1D,liq,10,0.004398866300000002,8
1H_start_against1D,liq,11,0.031168525540000002,8
1H_start_against1D,liq,12,0.005818170900000013,8
1H_start_against1D,liq,13,0.004954635850000002,8
1H_start_against1D,liq,14,-0.012353640400000001,6
1H_start_against1D,liq,15,0.018295532539999958,6
1H_start_against1D,liq,16,-0.009399447999999982,7
1H_start_against1D,liq,17,0.0,7
1H_start_against1D,liq,18,0.0094962035,8
1H_start_against1D,liq,19,-0.0006230788000000005,9
1H_start_against1D,liq,20,0.0,9
1H_start_against1D,liq,21,0.0,9
1H_start_against1D,liq,22,-0.010817616600000001,9
1H_start_against1D,liq,23,0.0063944742,9
1H_start_against1D,liq,24,0.0002318508,9
1H_start_against1D,tape,-24,0.03400856099999789,7
1H_start_against1D,tape,-23,0.3262439119999998,7
1H_start_against1D,tape,-22,1.4138860609999988,7
1H_start_against1D,tape,-21,-0.7989052329999982,7
1H_start_against1D,tape,-20,-0.8581302860000003,7
1H_start_against1D,tape,-19,0.22070735600000013,7
1H_start_against1D,tape,-18,2.649665909000001,7
1H_start_against1D,tape,-17,8.410298343,7
1H_start_against1D,tape,-16,3.470735935000001,7
1H_start_against1D,tape,-15,1.6311758990000003,7
1H_start_against1D,tape,-14,-3.2087899999999996,7
1H_start_against1D,tape,-13,-0.19302015499999997,7
1H_start_against1D,tape,-12,-0.09363714300000008,7
1H_start_against1D,tape,-11,0.9038444490000002,7
1H_start_against1D,tape,-10,-4.421482539000001,7
1H_start_against1D,tape,-9,-1.927196575,7
1H_start_against1D,tape,-8,2.117407197999999,7
1H_start_against1D,tape,-7,0.3608046850000003,7
1H_start_against1D,tape,-6,1.8977199720000002,7
1H_start_against1D,tape,-5,4.323009902999999,7
1H_start_against1D,tape,-4,-2.461667992,7
1H_start_against1D,tape,-3,4.1112307370000005,7
1H_start_against1D,tape,-2,-3.3035586460000004,7
1H_start_against1D,tape,-1,1.8062656080000026,8
1H_start_against1D,tape,0,8.356438155500001,8
1H_start_against1D,tape,1,9.191868301499998,8
1H_start_against1D,tape,2,-11.770782990499999,8
1H_start_against1D,tape,3,-3.8509915689999996,8
1H_start_against1D,tape,4,-0.7332631109999983,9
1H_start_against1D,tape,5,-2.165142420000001,9
1H_start_against1D,tape,6,0.2741538460000013,9
1H_start_against1D,tape,7,-0.6257350700000001,9
1H_start_against1D,tape,8,0.4162609710000005,9
1H_start_against1D,tape,9,-1.591646998,9
1H_start_against1D,tape,10,0.0,9
1H_start_against1D,tape,11,0.7915714889999999,9
1H_start_against1D,tape,12,2.063882091000001,9
1H_start_against1D,tape,13,0.0,9
1H_start_against1D,tape,14,0.10290270900000004,9
1H_start_against1D,tape,15,0.0,9
1H_start_against1D,tape,16,2.711638110000001,9
1H_start_against1D,tape,17,0.0,9
1H_start_against1D,tape,18,5.830044114999996,9
1H_start_against1D,tape,19,0.0,9
1H_start_against1D,tape,20,0.0,9
1H_start_against1D,tape,21,0.0,9
1H_start_against1D,tape,22,1.2364903150000004,9
1H_start_against1D,tape,23,1.5674801650000003,9
1H_start_against1D,tape,24,0.0,9
ALIGN_LOST,price,-24,0.16990049742040547,7
ALIGN_LOST,price,-23,0.047607650812131475,7
ALIGN_LOST,price,-22,0.00466821940257045,7
ALIGN_LOST,price,-21,0.5458278623104329,7
ALIGN_LOST,price,-20,0.2226622528788802,7
ALIGN_LOST,price,-19,0.5192317251724754,7
ALIGN_LOST,price,-18,0.4167870101032589,7
ALIGN_LOST,price,-17,0.2570603440283925,7
ALIGN_LOST,price,-16,0.5612625833526508,7
ALIGN_LOST,price,-15,0.504634278211169,7
ALIGN_LOST,price,-14,0.43768198702658356,7
ALIGN_LOST,price,-13,0.5963929867923046,7
ALIGN_LOST,price,-12,0.5442969914920992,7
ALIGN_LOST,price,-11,0.6475869680569346,7
ALIGN_LOST,price,-10,0.6883689390503545,7
ALIGN_LOST,price,-9,0.781649204228474,7
ALIGN_LOST,price,-8,0.8949792560298153,7
ALIGN_LOST,price,-7,0.9599506686769566,7
ALIGN_LOST,price,-6,0.7593365261159946,7
ALIGN_LOST,price,-5,0.9362981299532169,7
ALIGN_LOST,price,-4,1.2878255162553032,7
ALIGN_LOST,price,-3,0.6938533985859419,7
ALIGN_LOST,price,-2,0.6631781912896484,7
ALIGN_LOST,price,-1,0.42300119541522907,7
ALIGN_LOST,price,0,0.0,7
ALIGN_LOST,price,1,-0.053154837387059395,7
ALIGN_LOST,price,2,-0.10577115268767256,7
ALIGN_LOST,price,3,-0.252226451294546,7
ALIGN_LOST,price,4,0.00453031492928524,7
ALIGN_LOST,price,5,-0.07687752632528078,7
ALIGN_LOST,price,6,-0.05770938576029616,7
ALIGN_LOST,price,7,-0.25930179703904654,7
ALIGN_LOST,price,8,-0.725259116023691,7
ALIGN_LOST,price,9,-0.4646978387192746,7
ALIGN_LOST,price,10,-0.26713576428978314,7
ALIGN_LOST,price,11,-0.25399938512172815,7
ALIGN_LOST,price,12,-0.12531925292771362,7
ALIGN_LOST,price,13,-0.20130273081770955,7
ALIGN_LOST,price,14,-0.29450427045676353,7
ALIGN_LOST,price,15,-0.5612747854695788,7
ALIGN_LOST,price,16,-0.3914519028840546,7
ALIGN_LOST,price,17,-0.10674095249202376,7
ALIGN_LOST,price,18,0.055618648519750735,7
ALIGN_LOST,price,19,0.2880380012875383,7
ALIGN_LOST,price,20,0.05860636216266091,7
ALIGN_LOST,price,21,-0.07942006705021765,7
ALIGN_LOST,price,22,0.09483305941364595,7
ALIGN_LOST,price,23,-0.010554817170460584,7
ALIGN_LOST,price,24,-0.2076438331199637,7
ALIGN_LOST,oi,-24,0.7223592868278783,6
ALIGN_LOST,oi,-23,0.9322689106288529,6
ALIGN_LOST,oi,-22,1.0389985290849113,6
ALIGN_LOST,oi,-21,0.8727288671308675,6
ALIGN_LOST,oi,-20,1.1722809190993,6
ALIGN_LOST,oi,-19,1.125047237767296,6
ALIGN_LOST,oi,-18,0.9909830947926079,6
ALIGN_LOST,oi,-17,0.8768122204858342,6
ALIGN_LOST,oi,-16,0.49087156612148686,6
ALIGN_LOST,oi,-15,0.9492749984937432,6
ALIGN_LOST,oi,-14,1.3462441052344065,6
ALIGN_LOST,oi,-13,2.0491191087227856,5
ALIGN_LOST,oi,-12,2.0146136150041016,5
ALIGN_LOST,oi,-11,2.5992626489287574,5
ALIGN_LOST,oi,-10,1.5540749299546963,5
ALIGN_LOST,oi,-9,1.789989599971542,6
ALIGN_LOST,oi,-8,1.5145630879985994,6
ALIGN_LOST,oi,-7,1.6298942767598468,6
ALIGN_LOST,oi,-6,1.1208181707668574,6
ALIGN_LOST,oi,-5,0.9040662190639925,6
ALIGN_LOST,oi,-4,0.8135468226792231,6
ALIGN_LOST,oi,-3,0.6219049264140186,6
ALIGN_LOST,oi,-2,0.6192207845059472,6
ALIGN_LOST,oi,-1,0.3670642233660981,6
ALIGN_LOST,oi,0,0.0,6
ALIGN_LOST,oi,1,-0.25148471686863294,6
ALIGN_LOST,oi,2,-0.14493588158646098,6
ALIGN_LOST,oi,3,-0.5356775496421218,6
ALIGN_LOST,oi,4,-0.56193134984861,6
ALIGN_LOST,oi,5,0.33722243671830965,6
ALIGN_LOST,oi,6,0.3671175837112406,6
ALIGN_LOST,oi,7,0.5996896345501046,6
ALIGN_LOST,oi,8,0.4676074647361528,6
ALIGN_LOST,oi,9,0.01699152668468429,5
ALIGN_LOST,oi,10,0.17473280582329664,5
ALIGN_LOST,oi,11,0.41169051238834076,5
ALIGN_LOST,oi,12,0.6683815154647887,6
ALIGN_LOST,oi,13,0.5467417382115536,6
ALIGN_LOST,oi,14,0.5148774837810843,6
ALIGN_LOST,oi,15,0.5136803080997066,6
ALIGN_LOST,oi,16,0.4667500689235937,6
ALIGN_LOST,oi,17,0.4856217149996289,6
ALIGN_LOST,oi,18,0.4636739859514183,6
ALIGN_LOST,oi,19,-0.1469680174359056,6
ALIGN_LOST,oi,20,0.05575672646328522,6
ALIGN_LOST,oi,21,0.2491436155023674,6
ALIGN_LOST,oi,22,0.7931353516998696,5
ALIGN_LOST,oi,23,0.9753456745157818,5
ALIGN_LOST,oi,24,0.4627746934209198,6
ALIGN_LOST,fund,-24,0.15799999999999995,6
ALIGN_LOST,fund,-23,0.14005000000000004,6
ALIGN_LOST,fund,-22,0.15819999999999995,5
ALIGN_LOST,fund,-21,0.2572,6
ALIGN_LOST,fund,-20,0.3234,6
ALIGN_LOST,fund,-19,0.3244,6
ALIGN_LOST,fund,-18,0.28265,6
ALIGN_LOST,fund,-17,0.23115000000000002,6
ALIGN_LOST,fund,-16,0.21055000000000001,6
ALIGN_LOST,fund,-15,0.1694,6
ALIGN_LOST,fund,-14,0.21505000000000002,6
ALIGN_LOST,fund,-13,0.303,5
ALIGN_LOST,fund,-12,0.4158,5
ALIGN_LOST,fund,-11,0.44909999999999994,5
ALIGN_LOST,fund,-10,0.358,5
ALIGN_LOST,fund,-9,0.3176,6
ALIGN_LOST,fund,-8,0.21675000000000003,6
ALIGN_LOST,fund,-7,0.01490000000000001,5
ALIGN_LOST,fund,-6,0.0377,6
ALIGN_LOST,fund,-5,0.1378,6
ALIGN_LOST,fund,-4,0.3106999999999999,5
ALIGN_LOST,fund,-3,0.20160000000000003,5
ALIGN_LOST,fund,-2,0.10949999999999999,6
ALIGN_LOST,fund,-1,0.12339999999999998,6
ALIGN_LOST,fund,0,0.0,6
ALIGN_LOST,fund,1,0.0004999999999999952,6
ALIGN_LOST,fund,2,-0.0045999999999999895,6
ALIGN_LOST,fund,3,-0.014350000000000005,6
ALIGN_LOST,fund,4,0.023400000000000004,6
ALIGN_LOST,fund,5,0.04080000000000002,6
ALIGN_LOST,fund,6,0.06304999999999998,6
ALIGN_LOST,fund,7,0.050499999999999975,6
ALIGN_LOST,fund,8,0.016649999999999984,6
ALIGN_LOST,fund,9,-0.08530000000000001,5
ALIGN_LOST,fund,10,-0.04229999999999998,5
ALIGN_LOST,fund,11,-0.0473,5
ALIGN_LOST,fund,12,-0.003249999999999994,6
ALIGN_LOST,fund,13,0.03165000000000001,6
ALIGN_LOST,fund,14,0.06770000000000001,6
ALIGN_LOST,fund,15,0.032549999999999996,6
ALIGN_LOST,fund,16,-0.026150000000000007,6
ALIGN_LOST,fund,17,-0.1403,6
ALIGN_LOST,fund,18,-0.20870000000000005,6
ALIGN_LOST,fund,19,-0.30245,6
ALIGN_LOST,fund,20,-0.23615,6
ALIGN_LOST,fund,21,-0.13695000000000002,6
ALIGN_LOST,fund,22,-0.0177,5
ALIGN_LOST,fund,23,0.1461999999999999,5
ALIGN_LOST,fund,24,0.21219999999999997,6
ALIGN_LOST,liq,-24,0.005007088600000001,6
ALIGN_LOST,liq,-23,0.21481166770000001,7
ALIGN_LOST,liq,-22,-0.010106659400000002,6
ALIGN_LOST,liq,-21,0.0129169214,6
ALIGN_LOST,liq,-20,0.002132115,7
ALIGN_LOST,liq,-19,0.03599424392,7
ALIGN_LOST,liq,-18,0.1930985561399999,7
ALIGN_LOST,liq,-17,0.08748929180000001,7
ALIGN_LOST,liq,-16,0.0844985229,7
ALIGN_LOST,liq,-15,0.12698655130000003,7
ALIGN_LOST,liq,-14,0.08519815400000001,7
ALIGN_LOST,liq,-13,0.27400092905,6
ALIGN_LOST,liq,-12,-0.0022080913499999983,6
ALIGN_LOST,liq,-11,0.04905184669999999,5
ALIGN_LOST,liq,-10,-0.17305250278000003,5
ALIGN_LOST,liq,-9,0.27316045867000005,6
ALIGN_LOST,liq,-8,0.2009428725,7
ALIGN_LOST,liq,-7,0.20243035305000004,6
ALIGN_LOST,liq,-6,-0.09808987731000003,6
ALIGN_LOST,liq,-5,0.1843756019,7
ALIGN_LOST,liq,-4,0.07278831820000001,6
ALIGN_LOST,liq,-3,-0.15640681437999998,6
ALIGN_LOST,liq,-2,-0.028335222549999983,6
ALIGN_LOST,liq,-1,-0.0480312507,5
ALIGN_LOST,liq,0,-6.70777487667,6
ALIGN_LOST,liq,1,-0.21637912475999996,6
ALIGN_LOST,liq,2,-1.0801028079350001,6
ALIGN_LOST,liq,3,-3.809999999998581e-08,7
ALIGN_LOST,liq,4,-0.0012069454000000004,7
ALIGN_LOST,liq,5,-0.12674333759999998,7
ALIGN_LOST,liq,6,-0.001768571000000001,7
ALIGN_LOST,liq,7,-0.0098767985,7
ALIGN_LOST,liq,8,0.018759677099999997,7
ALIGN_LOST,liq,9,-0.018321080800000004,6
ALIGN_LOST,liq,10,0.052444952749999996,6
ALIGN_LOST,liq,11,-0.0101098599,5
ALIGN_LOST,liq,12,-0.051691130300000006,5
ALIGN_LOST,liq,13,-0.0038891789000000004,7
ALIGN_LOST,liq,14,0.000620603719999981,7
ALIGN_LOST,liq,15,0.014317015300000001,7
ALIGN_LOST,liq,16,0.0010989920999999998,7
ALIGN_LOST,liq,17,0.07438593210000001,7
ALIGN_LOST,liq,18,0.20642954024000001,7
ALIGN_LOST,liq,19,0.041440701799999986,7
ALIGN_LOST,liq,20,0.0259777686,7
ALIGN_LOST,liq,21,0.1688842672,7
ALIGN_LOST,liq,22,0.007804406349999992,6
ALIGN_LOST,liq,23,-0.0013568315,6
ALIGN_LOST,liq,24,-0.1479743758,6
ALIGN_LOST,tape,-24,-2.0730458015,6
ALIGN_LOST,tape,-23,4.694037193999998,6
ALIGN_LOST,tape,-22,-3.4117987970000003,6
ALIGN_LOST,tape,-21,-2.9297103889999985,6
ALIGN_LOST,tape,-20,4.8123542745000005,6
ALIGN_LOST,tape,-19,0.8483029204999999,6
ALIGN_LOST,tape,-18,-0.21078197549999933,6
ALIGN_LOST,tape,-17,4.9051224405,6
ALIGN_LOST,tape,-16,5.724049699999999,5
ALIGN_LOST,tape,-15,-1.6834549359999955,5
ALIGN_LOST,tape,-14,-4.354701348,5
ALIGN_LOST,tape,-13,0.6382744510000018,5
ALIGN_LOST,tape,-12,-0.6308255509999999,5
ALIGN_LOST,tape,-11,2.4917482329999987,5
ALIGN_LOST,tape,-10,2.0711870070000002,5
ALIGN_LOST,tape,-9,-3.5323993510000005,5
ALIGN_LOST,tape,-8,6.148507596999999,5
ALIGN_LOST,tape,-7,-0.3608046850000003,5
ALIGN_LOST,tape,-6,-1.8977199720000002,5
ALIGN_LOST,tape,-5,-2.504050528,5
ALIGN_LOST,tape,-4,-4.1255107409999985,5
ALIGN_LOST,tape,-3,-2.129712767000001,5
ALIGN_LOST,tape,-2,1.8126718429999997,5
ALIGN_LOST,tape,-1,-6.461650273,5
ALIGN_LOST,tape,0,-19.89120243,5
ALIGN_LOST,tape,1,0.950380578,5
ALIGN_LOST,tape,2,10.615820541000001,5
ALIGN_LOST,tape,3,-3.010353275999995,5
ALIGN_LOST,tape,4,0.7332631109999983,5
ALIGN_LOST,tape,5,-5.289165615999997,5
ALIGN_LOST,tape,6,2.181860175999999,5
ALIGN_LOST,tape,7,-3.59999048099998,5
ALIGN_LOST,tape,8,-11.399554619000003,5
ALIGN_LOST,tape,9,-1.9708728969999998,5
ALIGN_LOST,tape,10,1.037662689999999,5
ALIGN_LOST,tape,11,-0.7915714889999999,5
ALIGN_LOST,tape,12,8.166821118000005,5
ALIGN_LOST,tape,13,-1.300279426,5
ALIGN_LOST,tape,14,0.549434886,5
ALIGN_LOST,tape,15,-1.035430828,5
ALIGN_LOST,tape,16,2.5049765590000015,5
ALIGN_LOST,tape,17,0.719402066,5
ALIGN_LOST,tape,18,-0.1266283400000001,5
ALIGN_LOST,tape,19,6.652707740000002,5
ALIGN_LOST,tape,20,-1.7536715619999999,5
ALIGN_LOST,tape,21,-1.8993964999999993,5
ALIGN_LOST,tape,22,1.527737865999999,5
ALIGN_LOST,tape,23,1.0517654410000001,5
ALIGN_LOST,tape,24,3.154158422000002,5
ALIGN_RESTORED,price,-24,-1.6521227614584744,7
ALIGN_RESTORED,price,-23,-1.5603255592879672,7
ALIGN_RESTORED,price,-22,-1.487207947068947,7
ALIGN_RESTORED,price,-21,-1.4569702032810716,7
ALIGN_RESTORED,price,-20,-1.5226134586571627,7
ALIGN_RESTORED,price,-19,-1.48264518623058,7
ALIGN_RESTORED,price,-18,-1.3985618228254726,7
ALIGN_RESTORED,price,-17,-1.39646950708191,7
ALIGN_RESTORED,price,-16,-1.4596675259866188,7
ALIGN_RESTORED,price,-15,-1.5836435359480538,7
ALIGN_RESTORED,price,-14,-1.372569176434102,7
ALIGN_RESTORED,price,-13,-1.4956850213701522,7
ALIGN_RESTORED,price,-12,-1.5480363553725063,7
ALIGN_RESTORED,price,-11,-1.525399011544648,7
ALIGN_RESTORED,price,-10,-1.0024001077099776,7
ALIGN_RESTORED,price,-9,-0.7447103025509216,7
ALIGN_RESTORED,price,-8,-0.8115403957194456,7
ALIGN_RESTORED,price,-7,-0.7998195570496303,7
ALIGN_RESTORED,price,-6,-0.6361824207649969,7
ALIGN_RESTORED,price,-5,-0.7321781688748197,7
ALIGN_RESTORED,price,-4,-0.5248388454384356,7
ALIGN_RESTORED,price,-3,-0.5169072572671629,7
ALIGN_RESTORED,price,-2,-0.4293924263397142,7
ALIGN_RESTORED,price,-1,-0.2842470832509436,7
ALIGN_RESTORED,price,0,0.0,7
ALIGN_RESTORED,price,1,0.04774863663543627,7
ALIGN_RESTORED,price,2,0.2916007514336627,7
ALIGN_RESTORED,price,3,0.15325291674905817,7
ALIGN_RESTORED,price,4,0.32791180541824616,7
ALIGN_RESTORED,price,5,0.1732483868539081,7
ALIGN_RESTORED,price,6,0.19304219741216322,7
ALIGN_RESTORED,price,7,-0.03008946492609743,7
ALIGN_RESTORED,price,8,-0.13600238216594507,7
ALIGN_RESTORED,price,9,-0.13241613779975125,7
ALIGN_RESTORED,price,10,-0.2474508612671955,7
ALIGN_RESTORED,price,11,-0.6059753328865658,7
ALIGN_RESTORED,price,12,-0.38925121341889524,7
ALIGN_RESTORED,price,13,-0.34107783842258765,7
ALIGN_RESTORED,price,14,-0.3532138310074151,7
ALIGN_RESTORED,price,15,-0.09080570665195298,7
ALIGN_RESTORED,price,16,-0.24743836564221633,7
ALIGN_RESTORED,price,17,-0.14496174526893446,7
ALIGN_RESTORED,price,18,-0.20877502958365213,7
ALIGN_RESTORED,price,19,-0.20697497172640356,7
ALIGN_RESTORED,price,20,-0.15137434233171154,7
ALIGN_RESTORED,price,21,-0.46047489502989425,7
ALIGN_RESTORED,price,22,-0.2042541728207059,7
ALIGN_RESTORED,price,23,-0.19214522515302868,7
ALIGN_RESTORED,price,24,-0.5393361649252526,7
ALIGN_RESTORED,oi,-24,-0.7635899445367356,7
ALIGN_RESTORED,oi,-23,-0.6962694502004707,7
ALIGN_RESTORED,oi,-22,-0.8235828443154292,7
ALIGN_RESTORED,oi,-21,-0.9210831392389318,7
ALIGN_RESTORED,oi,-20,-0.9272830580756897,7
ALIGN_RESTORED,oi,-19,-0.995972938576617,7
ALIGN_RESTORED,oi,-18,-1.2662245148503892,7
ALIGN_RESTORED,oi,-17,-1.2345972087535295,7
ALIGN_RESTORED,oi,-16,-1.278290736968346,7
ALIGN_RESTORED,oi,-15,-1.1272350987522328,7
ALIGN_RESTORED,oi,-14,-0.5650981176882452,7
ALIGN_RESTORED,oi,-13,-0.42271290833634234,7
ALIGN_RESTORED,oi,-12,-0.10803785111958009,7
ALIGN_RESTORED,oi,-11,0.041711453307990976,6
ALIGN_RESTORED,oi,-10,0.10608978783286371,6
ALIGN_RESTORED,oi,-9,0.3988269474514361,5
ALIGN_RESTORED,oi,-8,0.46619737217694635,5
ALIGN_RESTORED,oi,-7,0.12743541370763833,6
ALIGN_RESTORED,oi,-6,0.31916445695143736,7
ALIGN_RESTORED,oi,-5,0.1678065368278414,7
ALIGN_RESTORED,oi,-4,0.006740767999779962,7
ALIGN_RESTORED,oi,-3,0.018467413149392264,7
ALIGN_RESTORED,oi,-2,0.0745076480766993,6
ALIGN_RESTORED,oi,-1,-0.05380886549083419,7
ALIGN_RESTORED,oi,0,0.0,7
ALIGN_RESTORED,oi,1,-0.09327652900474881,7
ALIGN_RESTORED,oi,2,-0.22862192526522662,7
ALIGN_RESTORED,oi,3,-0.1484629388574521,7
ALIGN_RESTORED,oi,4,-0.18468910025210006,6
ALIGN_RESTORED,oi,5,-0.007982132432099442,6
ALIGN_RESTORED,oi,6,0.05879672845798822,7
ALIGN_RESTORED,oi,7,0.0595739390003569,7
ALIGN_RESTORED,oi,8,0.15290520640190985,6
ALIGN_RESTORED,oi,9,-0.3984910542976783,5
ALIGN_RESTORED,oi,10,-0.8994946482957955,5
ALIGN_RESTORED,oi,11,-0.5482994008691011,5
ALIGN_RESTORED,oi,12,-0.5576359660066532,6
ALIGN_RESTORED,oi,13,-0.5654364159551117,6
ALIGN_RESTORED,oi,14,-0.6248958463826115,6
ALIGN_RESTORED,oi,15,-0.791462826264383,6
ALIGN_RESTORED,oi,16,-0.28966392862339596,7
ALIGN_RESTORED,oi,17,-0.31713569304778755,7
ALIGN_RESTORED,oi,18,-0.47210659416306866,7
ALIGN_RESTORED,oi,19,-0.4758584184841208,7
ALIGN_RESTORED,oi,20,-0.5987152363300385,7
ALIGN_RESTORED,oi,21,-0.5305155068177303,7
ALIGN_RESTORED,oi,22,-0.8319682165193076,7
ALIGN_RESTORED,oi,23,-0.7477585192809943,7
ALIGN_RESTORED,oi,24,-0.7484133899146483,7
ALIGN_RESTORED,fund,-24,-0.21949999999999997,7
ALIGN_RESTORED,fund,-23,-0.32619999999999993,7
ALIGN_RESTORED,fund,-22,-0.39054999999999995,6
ALIGN_RESTORED,fund,-21,-0.3437,7
ALIGN_RESTORED,fund,-20,-0.38859999999999995,7
ALIGN_RESTORED,fund,-19,-0.341,7
ALIGN_RESTORED,fund,-18,-0.26949999999999996,7
ALIGN_RESTORED,fund,-17,-0.179,7
ALIGN_RESTORED,fund,-16,-0.09519999999999997,7
ALIGN_RESTORED,fund,-15,-0.06849999999999998,7
ALIGN_RESTORED,fund,-14,-0.0354,6
ALIGN_RESTORED,fund,-13,-0.09250000000000001,7
ALIGN_RESTORED,fund,-12,-0.14004999999999998,6
ALIGN_RESTORED,fund,-11,-0.09669999999999997,6
ALIGN_RESTORED,fund,-10,-0.10304999999999997,6
ALIGN_RESTORED,fund,-9,-0.03699999999999995,5
ALIGN_RESTORED,fund,-8,-0.06479999999999998,5
ALIGN_RESTORED,fund,-7,-0.11924999999999998,6
ALIGN_RESTORED,fund,-6,-0.03760000000000005,7
ALIGN_RESTORED,fund,-5,-0.010299999999999952,7
ALIGN_RESTORED,fund,-4,-0.05100000000000002,7
ALIGN_RESTORED,fund,-3,0.0,7
ALIGN_RESTORED,fund,-2,0.03545000000000001,6
ALIGN_RESTORED,fund,-1,0.0,7
ALIGN_RESTORED,fund,0,0.0,7
ALIGN_RESTORED,fund,1,0.013300000000000076,6
ALIGN_RESTORED,fund,2,0.0028999999999999894,7
ALIGN_RESTORED,fund,3,0.01170000000000004,7
ALIGN_RESTORED,fund,4,0.09060000000000004,6
ALIGN_RESTORED,fund,5,0.04039999999999995,5
ALIGN_RESTORED,fund,6,-0.09539999999999997,7
ALIGN_RESTORED,fund,7,0.018400000000000027,7
ALIGN_RESTORED,fund,8,0.10740000000000002,6
ALIGN_RESTORED,fund,9,0.0019000000000001004,5
ALIGN_RESTORED,fund,10,-0.009599999999999907,5
ALIGN_RESTORED,fund,11,-0.0411,5
ALIGN_RESTORED,fund,12,0.03540000000000007,6
ALIGN_RESTORED,fund,13,0.045300000000000056,6
ALIGN_RESTORED,fund,14,0.06400000000000003,6
ALIGN_RESTORED,fund,15,0.09715000000000001,6
ALIGN_RESTORED,fund,16,0.24430000000000007,7
ALIGN_RESTORED,fund,17,0.24430000000000007,7
ALIGN_RESTORED,fund,18,0.018900000000000097,6
ALIGN_RESTORED,fund,19,0.00979999999999994,7
ALIGN_RESTORED,fund,20,-0.08209999999999998,7
ALIGN_RESTORED,fund,21,-0.14969999999999997,7
ALIGN_RESTORED,fund,22,-0.11549999999999996,7
ALIGN_RESTORED,fund,23,0.043499999999999976,7
ALIGN_RESTORED,fund,24,-0.19599999999999995,7
ALIGN_RESTORED,liq,-24,0.014317015300000001,7
ALIGN_RESTORED,liq,-23,-0.0063944742,7
ALIGN_RESTORED,liq,-22,0.0781423703,6
ALIGN_RESTORED,liq,-21,0.16349060660000003,5
ALIGN_RESTORED,liq,-20,0.0026961658000000006,7
ALIGN_RESTORED,liq,-19,0.013806507300000001,6
ALIGN_RESTORED,liq,-18,0.0047798775,7
ALIGN_RESTORED,liq,-17,0.008142739599999999,7
ALIGN_RESTORED,liq,-16,0.0462104028,6
ALIGN_RESTORED,liq,-15,0.0276243235,7
ALIGN_RESTORED,liq,-14,-0.035746877749999996,6
ALIGN_RESTORED,liq,-13,0.05284293535,6
ALIGN_RESTORED,liq,-12,-0.006493238300000001,6
ALIGN_RESTORED,liq,-11,0.015709937700000003,6
ALIGN_RESTORED,liq,-10,0.12138262035000001,6
ALIGN_RESTORED,liq,-9,0.005381484300000001,5
ALIGN_RESTORED,liq,-8,-0.0030470466999999992,5
ALIGN_RESTORED,liq,-7,-0.0368820064,5
ALIGN_RESTORED,liq,-6,-0.01701783125000004,6
ALIGN_RESTORED,liq,-5,0.25265592158,7
ALIGN_RESTORED,liq,-4,0.07720578330000001,7
ALIGN_RESTORED,liq,-3,0.029957344400000006,7
ALIGN_RESTORED,liq,-2,0.029547014599999998,6
ALIGN_RESTORED,liq,-1,0.28137687537,6
ALIGN_RESTORED,liq,0,2.25591788049,7
ALIGN_RESTORED,liq,1,1.0908819656800002,6
ALIGN_RESTORED,liq,2,0.5036931754199999,6
ALIGN_RESTORED,liq,3,0.1843756019,7
ALIGN_RESTORED,liq,4,0.07947812715,6
ALIGN_RESTORED,liq,5,0.09017155330000001,6
ALIGN_RESTORED,liq,6,0.011238573600000001,6
ALIGN_RESTORED,liq,7,-0.9136563228499999,7
ALIGN_RESTORED,liq,8,0.09680249895000001,6
ALIGN_RESTORED,liq,9,-0.37100974511999996,5
ALIGN_RESTORED,liq,10,-1.1589180901899998,5
ALIGN_RESTORED,liq,11,-0.3061472288,5
ALIGN_RESTORED,liq,12,0.09262167771999998,5
ALIGN_RESTORED,liq,13,0.15245336085000002,6
ALIGN_RESTORED,liq,14,0.04639269359999999,6
ALIGN_RESTORED,liq,15,0.1405273658,6
ALIGN_RESTORED,liq,16,0.15339990186000002,6
ALIGN_RESTORED,liq,17,0.56529852254,7
ALIGN_RESTORED,liq,18,0.12633197965,6
ALIGN_RESTORED,liq,19,0.012778097599999982,4
ALIGN_RESTORED,liq,20,0.009630819204999946,6
ALIGN_RESTORED,liq,21,-0.0016342875900000097,6
ALIGN_RESTORED,liq,22,0.0082835583,7
ALIGN_RESTORED,liq,23,0.17416617630000006,7
ALIGN_RESTORED,liq,24,0.2763067331,6
ALIGN_RESTORED,tape,-24,-2.6000549275,6
ALIGN_RESTORED,tape,-23,-1.6981125044999996,6
ALIGN_RESTORED,tape,-22,1.5777460735000002,6
ALIGN_RESTORED,tape,-21,6.261845280999999,6
ALIGN_RESTORED,tape,-20,-1.8212229305000005,6
ALIGN_RESTORED,tape,-19,-2.0482481329999995,6
ALIGN_RESTORED,tape,-18,-1.3145531854999997,6
ALIGN_RESTORED,tape,-17,1.0725829179999995,6
ALIGN_RESTORED,tape,-16,-0.6153282259999999,6
ALIGN_RESTORED,tape,-15,2.1507322580000006,6
ALIGN_RESTORED,tape,-14,0.5909106110000001,6
ALIGN_RESTORED,tape,-13,-4.219418758000001,6
ALIGN_RESTORED,tape,-12,1.0264045089999996,6
ALIGN_RESTORED,tape,-11,0.8368663865000001,6
ALIGN_RESTORED,tape,-10,0.9656060490000005,6
ALIGN_RESTORED,tape,-9,-0.6217990409999996,6
ALIGN_RESTORED,tape,-8,-0.03927024499999988,5
ALIGN_RESTORED,tape,-7,-4.354701348,5
ALIGN_RESTORED,tape,-6,-1.416645732999998,5
ALIGN_RESTORED,tape,-5,2.0580950749999998,5
ALIGN_RESTORED,tape,-4,2.3735741379999995,5
ALIGN_RESTORED,tape,-3,3.298173006999997,5
ALIGN_RESTORED,tape,-2,-1.3022734190000007,5
ALIGN_RESTORED,tape,-1,0.719402066,5
ALIGN_RESTORED,tape,0,-0.2310266820000001,5
ALIGN_RESTORED,tape,1,-1.207006095,5
ALIGN_RESTORED,tape,2,0.5943610120000004,5
ALIGN_RESTORED,tape,3,-7.166616272000001,5
ALIGN_RESTORED,tape,4,-1.4755305280000002,5
ALIGN_RESTORED,tape,5,-0.3262439119999998,5
ALIGN_RESTORED,tape,6,-1.4138860609999988,5
ALIGN_RESTORED,tape,7,-1.6834549359999955,5
ALIGN_RESTORED,tape,8,0.6382744510000018,5
ALIGN_RESTORED,tape,9,9.805233555999997,5
ALIGN_RESTORED,tape,10,2.4917482329999987,5
ALIGN_RESTORED,tape,11,-1.430343463999998,5
ALIGN_RESTORED,tape,12,6.568184185999999,5
ALIGN_RESTORED,tape,13,2.181860175999999,5
ALIGN_RESTORED,tape,14,8.988233895999997,5
ALIGN_RESTORED,tape,15,2.306509307000002,5
ALIGN_RESTORED,tape,16,-2.8565231619999967,5
ALIGN_RESTORED,tape,17,33.150663281,5
ALIGN_RESTORED,tape,18,6.286807085,5
ALIGN_RESTORED,tape,19,6.184119704999999,5
ALIGN_RESTORED,tape,20,1.8126718429999997,5
ALIGN_RESTORED,tape,21,7.550806560000001,5
ALIGN_RESTORED,tape,22,-0.14825084300000055,5
ALIGN_RESTORED,tape,23,0.950380578,5
ALIGN_RESTORED,tape,24,-2.282421893,5
