ev_id,family,T,s,cluster,ep,dir,d1,against_1d,end_reason,state_after,state_before,P_T,abs_ret_24h_before,R1,MFE1,MAE1,R4,MFE4,MAE4,R12,MFE12,MAE12,R24,MFE24,MAE24,R48,MFE48,MAE48,R72,MFE72,MAE72
0,1H_end,2026-08-29 15:00:00,-1,1D#2026-08-19 BULL,1h|BEAR|28.08 18:00,BEAR,BULL,False,pivot,,,78014.37,0.0192107508897138,0.0019100327285856977,0.0026593818549069947,-0.0,-0.0018411992559832502,0.0026593818549069947,-0.0030203409961524486,-0.0011746553872062915,0.0026593818549069947,-0.004045793101963291,-0.009861516538555826,0.0026593818549069947,-0.012207879138163902,-0.007508488500259647,0.013002348157140742,-0.017761215017182197,-0.0019691244061832425,0.013002348157140742,-0.017761215017182197
1,1H_end,2026-09-01 09:00:00,1,1D#2026-08-19 BULL,1h|BULL|30.08 16:00,BULL,BULL,False,pivot,,,77883.28,0.007613581920673629,0.00040727611882807047,0.0022977974219884345,-0.001246737425542488,0.001550011761189296,0.004098954229970975,-0.0018138681370379883,-0.005583098195145353,0.006942696815028793,-0.01878811472757691,-0.013214261135381045,0.006942696815028793,-0.01878811472757691,-0.0005128186691675252,0.006942696815028793,-0.02079111203328876,0.04190732593696622,0.0567094760261766,-0.02079111203328876
2,1H_end,2026-09-03 03:00:00,-1,1D#2026-08-19 BULL,1h|BEAR|01.09 17:00,BEAR,BULL,False,pivot,,,77816.01,0.006295293369128263,0.001388017709980205,0.0022350156478081473,-0.0008223243520195656,-0.0002464788415650343,0.009188340548429541,-0.0008223243520195656,-0.035133644092006255,0.009188340548429541,-0.03527538870214508,-0.03875783402412969,0.009188340548429541,-0.05762297501503877,-0.022528525942155042,0.009188340548429541,-0.05762297501503877,-0.026874546767432728,0.009188340548429541,-0.05762297501503877
3,1H_end,2026-09-04 13:00:00,1,1D#2026-08-19 BULL,1h|BULL|03.09 12:00,BULL,BULL,False,pivot,,,79453.96,0.010191427137996367,-0.000947592794619756,0.0031469797100105446,-0.005713497477029539,0.0036721895296343288,0.00532522230484167,-0.009992705209406871,0.0015027570683701086,0.00532522230484167,-0.009992705209406871,0.00314874173672397,0.00532522230484167,-0.009992705209406871,0.005891210456973939,0.009389588637243484,-0.009992705209406871,0.0019241331709582976,0.013920388612474355,-0.009992705209406871
4,1H_end,2026-09-07 08:00:00,1,1D#2026-08-19 BULL,1h|BULL|06.09 03:00,BULL,BULL,False,opposite_bos,,,79397.83,0.0051020612743561955,0.0004981244449628885,0.001670574624016874,0.0,0.00028124194326228924,0.001916551119848009,-0.0014588559914042731,-0.00040315963295212143,0.003094165167990104,-0.009040927189068015,-0.011534698114545439,0.003094165167990104,-0.015338580412084357,-0.0015164142395328595,0.003094165167990104,-0.022391292054203538,-0.01619477509649825,0.004561459677172586,-0.022391292054203538
5,1H_end,2026-09-09 05:00:00,-1,1D#2026-08-19 BULL,1h|BEAR|07.09 07:00,BEAR,BULL,False,pivot,,,79171.5,0.006263320789067217,0.0031333244917679526,0.004179660610194369,-0.002507341657035589,-0.006650372924600356,0.004179660610194369,-0.007433230392249746,0.004630454140694629,0.01403876394914838,-0.007433230392249746,0.009744668220255992,0.017702077136343308,-0.007433230392249746,0.02598776074723863,0.03419791212747014,-0.007433230392249746,0.02461428670670629,0.039470263920729054,-0.009075235406680537
6,1H_end,2026-09-11 13:00:00,-1,1D#2026-08-19 BULL,1h|BEAR|09.09 22:00,BEAR,BULL,False,pivot,,,78032.99,0.014785942729668378,-0.015500751669261792,0.009985392075838706,-0.016659748652460893,0.0014992376942112307,0.009985392075838706,-0.023797755282733535,0.009554420508556816,0.014737228446583983,-0.023797755282733535,0.00888073108566012,0.014737228446583983,-0.023797755282733535,0.016270810589213647,0.01964540894818978,-0.023797755282733535,0.004292799750464704,0.021071472463121133,-0.023797755282733535
7,1H_end,2026-09-14 03:00:00,-1,1D#2026-08-19 BULL,1h|BEAR|12.09 18:00,BEAR,BULL,False,pivot,,,77600.0,0.004011387766276409,4.7293814432913805e-05,0.0012369845360825638,-0.003477061855670094,8.827319587634275e-05,0.0028426546391752128,-0.0038060567010309576,-0.011869329896907255,0.0028426546391752128,-0.01433363402061838,-0.004042783505154635,0.0028426546391752128,-0.025773195876288568,0.022083118556700976,0.03391791237113395,-0.025773195876288568,0.01585038659793825,0.03391791237113395,-0.025773195876288568
8,1H_end,2026-09-15 07:00:00,1,1D#2026-08-19 BULL,1h|BULL|14.09 09:00,BULL,BULL,False,pivot,,,77286.7,0.003949446568414783,-0.004615153706912123,0.00031066147215508266,-0.005142928860981222,-0.0030134550964137086,0.00031066147215508266,-0.007544765140703347,-0.016648401342016172,0.000734149601419265,-0.03000166910995028,-0.016260106848914546,0.000734149601419265,-0.03000166910995028,-0.01047075370018391,0.000734149601419265,-0.03000166910995028,0.004105492924397103,0.005547914453586378,-0.03000166910995028
9,1H_end,2026-09-16 12:00:00,-1,1D-gap,1h|BEAR|15.09 13:00,BEAR,NONE,False,pivot,,,76250.0,0.008968155839854886,0.0036984918032786362,0.005980065573770399,-0.0006557377049181135,0.006053639344262285,0.010845377049180427,-0.0006557377049181135,0.0005769180327869217,0.015543344262294978,-0.004075540983606407,-0.0030426229508195846,0.015543344262294978,-0.006873180327868766,-0.023763934426229483,0.015543344262294978,-0.02938740983606558,-0.0662640000000001,0.015543344262294978,-0.07201311475409833
10,1H_end,2026-09-19 22:00:00,1,1D#2026-09-18 BULL,1h|BULL|18.09 03:00,BULL,BULL,False,pivot,,,81100.41,0.0016961232523614589,0.00198445359277466,0.0020665740160867863,-0.0017066498184165058,-2.983955321556042e-05,0.003365334404597853,-0.0017066498184165058,-0.007773080308718594,0.003365334404597853,-0.01201436589531435,-0.002076438331199637,0.004894179943109922,-0.01201436589531435,0.06766772202507965,0.07762303544458038,-0.01201436589531435,0.0626827903829339,0.07762303544458038,-0.01201436589531435
11,1H_end,2026-09-23 09:00:00,1,1D#2026-09-18 BULL,1h|BULL|20.09 15:00,BULL,BULL,False,pivot,,,85899.99,0.0037551130042214886,-0.000531548373870594,0.0014437719957824946,-0.0019322470235445532,-0.0045294533794474345,0.0014437719957824946,-0.007365192941233167,-0.019407802026519483,0.0014437719957824946,-0.027939234917256806,-0.026076720148628718,0.0014437719957824946,-0.030255998865657663,-0.01726344787700218,0.0014437719957824946,-0.03521606929174281,-0.019557394593410438,0.0014437719957824946,-0.03521606929174281
12,1H_end,2026-09-26 23:00:00,-1,1D#2026-09-18 BULL,1h|BEAR|24.09 09:00,BEAR,BULL,False,pivot,,,84276.01,0.0022948739371371207,-0.0018639942731035752,1.1865772941987984e-07,-0.002344320762219354,-0.0020645258360001417,0.00022473773971964928,-0.0035018269137327973,-0.0072024055244190865,0.00022473773971964928,-0.009986590489986513,0.0009580425081822108,0.0016639373411246883,-0.010477714832489049,0.00868574580120729,0.020326187725308698,-0.010477714832489049,0.007878873240439344,0.020326187725308698,-0.010477714832489049
13,1H_end,2026-09-28 19:00:00,-1,1D#2026-09-18 BULL,1h|BEAR|28.09 01:00,BEAR,BULL,False,pivot,,,84041.19,0.009168714461770033,0.007753935897385711,0.010983780691349088,-4.8071665810445197e-05,0.00591590861576341,0.01119915127332205,-4.8071665810445197e-05,0.00040611038468163496,0.01505511761554068,-4.8071665810445197e-05,0.0047737305956757625,0.01505511761554068,-0.0062207591301362,0.0010850631696195379,0.01505511761554068,-0.019142518091426197,-0.009053060766988308,0.01505511761554068,-0.019142518091426197
14,1H_end,2026-10-02 16:00:00,1,1D#2026-09-18 BULL,1h|BULL|30.09 12:00,BULL,BULL,False,pivot,,,85326.0,0.013822639852713925,-0.0019453624920892088,0.0021329958043270203,-0.0036096852073225216,-0.011845392963457768,0.0021329958043270203,-0.016853010805616075,-0.007341724679464701,0.0021329958043270203,-0.016853010805616075,-0.00537608700747727,0.0021329958043270203,-0.016853010805616075,-0.000820265804092557,0.0021329958043270203,-0.016853010805616075,-0.000658884747907984,0.01960844291306274,-0.016853010805616075
15,1H_end,2026-10-05 15:00:00,1,1D#2026-09-18 BULL,1h|BULL|04.10 20:00,BULL,BULL,False,pivot,,,85645.26,0.004301438909998678,-0.004384130540324049,0.0003356869954040942,-0.005499662211311929,4.5303149292852396e-05,0.0003356869954040942,-0.007860913727157803,-0.0012531925292771362,0.005665112114786153,-0.007860913727157803,0.011096352559382794,0.011456909582620245,-0.007860913727157803,,,,,,
16,1H_start,2026-08-28 19:00:00,-1,1D#2026-08-19 BULL,1h|BEAR|28.08 18:00,BEAR,BULL,True,,,,77554.0,0.032397600070567134,-0.0003356371044691553,0.0022951749748562067,-0.0031378136524229383,-0.002639322278670475,0.0038464811615132044,-0.0031378136524229383,0.001124119968022197,0.0038464811615132044,-0.0052856074477138915,-0.00778825076720735,0.0038464811615132044,-0.008974392036516399,-0.01911816282848089,0.0038464811615132044,-0.02380276968305961,-0.018851380973257337,0.007143409753204266,-0.02380276968305961
17,1H_start,2026-08-30 17:00:00,1,1D#2026-08-19 BULL,1h|BULL|30.08 16:00,BULL,BULL,False,,,,79337.93,0.01679876381521961,-0.003994432423432115,0.0,-0.007097235836629356,-0.009334753251061478,0.0,-0.011340099243829505,-0.021624587382100824,0.0,-0.02946799847185322,-0.008802347124508891,0.0,-0.02946799847185322,-0.021955702650674147,0.0,-0.02946799847185322,-0.027306359013904102,0.0,-0.03874477188905723
18,1H_start,2026-09-01 18:00:00,-1,1D#2026-08-19 BULL,1h|BEAR|01.09 17:00,BEAR,BULL,True,,,,77265.79,0.020679652652509595,0.0014481182422388938,0.010946500385228597,-0.0006969449221965185,0.0007049691719969164,0.010946500385228597,-0.0032421851895905185,-0.00498642413414796,0.010946500385228597,-0.006810387883175784,-0.0014996287490234295,0.01296550517376438,-0.006810387883175784,-0.048872987644337895,0.01296550517376438,-0.05312234560728624,-0.02855636368954495,0.01296550517376438,-0.0651544493365046
19,1H_start,2026-09-03 13:00:00,1,1D#2026-08-19 BULL,1h|BULL|03.09 12:00,BULL,BULL,False,,,,78652.38,0.026607450242697617,0.0023920445891147946,0.004419700967726481,-0.0025699158754001195,0.02945861269550898,0.03455648767399033,-0.0025699158754001195,0.029493576672441346,0.046376473286631636,-0.0025699158754001195,0.010191427137996367,0.046376473286631636,-0.0025699158754001195,0.01337225904670647,0.046376473286631636,-0.0025699158754001195,0.016142677437097186,0.046376473286631636,-0.0025699158754001195
20,1H_start,2026-09-06 04:00:00,1,1D#2026-08-19 BULL,1h|BULL|06.09 03:00,BULL,BULL,False,,,,80028.01,0.005604408031967045,-0.0020242912450277872,0.0,-0.0021743637009091765,-0.0027866493244051993,0.0009994000850452878,-0.005635651817407328,-0.0038925121341889524,0.0009994000850452878,-0.009934146806849231,-0.005393361649252526,0.006647422571172346,-0.009934146806849231,-0.014016717396821421,0.006647422571172346,-0.016844227414876345,-0.01736891870733759,0.006647422571172346,-0.030089464926092768
21,1H_start,2026-09-07 08:00:00,-1,1D#2026-08-19 BULL,1h|BEAR|07.09 07:00,BEAR,BULL,True,,,,79397.83,0.0051020612743561955,-0.0004981244449628885,0.0,-0.001670574624016874,-0.00028124194326228924,0.0014588559914042731,-0.001916551119848009,0.00040315963295212143,0.009040927189068015,-0.003094165167990104,0.011534698114545439,0.015338580412084357,-0.003094165167990104,0.0015164142395328595,0.022391292054203538,-0.003094165167990104,0.01619477509649825,0.022391292054203538,-0.004561459677172586
22,1H_start,2026-09-09 23:00:00,-1,1D#2026-08-19 BULL,1h|BEAR|09.09 22:00,BEAR,BULL,True,,,,77924.06,0.008125765951261243,-0.004906956850040833,4.4915524165412e-05,-0.005095088731259523,-0.005566958395134991,4.4915524165412e-05,-0.007499994225147022,0.0007808884701334673,0.0013198747601188554,-0.008217359311103678,0.013957306639310163,0.016015464286640024,-0.008217359311103678,0.00993351732443093,0.02409371380289982,-0.02522892159366452,0.008879029147095263,0.02409371380289982,-0.02522892159366452
23,1H_start,2026-09-12 19:00:00,-1,1D#2026-08-19 BULL,1h|BEAR|12.09 18:00,BEAR,BULL,True,,,,77131.0,0.0009992991927738615,0.0002075689411520365,0.000923753095383173,-0.000713202214414288,-0.0013116645706654495,0.000923753095383173,-0.0021910775174702746,0.00011214686701832566,0.0009409964864970366,-0.0027274377357999757,-0.0026950253464883556,0.008180887062270714,-0.003662859291335474,-0.027161711892753848,0.009623627335312634,-0.02844511285993967,0.014663364924608735,0.028043588181146384,-0.03201047568422544
24,1H_start,2026-09-14 10:00:00,1,1D#2026-08-19 BULL,1h|BULL|14.09 09:00,BULL,BULL,False,,,,78141.57,0.017362251671407813,-0.0030069782319449567,0.0003365686151428626,-0.00309144031787445,0.00033836023514743907,0.004458958272786084,-0.008440961705786232,0.007886455314373597,0.01866394545182537,-0.008440961705786232,-0.014813114197731125,0.01866394545182537,-0.018402240958301785,-0.02749586423717887,0.01866394545182537,-0.04061346604630556,-0.02141651364312236,0.01866394545182537,-0.04061346604630556
25,1H_start,2026-09-15 14:00:00,-1,1D#2026-08-19 BULL,1h|BEAR|15.09 13:00,BEAR,BULL,True,,,,76618.77,0.019819360886889514,0.00883282255771023,0.013231353100552345,-0.0010079775491045329,-0.004479711694666877,0.013231353100552345,-0.00945812625287501,0.014743515198690882,0.02154563431388945,-0.00945812625287501,0.012696105667057922,0.02154563431388945,-0.00945812625287501,-0.0009827878991011119,0.02154563431388945,-0.00945812625287501,-0.04508451388608803,0.02154563431388945,-0.05065638615707346
26,1H_start,2026-09-18 04:00:00,1,1D-gap,1h|BULL|18.09 03:00,BULL,NONE,False,,,,77383.47,0.012316267538299286,0.0024876113722995807,0.002487740598864363,-0.0021543360616939067,0.005356958017002755,0.0060288069273708444,-0.0021543360616939067,0.04318919789975828,0.048733922115407724,-0.0021543360616939067,0.04849278534550061,0.05631086328902013,-0.0021543360616939067,0.04009784001673755,0.05902462114971074,-0.0021543360616939067,0.052230276052495306,0.060950096965152856,-0.0021543360616939067
27,1H_start,2026-09-20 16:00:00,1,1D#2026-09-18 BULL,1h|BULL|20.09 15:00,BULL,BULL,False,,,,80912.0,0.008868757794507576,0.0052156664030056366,0.007234155625865268,-0.001247898951947768,0.0032791180541824616,0.007234155625865268,-0.001247898951947768,0.006343064069606497,0.014682618153055271,-0.004110267945422241,0.061989692505438176,0.06714331619537273,-0.004110267945422241,0.06798892624085418,0.08013236602728879,-0.004110267945422241,0.038115607079296066,0.08013236602728879,-0.004110267945422241
28,1H_start,2026-09-24 10:00:00,-1,1D#2026-09-18 BULL,1h|BEAR|24.09 09:00,BEAR,BULL,True,,,,83263.95,0.03017180379836415,-0.002981482382231393,0.0012964794487890785,-0.0036355469563960074,-0.011943704328223559,0.0012964794487890785,-0.012923480089522599,-0.01304345998478329,0.0012964794487890785,-0.020158784203728075,-0.015685779980411763,0.0012964794487890785,-0.020158784203728075,-0.009103579640408643,0.0012964794487890785,-0.023912509555455985,-0.020177519802987876,0.0012964794487890785,-0.023912509555455985
29,1H_start,2026-09-28 02:00:00,-1,1D#2026-09-18 BULL,1h|BEAR|28.09 01:00,BEAR,BULL,True,,,,83694.43,0.009474879049070517,0.0032999806558212663,0.003648510420585782,-0.0010471425637286202,0.006098613730925684,0.011821694705370311,-0.0010471425637286202,0.0006265649936320061,0.01310577059907081,-0.0015003387919603206,0.0074847274782801065,0.01351858182199217,-0.008206878283298025,0.002944281955203021,0.01351858182199217,-0.010389699768551086,0.0021071892119940427,0.01351858182199217,-0.02336499573508055
30,1H_start,2026-09-30 13:00:00,1,1D#2026-09-18 BULL,1h|BULL|30.09 12:00,BULL,BULL,False,,,,85290.32,0.011353464278747838,-0.007651278597618161,0.004216539461922464,-0.014901222084757193,-0.011031498064493217,0.004216539461922464,-0.022479925037214188,-0.020885019542663308,0.004216539461922464,-0.022479925037214188,-0.018223638978022372,0.004216539461922464,-0.02467243644999817,0.017817731250158175,0.022624841834337106,-0.02467243644999817,-0.0047168307024759715,0.022624841834337106,-0.02467243644999817
31,1H_start,2026-10-04 21:00:00,1,1D#2026-09-18 BULL,1h|BULL|04.10 20:00,BULL,BULL,False,,,,85824.44,0.012680745370930335,0.0004774863663543627,0.002817146258105474,-0.0005320162881342627,0.009647834579520786,0.011366925318708754,-0.0005320162881342627,0.004504078325474614,0.013686893849817139,-0.004805624132240172,-0.00047189355386412224,0.013686893849817139,-0.009932252398034969,-0.0024821600933253585,0.013686893849817139,-0.009932252398034969,,,
32,1H_start,2026-10-07 02:00:00,-1,1D#2026-09-18 BULL,1h|BEAR|07.10 01:00,BEAR,BULL,True,,,,84391.56,0.014910424924231558,0.006199079623602111,0.009652150049128116,-0.0016791963556546108,0.0006956856823122637,0.009652150049128116,-0.0016791963556546108,,,,,,,,,,,,
33,4H_end,2026-08-31 00:00:00,1,1D#2026-08-19 BULL,4h|BULL|25.08 00:00,BULL,BULL,False,pivot,,,77682.0,0.007004985299757127,0.003283128652712186,0.0064865734661825325,-0.0031616075796195853,0.0009617414587679285,0.0064865734661825325,-0.0037331685589969688,0.008154141242501467,0.014417754434746799,-0.0037331685589969688,0.011576555701449331,0.02018485620864552,-0.0037331685589969688,-0.003128137792538843,0.02018485620864552,-0.01624571972915223,-0.0044024355706598906,0.02018485620864552,-0.018253906953991872
34,4H_end,2026-09-07 16:00:00,1,1D#2026-08-19 BULL,4h|BULL|03.09 12:00,BULL,BULL,False,pivot,,,78821.99,0.011221139914572187,0.0026246482739142873,0.002705336416905846,-0.00018142145358168715,0.006899470566525956,0.0075763121433498615,-0.00018142145358168715,0.0010693716309368995,0.00841148517057233,-0.0012292254991278506,0.0010404456928834183,0.00841148517057233,-0.01524929781651052,-0.002858212536882232,0.01190035927791211,-0.01524929781651052,-0.019943546210898777,0.01190035927791211,-0.02722488990699168
35,4H_end,2026-09-14 04:00:00,-1,1D#2026-08-19 BULL,4h|BEAR|10.09 12:00,BEAR,BULL,False,pivot,,,77596.33,0.005237847803160056,-0.001101211874324326,0.0007542882504880666,-0.001346068815367918,-0.0038134535486407106,0.002795493034271068,-0.003853532763727463,-0.012651242655419503,0.002795493034271068,-0.01438160799615118,-0.0010394821507666574,0.002795493034271068,-0.025821710897925065,0.022840255460535364,0.033872220503211925,-0.025821710897925065,0.014876219017059156,0.033872220503211925,-0.025821710897925065
36,4H_end,2026-09-18 04:00:00,-1,1D-gap,4h|BEAR|15.09 16:00,BEAR,NONE,False,pivot,,,77383.47,0.012316267538299286,-0.0024876113722995807,0.0021543360616939067,-0.002487740598864363,-0.005356958017002755,0.0021543360616939067,-0.0060288069273708444,-0.04318919789975828,0.0021543360616939067,-0.048733922115407724,-0.04849278534550061,0.0021543360616939067,-0.05631086328902013,-0.04009784001673755,0.0021543360616939067,-0.05902462114971074,-0.052230276052495306,0.0021543360616939067,-0.060950096965152856
37,4H_end,2026-09-23 16:00:00,1,1D#2026-09-18 BULL,4h|BULL|18.09 12:00,BULL,BULL,False,pivot,,,83996.01,0.027971562651597393,0.0004999046978542143,0.004371398117601233,-0.005905042394275584,0.006214461853604858,0.006776512360527676,-0.005905042394275584,-0.0007381302992844896,0.008024190672866416,-0.005905042394275584,0.005023929112823344,0.01126767807185125,-0.013346824450351846,-0.002381065481562805,0.014988688153163565,-0.013346824450351846,0.0019046142787022546,0.014988688153163565,-0.013346824450351846
38,4H_end,2026-10-07 04:00:00,1,1D#2026-09-18 BULL,4h|BULL|02.10 04:00,BULL,BULL,False,pivot,,,84150.39,0.01597216529673251,-0.0005624454028080317,0.0008234067602062023,-0.0012642840989803839,-6.203179807007242e-05,0.002720367665556944,-0.0012642840989803839,,,,,,,,,,,,
39,4H_start,2026-08-25 04:00:00,1,1D#2026-08-19 BULL,4h|BULL|25.08 00:00,BULL,BULL,False,,,,80488.01,0.04620889703796882,-0.0015440809134180666,0.0014907810492519324,-0.004199507479436981,-0.009718466141727222,0.0054129801444962045,-0.013900703968205863,-0.012250271810670954,0.0054129801444962045,-0.02941146140897244,-0.017386316297296922,0.0054129801444962045,-0.032762768019733546,-0.02059101722107437,0.0054129801444962045,-0.03547646413422312,-0.008417651275015814,0.012310653474971067,-0.03547646413422312
40,4H_start,2026-09-03 16:00:00,1,1D#2026-08-19 BULL,4h|BULL|03.09 12:00,BULL,BULL,False,,,,81348.0,0.052517448153669655,-0.004654447558636976,0.0001475143826523695,-0.009028863647538965,0.005008236219698148,0.005433446427693278,-0.009028863647538965,-0.00612184688007078,0.011702807690416428,-0.009028863647538965,-0.02358595171362543,0.011702807690416428,-0.03304322171411711,-0.01895547524216956,0.011702807690416428,-0.03304322171411711,-0.020055809608103492,0.011702807690416428,-0.03304322171411711
41,4H_start,2026-09-10 16:00:00,-1,1D#2026-08-19 BULL,4h|BEAR|10.09 12:00,BEAR,BULL,True,,,,77250.0,0.017134307165567964,0.0006471197411004326,0.005760647249190898,-0.0008027184466019577,0.0011543042071197052,0.005760647249190898,-0.0038058252427184414,0.0046368932038834965,0.01017475728155337,-0.0038058252427184414,-0.006242718446601847,0.015578252427184469,-0.03417475728155339,-0.0016876375404530908,0.015578252427184469,-0.03417475728155339,0.001490873786407776,0.015578252427184469,-0.03417475728155339
42,4H_start,2026-09-15 20:00:00,-1,1D#2026-08-19 BULL,4h|BEAR|15.09 16:00,BEAR,BULL,True,,,,76186.48,0.03539439365931485,0.0032976979642580506,0.007524694670235421,-0.0007809784623202809,0.007114123135758432,0.01372737000055646,-0.0007809784623202809,0.005510820292524254,0.01372737000055646,-0.0007809784623202809,0.0013976233053423215,0.014722559698255977,-0.004912682670205948,-0.005349111810914575,0.014722559698255977,-0.01303367736637795,-0.06586837979652027,0.014722559698255977,-0.06843103920800653
43,4H_start,2026-09-18 16:00:00,1,1D-gap,4h|BULL|18.09 12:00,BULL,NONE,False,,,,80725.6,0.051388245456076564,0.0015006392024339288,0.006595305578403821,-0.0006697999147731171,0.005935663531766666,0.00835422715966172,-0.0021066427502552942,0.005084013002071064,0.012578413786952236,-0.0021066427502552942,0.011277835036221262,0.015179819041295284,-0.0021066427502552942,0.0023090568543311374,0.015179819041295284,-0.007427135877590363,0.06444188708414678,0.0696074107841873,-0.007427135877590363
44,4H_start,2026-10-02 08:00:00,1,1D#2026-09-18 BULL,4h|BULL|02.10 04:00,BULL,BULL,False,,,,86089.65,0.031879686342778824,0.0016999720640054061,0.006399840166616988,-0.0003179243962543321,0.003893615550766061,0.006399840166616988,-0.0003179243962543321,-0.02061072382104001,0.013129917475561914,-0.02557392206844833,-0.017768105689824454,0.013129917475561914,-0.02557392206844833,-0.011425879882192458,0.013129917475561914,-0.02557392206844833,0.0018946528415437758,0.013129917475561914,-0.02557392206844833
45,ALIGN_LOST,2026-08-31 00:00:00,1,1D#2026-08-19 BULL,,,,,,1D BULL / 4H NONE / 1H BULL,,77682.0,0.007004985299757127,0.003283128652712186,0.0064865734661825325,-0.0031616075796195853,0.0009617414587679285,0.0064865734661825325,-0.0037331685589969688,0.008154141242501467,0.014417754434746799,-0.0037331685589969688,0.011576555701449331,0.02018485620864552,-0.0037331685589969688,-0.003128137792538843,0.02018485620864552,-0.01624571972915223,-0.0044024355706598906,0.02018485620864552,-0.018253906953991872
46,ALIGN_LOST,2026-09-04 13:00:00,1,1D#2026-08-19 BULL,,,,,,1D BULL / 4H BULL / 1H NONE,,79453.96,0.010191427137996367,-0.000947592794619756,0.0031469797100105446,-0.005713497477029539,0.0036721895296343288,0.00532522230484167,-0.009992705209406871,0.0015027570683701086,0.00532522230484167,-0.009992705209406871,0.00314874173672397,0.00532522230484167,-0.009992705209406871,0.005891210456973939,0.009389588637243484,-0.009992705209406871,0.0019241331709582976,0.013920388612474355,-0.009992705209406871
47,ALIGN_LOST,2026-09-07 08:00:00,1,1D#2026-08-19 BULL,,,,,,1D BULL / 4H BULL / 1H BEAR,,79397.83,0.0051020612743561955,0.0004981244449628885,0.001670574624016874,0.0,0.00028124194326228924,0.001916551119848009,-0.0014588559914042731,-0.00040315963295212143,0.003094165167990104,-0.009040927189068015,-0.011534698114545439,0.003094165167990104,-0.015338580412084357,-0.0015164142395328595,0.003094165167990104,-0.022391292054203538,-0.01619477509649825,0.004561459677172586,-0.022391292054203538
48,ALIGN_LOST,2026-09-19 22:00:00,1,1D#2026-09-18 BULL,,,,,,1D BULL / 4H BULL / 1H NONE,,81100.41,0.0016961232523614589,0.00198445359277466,0.0020665740160867863,-0.0017066498184165058,-2.983955321556042e-05,0.003365334404597853,-0.0017066498184165058,-0.007773080308718594,0.003365334404597853,-0.01201436589531435,-0.002076438331199637,0.004894179943109922,-0.01201436589531435,0.06766772202507965,0.07762303544458038,-0.01201436589531435,0.0626827903829339,0.07762303544458038,-0.01201436589531435
49,ALIGN_LOST,2026-09-23 09:00:00,1,1D#2026-09-18 BULL,,,,,,1D BULL / 4H BULL / 1H NONE,,85899.99,0.0037551130042214886,-0.000531548373870594,0.0014437719957824946,-0.0019322470235445532,-0.0045294533794474345,0.0014437719957824946,-0.007365192941233167,-0.019407802026519483,0.0014437719957824946,-0.027939234917256806,-0.026076720148628718,0.0014437719957824946,-0.030255998865657663,-0.01726344787700218,0.0014437719957824946,-0.03521606929174281,-0.019557394593410438,0.0014437719957824946,-0.03521606929174281
50,ALIGN_LOST,2026-10-02 16:00:00,1,1D#2026-09-18 BULL,,,,,,1D BULL / 4H BULL / 1H NONE,,85326.0,0.013822639852713925,-0.0019453624920892088,0.0021329958043270203,-0.0036096852073225216,-0.011845392963457768,0.0021329958043270203,-0.016853010805616075,-0.007341724679464701,0.0021329958043270203,-0.016853010805616075,-0.00537608700747727,0.0021329958043270203,-0.016853010805616075,-0.000820265804092557,0.0021329958043270203,-0.016853010805616075,-0.000658884747907984,0.01960844291306274,-0.016853010805616075
51,ALIGN_LOST,2026-10-05 15:00:00,1,1D#2026-09-18 BULL,,,,,,1D BULL / 4H BULL / 1H NONE,,85645.26,0.004301438909998678,-0.004384130540324049,0.0003356869954040942,-0.005499662211311929,4.5303149292852396e-05,0.0003356869954040942,-0.007860913727157803,-0.0012531925292771362,0.005665112114786153,-0.007860913727157803,0.011096352559382794,0.011456909582620245,-0.007860913727157803,,,,,,
52,ALIGN_RESTORED,2026-08-30 17:00:00,1,1D#2026-08-19 BULL,,,,,,1D BULL / 4H BULL / 1H BULL,,79337.93,0.01679876381521961,-0.003994432423432115,0.0,-0.007097235836629356,-0.009334753251061478,0.0,-0.011340099243829505,-0.021624587382100824,0.0,-0.02946799847185322,-0.008802347124508891,0.0,-0.02946799847185322,-0.021955702650674147,0.0,-0.02946799847185322,-0.027306359013904102,0.0,-0.03874477188905723
53,ALIGN_RESTORED,2026-09-03 16:00:00,1,1D#2026-08-19 BULL,,,,,,1D BULL / 4H BULL / 1H BULL,,81348.0,0.052517448153669655,-0.004654447558636976,0.0001475143826523695,-0.009028863647538965,0.005008236219698148,0.005433446427693278,-0.009028863647538965,-0.00612184688007078,0.011702807690416428,-0.009028863647538965,-0.02358595171362543,0.011702807690416428,-0.03304322171411711,-0.01895547524216956,0.011702807690416428,-0.03304322171411711,-0.020055809608103492,0.011702807690416428,-0.03304322171411711
54,ALIGN_RESTORED,2026-09-06 04:00:00,1,1D#2026-08-19 BULL,,,,,,1D BULL / 4H BULL / 1H BULL,,80028.01,0.005604408031967045,-0.0020242912450277872,0.0,-0.0021743637009091765,-0.0027866493244051993,0.0009994000850452878,-0.005635651817407328,-0.0038925121341889524,0.0009994000850452878,-0.009934146806849231,-0.005393361649252526,0.006647422571172346,-0.009934146806849231,-0.014016717396821421,0.006647422571172346,-0.016844227414876345,-0.01736891870733759,0.006647422571172346,-0.030089464926092768
55,ALIGN_RESTORED,2026-09-19 00:00:00,1,1D#2026-09-18 BULL,,,,,,1D BULL / 4H BULL / 1H BULL,,80883.87,0.0584537395535365,0.009706632484326017,0.009706756118370796,-0.0004857581616705131,0.0031173088033498164,0.010597044874336659,-0.0004857581616705131,0.005177299256329038,0.010597044874336659,-0.0004857581616705131,0.004526489644968823,0.013193359813273187,-0.0004857581616705131,0.00363644815709252,0.013193359813273187,-0.009369358810353723,0.07091809528896187,0.0805080172350805,-0.009369358810353723
56,ALIGN_RESTORED,2026-09-20 16:00:00,1,1D#2026-09-18 BULL,,,,,,1D BULL / 4H BULL / 1H BULL,,80912.0,0.008868757794507576,0.0052156664030056366,0.007234155625865268,-0.001247898951947768,0.0032791180541824616,0.007234155625865268,-0.001247898951947768,0.006343064069606497,0.014682618153055271,-0.004110267945422241,0.061989692505438176,0.06714331619537273,-0.004110267945422241,0.06798892624085418,0.08013236602728879,-0.004110267945422241,0.038115607079296066,0.08013236602728879,-0.004110267945422241
57,ALIGN_RESTORED,2026-10-02 08:00:00,1,1D#2026-09-18 BULL,,,,,,1D BULL / 4H BULL / 1H BULL,,86089.65,0.031879686342778824,0.0016999720640054061,0.006399840166616988,-0.0003179243962543321,0.003893615550766061,0.006399840166616988,-0.0003179243962543321,-0.02061072382104001,0.013129917475561914,-0.02557392206844833,-0.017768105689824454,0.013129917475561914,-0.02557392206844833,-0.011425879882192458,0.013129917475561914,-0.02557392206844833,0.0018946528415437758,0.013129917475561914,-0.02557392206844833
58,ALIGN_RESTORED,2026-10-04 21:00:00,1,1D#2026-09-18 BULL,,,,,,1D BULL / 4H BULL / 1H BULL,,85824.44,0.012680745370930335,0.0004774863663543627,0.002817146258105474,-0.0005320162881342627,0.009647834579520786,0.011366925318708754,-0.0005320162881342627,0.004504078325474614,0.013686893849817139,-0.004805624132240172,-0.00047189355386412224,0.013686893849817139,-0.009932252398034969,-0.0024821600933253585,0.013686893849817139,-0.009932252398034969,,,
59,TRANSITION,2026-08-29 15:00:00,1,1D#2026-08-19 BULL,,,,,,1D BULL / 4H BULL / 1H NONE,1D BULL / 4H BULL / 1H BEAR,78014.37,0.0192107508897138,-0.0019100327285856977,0.0,-0.0026593818549069947,0.0018411992559832502,0.0030203409961524486,-0.0026593818549069947,0.0011746553872062915,0.004045793101963291,-0.0026593818549069947,0.009861516538555826,0.012207879138163902,-0.0026593818549069947,0.007508488500259647,0.017761215017182197,-0.013002348157140742,0.0019691244061832425,0.017761215017182197,-0.013002348157140742
60,TRANSITION,2026-08-30 17:00:00,1,1D#2026-08-19 BULL,,,,,,1D BULL / 4H BULL / 1H BULL,1D BULL / 4H BULL / 1H NONE,79337.93,0.01679876381521961,-0.003994432423432115,0.0,-0.007097235836629356,-0.009334753251061478,0.0,-0.011340099243829505,-0.021624587382100824,0.0,-0.02946799847185322,-0.008802347124508891,0.0,-0.02946799847185322,-0.021955702650674147,0.0,-0.02946799847185322,-0.027306359013904102,0.0,-0.03874477188905723
61,TRANSITION,2026-08-31 00:00:00,1,1D#2026-08-19 BULL,,,,,,1D BULL / 4H NONE / 1H BULL,1D BULL / 4H BULL / 1H BULL,77682.0,0.007004985299757127,0.003283128652712186,0.0064865734661825325,-0.0031616075796195853,0.0009617414587679285,0.0064865734661825325,-0.0037331685589969688,0.008154141242501467,0.014417754434746799,-0.0037331685589969688,0.011576555701449331,0.02018485620864552,-0.0037331685589969688,-0.003128137792538843,0.02018485620864552,-0.01624571972915223,-0.0044024355706598906,0.02018485620864552,-0.018253906953991872
62,TRANSITION,2026-09-01 09:00:00,1,1D#2026-08-19 BULL,,,,,,1D BULL / 4H NONE / 1H NONE,1D BULL / 4H NONE / 1H BULL,77883.28,0.007613581920673629,0.00040727611882807047,0.0022977974219884345,-0.001246737425542488,0.001550011761189296,0.004098954229970975,-0.0018138681370379883,-0.005583098195145353,0.006942696815028793,-0.01878811472757691,-0.013214261135381045,0.006942696815028793,-0.01878811472757691,-0.0005128186691675252,0.006942696815028793,-0.02079111203328876,0.04190732593696622,0.0567094760261766,-0.02079111203328876
63,TRANSITION,2026-09-01 18:00:00,1,1D#2026-08-19 BULL,,,,,,1D BULL / 4H NONE / 1H BEAR,1D BULL / 4H NONE / 1H NONE,77265.79,0.020679652652509595,-0.0014481182422388938,0.0006969449221965185,-0.010946500385228597,-0.0007049691719969164,0.0032421851895905185,-0.010946500385228597,0.00498642413414796,0.006810387883175784,-0.010946500385228597,0.0014996287490234295,0.006810387883175784,-0.01296550517376438,0.048872987644337895,0.05312234560728624,-0.01296550517376438,0.02855636368954495,0.0651544493365046,-0.01296550517376438
64,TRANSITION,2026-09-03 03:00:00,1,1D#2026-08-19 BULL,,,,,,1D BULL / 4H NONE / 1H NONE,1D BULL / 4H NONE / 1H BEAR,77816.01,0.006295293369128263,-0.001388017709980205,0.0008223243520195656,-0.0022350156478081473,0.0002464788415650343,0.0008223243520195656,-0.009188340548429541,0.035133644092006255,0.03527538870214508,-0.009188340548429541,0.03875783402412969,0.05762297501503877,-0.009188340548429541,0.022528525942155042,0.05762297501503877,-0.009188340548429541,0.026874546767432728,0.05762297501503877,-0.009188340548429541
65,TRANSITION,2026-09-03 13:00:00,1,1D#2026-08-19 BULL,,,,,,1D BULL / 4H NONE / 1H BULL,1D BULL / 4H NONE / 1H NONE,78652.38,0.026607450242697617,0.0023920445891147946,0.004419700967726481,-0.0025699158754001195,0.02945861269550898,0.03455648767399033,-0.0025699158754001195,0.029493576672441346,0.046376473286631636,-0.0025699158754001195,0.010191427137996367,0.046376473286631636,-0.0025699158754001195,0.01337225904670647,0.046376473286631636,-0.0025699158754001195,0.016142677437097186,0.046376473286631636,-0.0025699158754001195
66,TRANSITION,2026-09-03 16:00:00,1,1D#2026-08-19 BULL,,,,,,1D BULL / 4H BULL / 1H BULL,1D BULL / 4H NONE / 1H BULL,81348.0,0.052517448153669655,-0.004654447558636976,0.0001475143826523695,-0.009028863647538965,0.005008236219698148,0.005433446427693278,-0.009028863647538965,-0.00612184688007078,0.011702807690416428,-0.009028863647538965,-0.02358595171362543,0.011702807690416428,-0.03304322171411711,-0.01895547524216956,0.011702807690416428,-0.03304322171411711,-0.020055809608103492,0.011702807690416428,-0.03304322171411711
67,TRANSITION,2026-09-04 13:00:00,1,1D#2026-08-19 BULL,,,,,,1D BULL / 4H BULL / 1H NONE,1D BULL / 4H BULL / 1H BULL,79453.96,0.010191427137996367,-0.000947592794619756,0.0031469797100105446,-0.005713497477029539,0.0036721895296343288,0.00532522230484167,-0.009992705209406871,0.0015027570683701086,0.00532522230484167,-0.009992705209406871,0.00314874173672397,0.00532522230484167,-0.009992705209406871,0.005891210456973939,0.009389588637243484,-0.009992705209406871,0.0019241331709582976,0.013920388612474355,-0.009992705209406871
68,TRANSITION,2026-09-06 04:00:00,1,1D#2026-08-19 BULL,,,,,,1D BULL / 4H BULL / 1H BULL,1D BULL / 4H BULL / 1H NONE,80028.01,0.005604408031967045,-0.0020242912450277872,0.0,-0.0021743637009091765,-0.0027866493244051993,0.0009994000850452878,-0.005635651817407328,-0.0038925121341889524,0.0009994000850452878,-0.009934146806849231,-0.005393361649252526,0.006647422571172346,-0.009934146806849231,-0.014016717396821421,0.006647422571172346,-0.016844227414876345,-0.01736891870733759,0.006647422571172346,-0.030089464926092768
69,TRANSITION,2026-09-07 08:00:00,1,1D#2026-08-19 BULL,,,,,,1D BULL / 4H BULL / 1H BEAR,1D BULL / 4H BULL / 1H BULL,79397.83,0.0051020612743561955,0.0004981244449628885,0.001670574624016874,0.0,0.00028124194326228924,0.001916551119848009,-0.0014588559914042731,-0.00040315963295212143,0.003094165167990104,-0.009040927189068015,-0.011534698114545439,0.003094165167990104,-0.015338580412084357,-0.0015164142395328595,0.003094165167990104,-0.022391292054203538,-0.01619477509649825,0.004561459677172586,-0.022391292054203538
70,TRANSITION,2026-09-07 16:00:00,1,1D#2026-08-19 BULL,,,,,,1D BULL / 4H NONE / 1H BEAR,1D BULL / 4H BULL / 1H BEAR,78821.99,0.011221139914572187,0.0026246482739142873,0.002705336416905846,-0.00018142145358168715,0.006899470566525956,0.0075763121433498615,-0.00018142145358168715,0.0010693716309368995,0.00841148517057233,-0.0012292254991278506,0.0010404456928834183,0.00841148517057233,-0.01524929781651052,-0.002858212536882232,0.01190035927791211,-0.01524929781651052,-0.019943546210898777,0.01190035927791211,-0.02722488990699168
71,TRANSITION,2026-09-09 05:00:00,1,1D#2026-08-19 BULL,,,,,,1D BULL / 4H NONE / 1H NONE,1D BULL / 4H NONE / 1H BEAR,79171.5,0.006263320789067217,-0.0031333244917679526,0.002507341657035589,-0.004179660610194369,0.006650372924600356,0.007433230392249746,-0.004179660610194369,-0.004630454140694629,0.007433230392249746,-0.01403876394914838,-0.009744668220255992,0.007433230392249746,-0.017702077136343308,-0.02598776074723863,0.007433230392249746,-0.03419791212747014,-0.02461428670670629,0.009075235406680537,-0.039470263920729054
72,TRANSITION,2026-09-09 23:00:00,1,1D#2026-08-19 BULL,,,,,,1D BULL / 4H NONE / 1H BEAR,1D BULL / 4H NONE / 1H NONE,77924.06,0.008125765951261243,0.004906956850040833,0.005095088731259523,-4.4915524165412e-05,0.005566958395134991,0.007499994225147022,-4.4915524165412e-05,-0.0007808884701334673,0.008217359311103678,-0.0013198747601188554,-0.013957306639310163,0.008217359311103678,-0.016015464286640024,-0.00993351732443093,0.02522892159366452,-0.02409371380289982,-0.008879029147095263,0.02522892159366452,-0.02409371380289982
73,TRANSITION,2026-09-10 16:00:00,1,1D#2026-08-19 BULL,,,,,,1D BULL / 4H BEAR / 1H BEAR,1D BULL / 4H NONE / 1H BEAR,77250.0,0.017134307165567964,-0.0006471197411004326,0.0008027184466019577,-0.005760647249190898,-0.0011543042071197052,0.0038058252427184414,-0.005760647249190898,-0.0046368932038834965,0.0038058252427184414,-0.01017475728155337,0.006242718446601847,0.03417475728155339,-0.015578252427184469,0.0016876375404530908,0.03417475728155339,-0.015578252427184469,-0.001490873786407776,0.03417475728155339,-0.015578252427184469
74,TRANSITION,2026-09-11 13:00:00,1,1D#2026-08-19 BULL,,,,,,1D BULL / 4H BEAR / 1H NONE,1D BULL / 4H BEAR / 1H BEAR,78032.99,0.014785942729668378,0.015500751669261792,0.016659748652460893,-0.009985392075838706,-0.0014992376942112307,0.023797755282733535,-0.009985392075838706,-0.009554420508556816,0.023797755282733535,-0.014737228446583983,-0.00888073108566012,0.023797755282733535,-0.014737228446583983,-0.016270810589213647,0.023797755282733535,-0.01964540894818978,-0.004292799750464704,0.023797755282733535,-0.021071472463121133
75,TRANSITION,2026-09-12 19:00:00,1,1D#2026-08-19 BULL,,,,,,1D BULL / 4H BEAR / 1H BEAR,1D BULL / 4H BEAR / 1H NONE,77131.0,0.0009992991927738615,-0.0002075689411520365,0.000713202214414288,-0.000923753095383173,0.0013116645706654495,0.0021910775174702746,-0.000923753095383173,-0.00011214686701832566,0.0027274377357999757,-0.0009409964864970366,0.0026950253464883556,0.003662859291335474,-0.008180887062270714,0.027161711892753848,0.02844511285993967,-0.009623627335312634,-0.014663364924608735,0.03201047568422544,-0.028043588181146384
76,TRANSITION,2026-09-14 03:00:00,1,1D#2026-08-19 BULL,,,,,,1D BULL / 4H BEAR / 1H NONE,1D BULL / 4H BEAR / 1H BEAR,77600.0,0.004011387766276409,-4.7293814432913805e-05,0.003477061855670094,-0.0012369845360825638,-8.827319587634275e-05,0.0038060567010309576,-0.0028426546391752128,0.011869329896907255,0.01433363402061838,-0.0028426546391752128,0.004042783505154635,0.025773195876288568,-0.0028426546391752128,-0.022083118556700976,0.025773195876288568,-0.03391791237113395,-0.01585038659793825,0.025773195876288568,-0.03391791237113395
77,TRANSITION,2026-09-14 04:00:00,1,1D#2026-08-19 BULL,,,,,,1D BULL / 4H NONE / 1H NONE,1D BULL / 4H BEAR / 1H NONE,77596.33,0.005237847803160056,0.001101211874324326,0.001346068815367918,-0.0007542882504880666,0.0038134535486407106,0.003853532763727463,-0.002795493034271068,0.012651242655419503,0.01438160799615118,-0.002795493034271068,0.0010394821507666574,0.025821710897925065,-0.002795493034271068,-0.022840255460535364,0.025821710897925065,-0.033872220503211925,-0.014876219017059156,0.025821710897925065,-0.033872220503211925
78,TRANSITION,2026-09-14 10:00:00,1,1D#2026-08-19 BULL,,,,,,1D BULL / 4H NONE / 1H BULL,1D BULL / 4H NONE / 1H NONE,78141.57,0.017362251671407813,-0.0030069782319449567,0.0003365686151428626,-0.00309144031787445,0.00033836023514743907,0.004458958272786084,-0.008440961705786232,0.007886455314373597,0.01866394545182537,-0.008440961705786232,-0.014813114197731125,0.01866394545182537,-0.018402240958301785,-0.02749586423717887,0.01866394545182537,-0.04061346604630556,-0.02141651364312236,0.01866394545182537,-0.04061346604630556
79,TRANSITION,2026-09-15 07:00:00,1,1D#2026-08-19 BULL,,,,,,1D BULL / 4H NONE / 1H NONE,1D BULL / 4H NONE / 1H BULL,77286.7,0.003949446568414783,-0.004615153706912123,0.00031066147215508266,-0.005142928860981222,-0.0030134550964137086,0.00031066147215508266,-0.007544765140703347,-0.016648401342016172,0.000734149601419265,-0.03000166910995028,-0.016260106848914546,0.000734149601419265,-0.03000166910995028,-0.01047075370018391,0.000734149601419265,-0.03000166910995028,0.004105492924397103,0.005547914453586378,-0.03000166910995028
80,TRANSITION,2026-09-15 14:00:00,1,1D#2026-08-19 BULL,,,,,,1D BULL / 4H NONE / 1H BEAR,1D BULL / 4H NONE / 1H NONE,76618.77,0.019819360886889514,-0.00883282255771023,0.0010079775491045329,-0.013231353100552345,0.004479711694666877,0.00945812625287501,-0.013231353100552345,-0.014743515198690882,0.00945812625287501,-0.02154563431388945,-0.012696105667057922,0.00945812625287501,-0.02154563431388945,0.0009827878991011119,0.00945812625287501,-0.02154563431388945,0.04508451388608803,0.05065638615707346,-0.02154563431388945
81,TRANSITION,2026-09-15 20:00:00,1,1D#2026-08-19 BULL,,,,,,1D BULL / 4H BEAR / 1H BEAR,1D BULL / 4H NONE / 1H BEAR,76186.48,0.03539439365931485,-0.0032976979642580506,0.0007809784623202809,-0.007524694670235421,-0.007114123135758432,0.0007809784623202809,-0.01372737000055646,-0.005510820292524254,0.0007809784623202809,-0.01372737000055646,-0.0013976233053423215,0.004912682670205948,-0.014722559698255977,0.005349111810914575,0.01303367736637795,-0.014722559698255977,0.06586837979652027,0.06843103920800653,-0.014722559698255977
82,TRANSITION,2026-09-16 00:00:00,-1,1D-gap,,,,,,1D NONE / 4H BEAR / 1H BEAR,1D BULL / 4H BEAR / 1H BEAR,75644.48,0.03254579500163779,-0.0016871026147580181,0.000870783962028665,-0.0035826804546743585,-0.002373339072460956,0.0024715617054937855,-0.0061672708966999945,-0.008004814098794943,0.0038929476413877007,-0.008718812000558351,-0.007423277944405227,0.007662951744793367,-0.012112979030327153,-0.010212642085714707,0.007662951744793367,-0.020292161437291956,-0.06926334875988305,0.007662951744793367,-0.07608645072317244
83,TRANSITION,2026-09-16 12:00:00,-1,1D-gap,,,,,,1D NONE / 4H BEAR / 1H NONE,1D NONE / 4H BEAR / 1H BEAR,76250.0,0.008968155839854886,0.0036984918032786362,0.005980065573770399,-0.0006557377049181135,0.006053639344262285,0.010845377049180427,-0.0006557377049181135,0.0005769180327869217,0.015543344262294978,-0.004075540983606407,-0.0030426229508195846,0.015543344262294978,-0.006873180327868766,-0.023763934426229483,0.015543344262294978,-0.02938740983606558,-0.0662640000000001,0.015543344262294978,-0.07201311475409833
84,TRANSITION,2026-09-18 04:00:00,1,1D-gap,,,,,,1D NONE / 4H NONE / 1H BULL,1D NONE / 4H BEAR / 1H NONE,77383.47,0.012316267538299286,0.0024876113722995807,0.002487740598864363,-0.0021543360616939067,0.005356958017002755,0.0060288069273708444,-0.0021543360616939067,0.04318919789975828,0.048733922115407724,-0.0021543360616939067,0.04849278534550061,0.05631086328902013,-0.0021543360616939067,0.04009784001673755,0.05902462114971074,-0.0021543360616939067,0.052230276052495306,0.060950096965152856,-0.0021543360616939067
85,TRANSITION,2026-09-18 16:00:00,1,1D-gap,,,,,,1D NONE / 4H BULL / 1H BULL,1D NONE / 4H NONE / 1H BULL,80725.6,0.051388245456076564,0.0015006392024339288,0.006595305578403821,-0.0006697999147731171,0.005935663531766666,0.00835422715966172,-0.0021066427502552942,0.005084013002071064,0.012578413786952236,-0.0021066427502552942,0.011277835036221262,0.015179819041295284,-0.0021066427502552942,0.0023090568543311374,0.015179819041295284,-0.007427135877590363,0.06444188708414678,0.0696074107841873,-0.007427135877590363
86,TRANSITION,2026-09-19 00:00:00,1,1D#2026-09-18 BULL,,,,,,1D BULL / 4H BULL / 1H BULL,1D NONE / 4H BULL / 1H BULL,80883.87,0.0584537395535365,0.009706632484326017,0.009706756118370796,-0.0004857581616705131,0.0031173088033498164,0.010597044874336659,-0.0004857581616705131,0.005177299256329038,0.010597044874336659,-0.0004857581616705131,0.004526489644968823,0.013193359813273187,-0.0004857581616705131,0.00363644815709252,0.013193359813273187,-0.009369358810353723,0.07091809528896187,0.0805080172350805,-0.009369358810353723
87,TRANSITION,2026-09-19 22:00:00,1,1D#2026-09-18 BULL,,,,,,1D BULL / 4H BULL / 1H NONE,1D BULL / 4H BULL / 1H BULL,81100.41,0.0016961232523614589,0.00198445359277466,0.0020665740160867863,-0.0017066498184165058,-2.983955321556042e-05,0.003365334404597853,-0.0017066498184165058,-0.007773080308718594,0.003365334404597853,-0.01201436589531435,-0.002076438331199637,0.004894179943109922,-0.01201436589531435,0.06766772202507965,0.07762303544458038,-0.01201436589531435,0.0626827903829339,0.07762303544458038,-0.01201436589531435
88,TRANSITION,2026-09-20 16:00:00,1,1D#2026-09-18 BULL,,,,,,1D BULL / 4H BULL / 1H BULL,1D BULL / 4H BULL / 1H NONE,80912.0,0.008868757794507576,0.0052156664030056366,0.007234155625865268,-0.001247898951947768,0.0032791180541824616,0.007234155625865268,-0.001247898951947768,0.006343064069606497,0.014682618153055271,-0.004110267945422241,0.061989692505438176,0.06714331619537273,-0.004110267945422241,0.06798892624085418,0.08013236602728879,-0.004110267945422241,0.038115607079296066,0.08013236602728879,-0.004110267945422241
89,TRANSITION,2026-09-23 09:00:00,1,1D#2026-09-18 BULL,,,,,,1D BULL / 4H BULL / 1H NONE,1D BULL / 4H BULL / 1H BULL,85899.99,0.0037551130042214886,-0.000531548373870594,0.0014437719957824946,-0.0019322470235445532,-0.0045294533794474345,0.0014437719957824946,-0.007365192941233167,-0.019407802026519483,0.0014437719957824946,-0.027939234917256806,-0.026076720148628718,0.0014437719957824946,-0.030255998865657663,-0.01726344787700218,0.0014437719957824946,-0.03521606929174281,-0.019557394593410438,0.0014437719957824946,-0.03521606929174281
90,TRANSITION,2026-09-23 16:00:00,1,1D#2026-09-18 BULL,,,,,,1D BULL / 4H NONE / 1H NONE,1D BULL / 4H BULL / 1H NONE,83996.01,0.027971562651597393,0.0004999046978542143,0.004371398117601233,-0.005905042394275584,0.006214461853604858,0.006776512360527676,-0.005905042394275584,-0.0007381302992844896,0.008024190672866416,-0.005905042394275584,0.005023929112823344,0.01126767807185125,-0.013346824450351846,-0.002381065481562805,0.014988688153163565,-0.013346824450351846,0.0019046142787022546,0.014988688153163565,-0.013346824450351846
91,TRANSITION,2026-09-24 10:00:00,1,1D#2026-09-18 BULL,,,,,,1D BULL / 4H NONE / 1H BEAR,1D BULL / 4H NONE / 1H NONE,83263.95,0.03017180379836415,0.002981482382231393,0.0036355469563960074,-0.0012964794487890785,0.011943704328223559,0.012923480089522599,-0.0012964794487890785,0.01304345998478329,0.020158784203728075,-0.0012964794487890785,0.015685779980411763,0.020158784203728075,-0.0012964794487890785,0.009103579640408643,0.023912509555455985,-0.0012964794487890785,0.020177519802987876,0.023912509555455985,-0.0012964794487890785
92,TRANSITION,2026-09-26 23:00:00,1,1D#2026-09-18 BULL,,,,,,1D BULL / 4H NONE / 1H NONE,1D BULL / 4H NONE / 1H BEAR,84276.01,0.0022948739371371207,0.0018639942731035752,0.002344320762219354,-1.1865772941987984e-07,0.0020645258360001417,0.0035018269137327973,-0.00022473773971964928,0.0072024055244190865,0.009986590489986513,-0.00022473773971964928,-0.0009580425081822108,0.010477714832489049,-0.0016639373411246883,-0.00868574580120729,0.010477714832489049,-0.020326187725308698,-0.007878873240439344,0.010477714832489049,-0.020326187725308698
93,TRANSITION,2026-09-28 02:00:00,1,1D#2026-09-18 BULL,,,,,,1D BULL / 4H NONE / 1H BEAR,1D BULL / 4H NONE / 1H NONE,83694.43,0.009474879049070517,-0.0032999806558212663,0.0010471425637286202,-0.003648510420585782,-0.006098613730925684,0.0010471425637286202,-0.011821694705370311,-0.0006265649936320061,0.0015003387919603206,-0.01310577059907081,-0.0074847274782801065,0.008206878283298025,-0.01351858182199217,-0.002944281955203021,0.010389699768551086,-0.01351858182199217,-0.0021071892119940427,0.02336499573508055,-0.01351858182199217
94,TRANSITION,2026-09-28 19:00:00,1,1D#2026-09-18 BULL,,,,,,1D BULL / 4H NONE / 1H NONE,1D BULL / 4H NONE / 1H BEAR,84041.19,0.009168714461770033,-0.007753935897385711,4.8071665810445197e-05,-0.010983780691349088,-0.00591590861576341,4.8071665810445197e-05,-0.01119915127332205,-0.00040611038468163496,4.8071665810445197e-05,-0.01505511761554068,-0.0047737305956757625,0.0062207591301362,-0.01505511761554068,-0.0010850631696195379,0.019142518091426197,-0.01505511761554068,0.009053060766988308,0.019142518091426197,-0.01505511761554068
95,TRANSITION,2026-09-30 13:00:00,1,1D#2026-09-18 BULL,,,,,,1D BULL / 4H NONE / 1H BULL,1D BULL / 4H NONE / 1H NONE,85290.32,0.011353464278747838,-0.007651278597618161,0.004216539461922464,-0.014901222084757193,-0.011031498064493217,0.004216539461922464,-0.022479925037214188,-0.020885019542663308,0.004216539461922464,-0.022479925037214188,-0.018223638978022372,0.004216539461922464,-0.02467243644999817,0.017817731250158175,0.022624841834337106,-0.02467243644999817,-0.0047168307024759715,0.022624841834337106,-0.02467243644999817
96,TRANSITION,2026-10-02 08:00:00,1,1D#2026-09-18 BULL,,,,,,1D BULL / 4H BULL / 1H BULL,1D BULL / 4H NONE / 1H BULL,86089.65,0.031879686342778824,0.0016999720640054061,0.006399840166616988,-0.0003179243962543321,0.003893615550766061,0.006399840166616988,-0.0003179243962543321,-0.02061072382104001,0.013129917475561914,-0.02557392206844833,-0.017768105689824454,0.013129917475561914,-0.02557392206844833,-0.011425879882192458,0.013129917475561914,-0.02557392206844833,0.0018946528415437758,0.013129917475561914,-0.02557392206844833
97,TRANSITION,2026-10-02 16:00:00,1,1D#2026-09-18 BULL,,,,,,1D BULL / 4H BULL / 1H NONE,1D BULL / 4H BULL / 1H BULL,85326.0,0.013822639852713925,-0.0019453624920892088,0.0021329958043270203,-0.0036096852073225216,-0.011845392963457768,0.0021329958043270203,-0.016853010805616075,-0.007341724679464701,0.0021329958043270203,-0.016853010805616075,-0.00537608700747727,0.0021329958043270203,-0.016853010805616075,-0.000820265804092557,0.0021329958043270203,-0.016853010805616075,-0.000658884747907984,0.01960844291306274,-0.016853010805616075
98,TRANSITION,2026-10-04 21:00:00,1,1D#2026-09-18 BULL,,,,,,1D BULL / 4H BULL / 1H BULL,1D BULL / 4H BULL / 1H NONE,85824.44,0.012680745370930335,0.0004774863663543627,0.002817146258105474,-0.0005320162881342627,0.009647834579520786,0.011366925318708754,-0.0005320162881342627,0.004504078325474614,0.013686893849817139,-0.004805624132240172,-0.00047189355386412224,0.013686893849817139,-0.009932252398034969,-0.0024821600933253585,0.013686893849817139,-0.009932252398034969,,,
99,TRANSITION,2026-10-05 15:00:00,1,1D#2026-09-18 BULL,,,,,,1D BULL / 4H BULL / 1H NONE,1D BULL / 4H BULL / 1H BULL,85645.26,0.004301438909998678,-0.004384130540324049,0.0003356869954040942,-0.005499662211311929,4.5303149292852396e-05,0.0003356869954040942,-0.007860913727157803,-0.0012531925292771362,0.005665112114786153,-0.007860913727157803,0.011096352559382794,0.011456909582620245,-0.007860913727157803,,,,,,
100,TRANSITION,2026-10-07 02:00:00,1,1D#2026-09-18 BULL,,,,,,1D BULL / 4H BULL / 1H BEAR,1D BULL / 4H BULL / 1H NONE,84391.56,0.014910424924231558,-0.006199079623602111,0.0016791963556546108,-0.009652150049128116,-0.0006956856823122637,0.0016791963556546108,-0.009652150049128116,,,,,,,,,,,,
101,TRANSITION,2026-10-07 04:00:00,1,1D#2026-09-18 BULL,,,,,,1D BULL / 4H NONE / 1H BEAR,1D BULL / 4H BULL / 1H BEAR,84150.39,0.01597216529673251,-0.0005624454028080317,0.0008234067602062023,-0.0012642840989803839,-6.203179807007242e-05,0.002720367665556944,-0.0012642840989803839,,,,,,,,,,,,
