ev_id,family,T,s,cluster,ep,dir,d1,against_1d,end_reason,state_after,state_before
0,1H_end,2026-08-29 15:00:00,-1,1D#2026-08-19 BULL,1h|BEAR|28.08 18:00,BEAR,BULL,False,pivot,,
1,1H_end,2026-09-01 09:00:00,1,1D#2026-08-19 BULL,1h|BULL|30.08 16:00,BULL,BULL,False,pivot,,
2,1H_end,2026-09-03 03:00:00,-1,1D#2026-08-19 BULL,1h|BEAR|01.09 17:00,BEAR,BULL,False,pivot,,
3,1H_end,2026-09-04 13:00:00,1,1D#2026-08-19 BULL,1h|BULL|03.09 12:00,BULL,BULL,False,pivot,,
4,1H_end,2026-09-07 08:00:00,1,1D#2026-08-19 BULL,1h|BULL|06.09 03:00,BULL,BULL,False,opposite_bos,,
5,1H_end,2026-09-09 05:00:00,-1,1D#2026-08-19 BULL,1h|BEAR|07.09 07:00,BEAR,BULL,False,pivot,,
6,1H_end,2026-09-11 13:00:00,-1,1D#2026-08-19 BULL,1h|BEAR|09.09 22:00,BEAR,BULL,False,pivot,,
7,1H_end,2026-09-14 03:00:00,-1,1D#2026-08-19 BULL,1h|BEAR|12.09 18:00,BEAR,BULL,False,pivot,,
8,1H_end,2026-09-15 07:00:00,1,1D#2026-08-19 BULL,1h|BULL|14.09 09:00,BULL,BULL,False,pivot,,
9,1H_end,2026-09-16 12:00:00,-1,1D-gap,1h|BEAR|15.09 13:00,BEAR,NONE,False,pivot,,
10,1H_end,2026-09-19 22:00:00,1,1D#2026-09-18 BULL,1h|BULL|18.09 03:00,BULL,BULL,False,pivot,,
11,1H_end,2026-09-23 09:00:00,1,1D#2026-09-18 BULL,1h|BULL|20.09 15:00,BULL,BULL,False,pivot,,
12,1H_end,2026-09-26 23:00:00,-1,1D#2026-09-18 BULL,1h|BEAR|24.09 09:00,BEAR,BULL,False,pivot,,
13,1H_end,2026-09-28 19:00:00,-1,1D#2026-09-18 BULL,1h|BEAR|28.09 01:00,BEAR,BULL,False,pivot,,
14,1H_end,2026-10-02 16:00:00,1,1D#2026-09-18 BULL,1h|BULL|30.09 12:00,BULL,BULL,False,pivot,,
15,1H_end,2026-10-05 15:00:00,1,1D#2026-09-18 BULL,1h|BULL|04.10 20:00,BULL,BULL,False,pivot,,
16,1H_start,2026-08-28 19:00:00,-1,1D#2026-08-19 BULL,1h|BEAR|28.08 18:00,BEAR,BULL,True,,,
17,1H_start,2026-08-30 17:00:00,1,1D#2026-08-19 BULL,1h|BULL|30.08 16:00,BULL,BULL,False,,,
18,1H_start,2026-09-01 18:00:00,-1,1D#2026-08-19 BULL,1h|BEAR|01.09 17:00,BEAR,BULL,True,,,
19,1H_start,2026-09-03 13:00:00,1,1D#2026-08-19 BULL,1h|BULL|03.09 12:00,BULL,BULL,False,,,
20,1H_start,2026-09-06 04:00:00,1,1D#2026-08-19 BULL,1h|BULL|06.09 03:00,BULL,BULL,False,,,
21,1H_start,2026-09-07 08:00:00,-1,1D#2026-08-19 BULL,1h|BEAR|07.09 07:00,BEAR,BULL,True,,,
22,1H_start,2026-09-09 23:00:00,-1,1D#2026-08-19 BULL,1h|BEAR|09.09 22:00,BEAR,BULL,True,,,
23,1H_start,2026-09-12 19:00:00,-1,1D#2026-08-19 BULL,1h|BEAR|12.09 18:00,BEAR,BULL,True,,,
24,1H_start,2026-09-14 10:00:00,1,1D#2026-08-19 BULL,1h|BULL|14.09 09:00,BULL,BULL,False,,,
25,1H_start,2026-09-15 14:00:00,-1,1D#2026-08-19 BULL,1h|BEAR|15.09 13:00,BEAR,BULL,True,,,
26,1H_start,2026-09-18 04:00:00,1,1D-gap,1h|BULL|18.09 03:00,BULL,NONE,False,,,
27,1H_start,2026-09-20 16:00:00,1,1D#2026-09-18 BULL,1h|BULL|20.09 15:00,BULL,BULL,False,,,
28,1H_start,2026-09-24 10:00:00,-1,1D#2026-09-18 BULL,1h|BEAR|24.09 09:00,BEAR,BULL,True,,,
29,1H_start,2026-09-28 02:00:00,-1,1D#2026-09-18 BULL,1h|BEAR|28.09 01:00,BEAR,BULL,True,,,
30,1H_start,2026-09-30 13:00:00,1,1D#2026-09-18 BULL,1h|BULL|30.09 12:00,BULL,BULL,False,,,
31,1H_start,2026-10-04 21:00:00,1,1D#2026-09-18 BULL,1h|BULL|04.10 20:00,BULL,BULL,False,,,
32,1H_start,2026-10-07 02:00:00,-1,1D#2026-09-18 BULL,1h|BEAR|07.10 01:00,BEAR,BULL,True,,,
33,4H_end,2026-08-31 00:00:00,1,1D#2026-08-19 BULL,4h|BULL|25.08 00:00,BULL,BULL,False,pivot,,
34,4H_end,2026-09-07 16:00:00,1,1D#2026-08-19 BULL,4h|BULL|03.09 12:00,BULL,BULL,False,pivot,,
35,4H_end,2026-09-14 04:00:00,-1,1D#2026-08-19 BULL,4h|BEAR|10.09 12:00,BEAR,BULL,False,pivot,,
36,4H_end,2026-09-18 04:00:00,-1,1D-gap,4h|BEAR|15.09 16:00,BEAR,NONE,False,pivot,,
37,4H_end,2026-09-23 16:00:00,1,1D#2026-09-18 BULL,4h|BULL|18.09 12:00,BULL,BULL,False,pivot,,
38,4H_end,2026-10-07 04:00:00,1,1D#2026-09-18 BULL,4h|BULL|02.10 04:00,BULL,BULL,False,pivot,,
39,4H_start,2026-08-25 04:00:00,1,1D#2026-08-19 BULL,4h|BULL|25.08 00:00,BULL,BULL,False,,,
40,4H_start,2026-09-03 16:00:00,1,1D#2026-08-19 BULL,4h|BULL|03.09 12:00,BULL,BULL,False,,,
41,4H_start,2026-09-10 16:00:00,-1,1D#2026-08-19 BULL,4h|BEAR|10.09 12:00,BEAR,BULL,True,,,
42,4H_start,2026-09-15 20:00:00,-1,1D#2026-08-19 BULL,4h|BEAR|15.09 16:00,BEAR,BULL,True,,,
43,4H_start,2026-09-18 16:00:00,1,1D-gap,4h|BULL|18.09 12:00,BULL,NONE,False,,,
44,4H_start,2026-10-02 08:00:00,1,1D#2026-09-18 BULL,4h|BULL|02.10 04:00,BULL,BULL,False,,,
45,ALIGN_LOST,2026-08-31 00:00:00,1,1D#2026-08-19 BULL,,,,,,1D BULL / 4H NONE / 1H BULL,
46,ALIGN_LOST,2026-09-04 13:00:00,1,1D#2026-08-19 BULL,,,,,,1D BULL / 4H BULL / 1H NONE,
47,ALIGN_LOST,2026-09-07 08:00:00,1,1D#2026-08-19 BULL,,,,,,1D BULL / 4H BULL / 1H BEAR,
48,ALIGN_LOST,2026-09-19 22:00:00,1,1D#2026-09-18 BULL,,,,,,1D BULL / 4H BULL / 1H NONE,
49,ALIGN_LOST,2026-09-23 09:00:00,1,1D#2026-09-18 BULL,,,,,,1D BULL / 4H BULL / 1H NONE,
50,ALIGN_LOST,2026-10-02 16:00:00,1,1D#2026-09-18 BULL,,,,,,1D BULL / 4H BULL / 1H NONE,
51,ALIGN_LOST,2026-10-05 15:00:00,1,1D#2026-09-18 BULL,,,,,,1D BULL / 4H BULL / 1H NONE,
52,ALIGN_RESTORED,2026-08-30 17:00:00,1,1D#2026-08-19 BULL,,,,,,1D BULL / 4H BULL / 1H BULL,
53,ALIGN_RESTORED,2026-09-03 16:00:00,1,1D#2026-08-19 BULL,,,,,,1D BULL / 4H BULL / 1H BULL,
54,ALIGN_RESTORED,2026-09-06 04:00:00,1,1D#2026-08-19 BULL,,,,,,1D BULL / 4H BULL / 1H BULL,
55,ALIGN_RESTORED,2026-09-19 00:00:00,1,1D#2026-09-18 BULL,,,,,,1D BULL / 4H BULL / 1H BULL,
56,ALIGN_RESTORED,2026-09-20 16:00:00,1,1D#2026-09-18 BULL,,,,,,1D BULL / 4H BULL / 1H BULL,
57,ALIGN_RESTORED,2026-10-02 08:00:00,1,1D#2026-09-18 BULL,,,,,,1D BULL / 4H BULL / 1H BULL,
58,ALIGN_RESTORED,2026-10-04 21:00:00,1,1D#2026-09-18 BULL,,,,,,1D BULL / 4H BULL / 1H BULL,
59,TRANSITION,2026-08-29 15:00:00,1,1D#2026-08-19 BULL,,,,,,1D BULL / 4H BULL / 1H NONE,1D BULL / 4H BULL / 1H BEAR
60,TRANSITION,2026-08-30 17:00:00,1,1D#2026-08-19 BULL,,,,,,1D BULL / 4H BULL / 1H BULL,1D BULL / 4H BULL / 1H NONE
61,TRANSITION,2026-08-31 00:00:00,1,1D#2026-08-19 BULL,,,,,,1D BULL / 4H NONE / 1H BULL,1D BULL / 4H BULL / 1H BULL
62,TRANSITION,2026-09-01 09:00:00,1,1D#2026-08-19 BULL,,,,,,1D BULL / 4H NONE / 1H NONE,1D BULL / 4H NONE / 1H BULL
63,TRANSITION,2026-09-01 18:00:00,1,1D#2026-08-19 BULL,,,,,,1D BULL / 4H NONE / 1H BEAR,1D BULL / 4H NONE / 1H NONE
64,TRANSITION,2026-09-03 03:00:00,1,1D#2026-08-19 BULL,,,,,,1D BULL / 4H NONE / 1H NONE,1D BULL / 4H NONE / 1H BEAR
65,TRANSITION,2026-09-03 13:00:00,1,1D#2026-08-19 BULL,,,,,,1D BULL / 4H NONE / 1H BULL,1D BULL / 4H NONE / 1H NONE
66,TRANSITION,2026-09-03 16:00:00,1,1D#2026-08-19 BULL,,,,,,1D BULL / 4H BULL / 1H BULL,1D BULL / 4H NONE / 1H BULL
67,TRANSITION,2026-09-04 13:00:00,1,1D#2026-08-19 BULL,,,,,,1D BULL / 4H BULL / 1H NONE,1D BULL / 4H BULL / 1H BULL
68,TRANSITION,2026-09-06 04:00:00,1,1D#2026-08-19 BULL,,,,,,1D BULL / 4H BULL / 1H BULL,1D BULL / 4H BULL / 1H NONE
69,TRANSITION,2026-09-07 08:00:00,1,1D#2026-08-19 BULL,,,,,,1D BULL / 4H BULL / 1H BEAR,1D BULL / 4H BULL / 1H BULL
70,TRANSITION,2026-09-07 16:00:00,1,1D#2026-08-19 BULL,,,,,,1D BULL / 4H NONE / 1H BEAR,1D BULL / 4H BULL / 1H BEAR
71,TRANSITION,2026-09-09 05:00:00,1,1D#2026-08-19 BULL,,,,,,1D BULL / 4H NONE / 1H NONE,1D BULL / 4H NONE / 1H BEAR
72,TRANSITION,2026-09-09 23:00:00,1,1D#2026-08-19 BULL,,,,,,1D BULL / 4H NONE / 1H BEAR,1D BULL / 4H NONE / 1H NONE
73,TRANSITION,2026-09-10 16:00:00,1,1D#2026-08-19 BULL,,,,,,1D BULL / 4H BEAR / 1H BEAR,1D BULL / 4H NONE / 1H BEAR
74,TRANSITION,2026-09-11 13:00:00,1,1D#2026-08-19 BULL,,,,,,1D BULL / 4H BEAR / 1H NONE,1D BULL / 4H BEAR / 1H BEAR
75,TRANSITION,2026-09-12 19:00:00,1,1D#2026-08-19 BULL,,,,,,1D BULL / 4H BEAR / 1H BEAR,1D BULL / 4H BEAR / 1H NONE
76,TRANSITION,2026-09-14 03:00:00,1,1D#2026-08-19 BULL,,,,,,1D BULL / 4H BEAR / 1H NONE,1D BULL / 4H BEAR / 1H BEAR
77,TRANSITION,2026-09-14 04:00:00,1,1D#2026-08-19 BULL,,,,,,1D BULL / 4H NONE / 1H NONE,1D BULL / 4H BEAR / 1H NONE
78,TRANSITION,2026-09-14 10:00:00,1,1D#2026-08-19 BULL,,,,,,1D BULL / 4H NONE / 1H BULL,1D BULL / 4H NONE / 1H NONE
79,TRANSITION,2026-09-15 07:00:00,1,1D#2026-08-19 BULL,,,,,,1D BULL / 4H NONE / 1H NONE,1D BULL / 4H NONE / 1H BULL
80,TRANSITION,2026-09-15 14:00:00,1,1D#2026-08-19 BULL,,,,,,1D BULL / 4H NONE / 1H BEAR,1D BULL / 4H NONE / 1H NONE
81,TRANSITION,2026-09-15 20:00:00,1,1D#2026-08-19 BULL,,,,,,1D BULL / 4H BEAR / 1H BEAR,1D BULL / 4H NONE / 1H BEAR
82,TRANSITION,2026-09-16 00:00:00,-1,1D-gap,,,,,,1D NONE / 4H BEAR / 1H BEAR,1D BULL / 4H BEAR / 1H BEAR
83,TRANSITION,2026-09-16 12:00:00,-1,1D-gap,,,,,,1D NONE / 4H BEAR / 1H NONE,1D NONE / 4H BEAR / 1H BEAR
84,TRANSITION,2026-09-18 04:00:00,1,1D-gap,,,,,,1D NONE / 4H NONE / 1H BULL,1D NONE / 4H BEAR / 1H NONE
85,TRANSITION,2026-09-18 16:00:00,1,1D-gap,,,,,,1D NONE / 4H BULL / 1H BULL,1D NONE / 4H NONE / 1H BULL
86,TRANSITION,2026-09-19 00:00:00,1,1D#2026-09-18 BULL,,,,,,1D BULL / 4H BULL / 1H BULL,1D NONE / 4H BULL / 1H BULL
87,TRANSITION,2026-09-19 22:00:00,1,1D#2026-09-18 BULL,,,,,,1D BULL / 4H BULL / 1H NONE,1D BULL / 4H BULL / 1H BULL
88,TRANSITION,2026-09-20 16:00:00,1,1D#2026-09-18 BULL,,,,,,1D BULL / 4H BULL / 1H BULL,1D BULL / 4H BULL / 1H NONE
89,TRANSITION,2026-09-23 09:00:00,1,1D#2026-09-18 BULL,,,,,,1D BULL / 4H BULL / 1H NONE,1D BULL / 4H BULL / 1H BULL
90,TRANSITION,2026-09-23 16:00:00,1,1D#2026-09-18 BULL,,,,,,1D BULL / 4H NONE / 1H NONE,1D BULL / 4H BULL / 1H NONE
91,TRANSITION,2026-09-24 10:00:00,1,1D#2026-09-18 BULL,,,,,,1D BULL / 4H NONE / 1H BEAR,1D BULL / 4H NONE / 1H NONE
92,TRANSITION,2026-09-26 23:00:00,1,1D#2026-09-18 BULL,,,,,,1D BULL / 4H NONE / 1H NONE,1D BULL / 4H NONE / 1H BEAR
93,TRANSITION,2026-09-28 02:00:00,1,1D#2026-09-18 BULL,,,,,,1D BULL / 4H NONE / 1H BEAR,1D BULL / 4H NONE / 1H NONE
94,TRANSITION,2026-09-28 19:00:00,1,1D#2026-09-18 BULL,,,,,,1D BULL / 4H NONE / 1H NONE,1D BULL / 4H NONE / 1H BEAR
95,TRANSITION,2026-09-30 13:00:00,1,1D#2026-09-18 BULL,,,,,,1D BULL / 4H NONE / 1H BULL,1D BULL / 4H NONE / 1H NONE
96,TRANSITION,2026-10-02 08:00:00,1,1D#2026-09-18 BULL,,,,,,1D BULL / 4H BULL / 1H BULL,1D BULL / 4H NONE / 1H BULL
97,TRANSITION,2026-10-02 16:00:00,1,1D#2026-09-18 BULL,,,,,,1D BULL / 4H BULL / 1H NONE,1D BULL / 4H BULL / 1H BULL
98,TRANSITION,2026-10-04 21:00:00,1,1D#2026-09-18 BULL,,,,,,1D BULL / 4H BULL / 1H BULL,1D BULL / 4H BULL / 1H NONE
99,TRANSITION,2026-10-05 15:00:00,1,1D#2026-09-18 BULL,,,,,,1D BULL / 4H BULL / 1H NONE,1D BULL / 4H BULL / 1H BULL
100,TRANSITION,2026-10-07 02:00:00,1,1D#2026-09-18 BULL,,,,,,1D BULL / 4H BULL / 1H BEAR,1D BULL / 4H BULL / 1H NONE
101,TRANSITION,2026-10-07 04:00:00,1,1D#2026-09-18 BULL,,,,,,1D BULL / 4H NONE / 1H BEAR,1D BULL / 4H BULL / 1H BEAR
