entry_date;exit_date;n_universe;n_long;n_short;long_mean;short_mean;long_median;short_median;spread_gross;spread_gross_median;spread_gross_x;costs_long;costs_short;spread_net;funding_long_pct;funding_short_pct;spread_net_with_funding;funding_coverage_pct
2020-02-17;2020-03-02;10;2;2;-14.4987;-19.4109;-14.4987;-19.4109;4.9122;4.9122;4.9122;0.2;0.2;4.5122;;;;0.0
2020-03-02;2020-03-16;18;3;3;-42.1498;-40.024;-43.1815;-41.1043;-2.1258;-2.0772;-2.1258;0.2;0.2;-2.5258;;;;0.0
2020-03-16;2020-03-30;24;4;4;0.812;5.2954;0.7238;5.8009;-4.4835;-5.0771;-4.4835;0.2;0.2;-4.8835;;;;0.0
2020-03-30;2020-04-13;23;4;4;21.8106;34.0161;22.3566;27.7639;-12.2055;-5.4072;-12.2055;0.2;0.2;-12.6055;;;;0.0
2020-04-13;2020-04-27;21;4;4;23.8725;10.5427;24.169;9.6823;13.3297;14.4867;13.3298;0.2;0.2;12.9298;;;;0.0
2020-04-27;2020-05-11;23;4;4;-1.3774;-2.4637;-0.7659;-2.6023;1.0863;1.8364;1.0863;0.2;0.2;0.6863;;;;0.0
2020-05-11;2020-05-25;24;4;4;0.1898;2.6854;-0.5717;0.601;-2.4956;-1.1727;-2.4956;0.2;0.2;-2.8956;;;;0.0
2020-05-25;2020-06-08;24;4;4;34.5428;15.8219;26.4346;17.6106;18.7208;8.824;18.7208;0.2;0.2;18.3208;;;;0.0
2020-06-08;2020-06-22;24;4;4;3.0331;-9.445;3.0056;-9.495;12.4781;12.5006;12.4781;0.2;0.2;12.0781;;;;0.0
2020-06-22;2020-07-06;25;5;5;17.0701;2.6893;5.0402;-1.8683;14.3808;6.9085;14.3808;0.2;0.2;13.9808;;;;0.0
2020-07-06;2020-07-20;26;5;5;30.8611;27.7296;26.4022;13.009;3.1315;13.3932;3.1315;0.2;0.2;2.7315;;;;0.0
2020-07-20;2020-08-03;30;6;6;-4.094;0.4328;-0.3521;-4.9837;-4.5268;4.6316;-4.5268;0.2;0.2;-4.9268;;;;0.0
2020-08-03;2020-08-17;32;6;6;8.6613;47.7096;7.9456;33.3403;-39.0483;-25.3947;-39.0483;0.2;0.2;-39.4483;;;;0.0
2020-08-17;2020-08-31;35;7;7;9.1104;-5.5027;-12.4529;-6.678;14.6132;-5.7749;14.6132;0.2;0.2;14.2132;;;;0.0
2020-08-31;2020-09-14;37;7;7;-16.3893;-23.4979;-23.7536;-22.5007;7.1086;-1.2529;7.1086;0.2;0.2;6.7086;;;;0.0
2020-09-14;2020-09-28;41;8;8;-4.2821;-14.9221;-14.425;-16.7223;10.64;2.2974;10.6399;0.2;0.2;10.2399;;;;0.0
2020-09-28;2020-10-12;51;10;10;3.8888;-16.5782;4.5243;-16.6176;20.467;21.1419;20.467;0.2;0.2;20.067;;;;0.0
2020-10-12;2020-10-26;57;11;11;-9.7954;-17.3843;-8.2686;-17.4194;7.5889;9.1508;7.5889;0.2;0.2;7.1889;;;;0.0
2020-10-26;2020-11-09;61;12;12;-0.0767;-0.5719;-0.8382;-2.3927;0.4952;1.5545;0.4952;0.2;0.2;0.0952;;;;0.0
2020-11-09;2020-11-23;69;13;13;45.7724;21.9964;31.2976;17.5111;23.776;13.7864;23.776;0.2;0.2;23.376;;;;0.0
2020-11-23;2020-12-07;71;14;14;2.0576;5.7206;-4.8099;2.1337;-3.6629;-6.9436;-3.6629;0.2;0.2;-4.0629;;;;0.0
2020-12-07;2020-12-21;72;14;14;6.9756;-6.6548;-1.4644;-6.8775;13.6304;5.4131;13.6304;0.2;0.2;13.2304;;;;0.0
2020-12-21;2021-01-04;77;15;15;36.5338;2.1041;28.1496;-3.7086;34.4297;31.8582;34.4297;0.2;0.2;34.0297;;;;0.0
2021-01-04;2021-01-18;78;15;15;30.9855;44.2333;25.849;38.3383;-13.2477;-12.4893;-13.2477;0.2;0.2;-13.6477;;;;0.0
2021-01-18;2021-02-01;80;16;16;20.6441;14.9979;2.5853;-6.2642;5.6462;8.8495;5.6462;0.2;0.2;5.2462;;;;0.0
2021-02-01;2021-02-15;80;16;16;49.723;91.9967;41.7286;86.4585;-42.2738;-44.7299;-42.2738;0.2;0.2;-42.6738;;;;0.0
2021-02-15;2021-03-01;85;17;17;-4.7145;-6.0561;-17.7303;-21.1656;1.3415;3.4352;1.3415;0.2;0.2;0.9415;;;;0.0
2021-03-01;2021-03-15;86;17;17;121.5141;52.751;27.21;22.772;68.7631;4.438;68.7631;0.2;0.2;68.3631;;;;0.0
2021-03-15;2021-03-29;91;18;18;17.2761;0.1907;4.3188;1.1412;17.0855;3.1777;17.0855;0.2;0.2;16.6855;;;;0.0
2021-03-29;2021-04-12;93;18;18;26.4983;20.9002;19.4123;23.6688;5.5981;-4.2565;5.5981;0.2;0.2;5.1981;;;;0.0
2021-04-12;2021-04-26;101;20;20;-13.255;-25.7371;-21.6216;-27.9269;12.4821;6.3053;12.4821;0.2;0.2;12.0821;;;;0.0
2021-04-26;2021-05-10;107;21;21;60.8068;37.5766;38.0966;33.7907;23.2302;4.3059;23.2302;0.2;0.2;22.8302;;;;0.0
2021-05-10;2021-05-24;109;21;21;-57.752;-54.77;-63.0685;-56.3772;-2.982;-6.6913;-2.982;0.2;0.2;-3.382;;;;0.0
2021-05-24;2021-06-07;110;22;22;22.2874;39.6307;20.8596;39.6951;-17.3433;-18.8354;-17.3433;0.2;0.2;-17.7433;;;;0.0
2021-06-07;2021-06-21;112;22;22;-18.0348;-21.714;-17.9891;-24.2173;3.6792;6.2282;3.6792;0.2;0.2;3.2792;;;;0.0
2021-06-21;2021-07-05;113;22;22;-2.7356;0.7805;-7.1673;0.298;-3.5161;-7.4654;-3.516;0.2;0.2;-3.916;;;;0.0
2021-07-05;2021-07-19;114;22;22;-4.2582;-10.3774;-16.9315;-11.8451;6.1191;-5.0864;6.1191;0.2;0.2;5.7191;;;;0.0
2021-07-19;2021-08-02;116;23;23;28.7414;26.245;19.2389;26.9578;2.4964;-7.7189;2.4964;0.2;0.2;2.0964;;;;0.0
2021-08-02;2021-08-16;116;23;23;34.081;40.0245;30.546;36.0964;-5.9435;-5.5504;-5.9435;0.2;0.2;-6.3435;;;;0.0
2021-08-16;2021-08-30;117;23;23;10.8323;15.1974;3.0657;8.0928;-4.3651;-5.0271;-4.3651;0.2;0.2;-4.7651;;;;0.0
2021-08-30;2021-09-13;117;23;23;15.3239;2.5752;-4.1469;-3.7403;12.7486;-0.4066;12.7486;0.2;0.2;12.3486;;;;0.0
2021-09-13;2021-09-27;121;24;24;-12.4932;-20.0238;-18.4981;-21.3304;7.5305;2.8323;7.5306;0.2;0.2;7.1306;;;;0.0
2021-09-27;2021-10-11;123;24;24;19.3654;15.9408;7.0675;13.9243;3.4247;-6.8567;3.4246;0.2;0.2;3.0246;;;;0.0
2021-10-11;2021-10-25;126;25;25;3.6963;5.6267;-0.268;4.3045;-1.9304;-4.5724;-1.9304;0.2;0.2;-2.3304;;;;0.0
2021-10-25;2021-11-08;128;25;25;15.6976;16.057;13.8993;9.3764;-0.3594;4.5229;-0.3594;0.2;0.2;-0.7594;;;;0.0
2021-11-08;2021-11-22;130;26;26;8.9741;-3.8068;-0.8935;-8.8986;12.781;8.005;12.781;0.2;0.2;12.381;;;;0.0
2021-11-22;2021-12-06;132;26;26;-23.3338;-23.3007;-30.1858;-25.8051;-0.0331;-4.3807;-0.0331;0.2;0.2;-0.4331;;;;0.0
2021-12-06;2021-12-20;133;26;26;-6.189;-5.7093;-7.4435;-9.0099;-0.4797;1.5665;-0.4797;0.2;0.2;-0.8797;;;;0.0
2021-12-20;2022-01-03;133;26;26;12.5519;13.1563;4.0497;11.4764;-0.6043;-7.4267;-0.6043;0.2;0.2;-1.0043;;;;0.0
2022-01-03;2022-01-17;133;26;26;-7.5633;-13.379;-12.3619;-14.0683;5.8158;1.7064;5.8157;0.2;0.2;5.4157;;;;0.0
2022-01-17;2022-01-31;135;27;27;-31.5207;-28.0281;-35.6648;-29.5342;-3.4926;-6.1306;-3.4926;0.2;0.2;-3.8926;;;;0.0
2022-01-31;2022-02-14;136;27;27;0.8179;3.3137;2.3355;0.2382;-2.4958;2.0973;-2.4958;0.2;0.2;-2.8958;;;;0.0
2022-02-14;2022-02-28;136;27;27;-13.0888;-13.7434;-15.3077;-14.9472;0.6545;-0.3605;0.6545;0.2;0.2;0.2545;;;;0.0
2022-02-28;2022-03-14;89;17;17;-7.1664;-7.8855;-8.3873;-7.4678;0.719;-0.9195;0.7191;0.2;0.2;0.3191;;;;0.0
2022-03-14;2022-03-28;90;18;18;30.3612;40.0914;30.9411;39.3299;-9.7301;-8.3887;-9.7301;0.2;0.2;-10.1301;;;;0.0
2022-03-28;2022-04-11;139;27;27;-12.0085;-7.9608;-13.2424;-9.9968;-4.0478;-3.2456;-4.0478;0.2;0.2;-4.4478;;;;0.0
2022-04-11;2022-04-25;141;28;28;-4.4687;-7.4374;-6.9216;-7.0966;2.9687;0.175;2.9687;0.2;0.2;2.5687;;;;0.0
2022-04-25;2022-05-09;140;28;28;-22.5727;-24.6294;-23.75;-24.6386;2.0567;0.8886;2.0567;0.2;0.2;1.6567;;;;0.0
2022-05-09;2022-05-23;142;28;28;-26.7847;-27.945;-25.8627;-32.2417;1.1604;6.379;1.1604;0.2;0.2;0.7604;;;;0.0
2022-05-23;2022-06-06;142;28;28;-8.7052;-1.5467;-7.0807;-5.4434;-7.1585;-1.6373;-7.1585;0.2;0.2;-7.5585;;;;0.0
2022-06-06;2022-06-20;141;28;28;-15.0779;-24.9135;-24.7382;-27.3943;9.8356;2.6561;9.8356;0.2;0.2;9.4356;;;;0.0
2022-06-20;2022-07-04;141;28;28;0.6007;6.3211;-0.8885;6.2883;-5.7204;-7.1768;-5.7204;0.2;0.2;-6.1204;;;;0.0
2022-07-04;2022-07-18;139;27;27;8.7267;7.1603;3.8191;4.3277;1.5664;-0.5085;1.5664;0.2;0.2;1.1664;;;;0.0
2022-07-18;2022-08-01;139;27;27;15.2746;14.7441;13.6721;12.5;0.5305;1.1721;0.5305;0.2;0.2;0.1305;;;;0.0
2022-08-01;2022-08-15;139;27;27;0.9548;7.0337;-0.5944;6.281;-6.0788;-6.8755;-6.0789;0.2;0.2;-6.4789;;;;0.0
2022-08-15;2022-08-29;139;27;27;-26.3394;-22.5563;-28.4469;-26.1791;-3.783;-2.2678;-3.783;0.2;0.2;-4.183;;;;0.0
2022-08-29;2022-09-12;139;27;27;7.8052;14.0552;8.6543;13.3124;-6.2501;-4.6581;-6.2501;0.2;0.2;-6.6501;;;;0.0
2022-09-12;2022-09-26;139;27;27;-18.7835;-10.9265;-20.2921;-11.4849;-7.857;-8.8072;-7.857;0.2;0.2;-8.257;;;;0.0
2022-09-26;2022-10-10;142;28;28;0.6175;1.4912;0.1425;0.3735;-0.8737;-0.231;-0.8737;0.2;0.2;-1.2737;;;;0.0
2022-10-10;2022-10-24;144;28;28;-3.88;-10.5071;-4.8888;-11.6593;6.6271;6.7705;6.6271;0.2;0.2;6.2271;;;;0.0
2022-10-24;2022-11-07;147;29;29;10.6215;15.1764;7.0155;5.899;-4.5549;1.1165;-4.5549;0.2;0.2;-4.9549;;;;0.0
2022-11-07;2022-11-21;147;29;29;-29.1114;-28.0664;-31.7784;-24.776;-1.045;-7.0024;-1.045;0.2;0.2;-1.445;;;;0.0
2022-11-21;2022-12-05;149;29;29;4.6254;16.0505;5.6365;11.5035;-11.4251;-5.8671;-11.4251;0.2;0.2;-11.8251;;;;0.0
2022-12-05;2022-12-19;147;29;29;-16.7001;-15.7436;-16.6236;-16.7498;-0.9565;0.1262;-0.9565;0.2;0.2;-1.3565;;;;0.0
2022-12-19;2023-01-02;146;29;29;-2.2178;-9.3168;-1.0261;-11.0883;7.099;10.0622;7.099;0.2;0.2;6.699;;;;0.0
2023-01-02;2023-01-16;146;29;29;32.2277;60.6698;26.4336;43.0907;-28.4421;-16.6571;-28.4421;0.2;0.2;-28.8421;;;;0.0
2023-01-16;2023-01-30;146;29;29;22.271;10.4114;15.4936;7.4902;11.8595;8.0033;11.8595;0.2;0.2;11.4595;;;;0.0
2023-01-30;2023-02-13;146;29;29;2.2451;-4.301;-4.2576;-6.287;6.5461;2.0293;6.5461;0.2;0.2;6.1461;;;;0.0
2023-02-13;2023-02-27;148;29;29;2.7996;5.0281;2.454;2.6548;-2.2285;-0.2007;-2.2285;0.2;0.2;-2.6285;;;;0.0
2023-02-27;2023-03-13;153;30;30;-23.0979;-17.712;-22.088;-19.0308;-5.3859;-3.0571;-5.3859;0.2;0.2;-5.7859;;;;0.0
2023-03-13;2023-03-27;160;32;32;7.2816;7.6169;7.6931;6.2437;-0.3353;1.4494;-0.3353;0.2;0.2;-0.7353;;;;0.0
2023-03-27;2023-04-10;166;33;33;-2.4113;3.6272;-1.7722;2.1969;-6.0386;-3.9691;-6.0386;0.2;0.2;-6.4386;;;;0.0
2023-04-10;2023-04-24;167;33;33;-8.8521;-7.0541;-9.7239;-8.8934;-1.798;-0.8305;-1.798;0.2;0.2;-2.198;;;;0.0
2023-04-24;2023-05-08;173;34;34;-3.136;-9.6847;-3.2477;-7.995;6.5487;4.7473;6.5487;0.2;0.2;6.1487;;;;0.0
2023-05-08;2023-05-22;176;35;35;-6.5748;-7.085;-7.7313;-6.9664;0.5102;-0.765;0.5102;0.2;0.2;0.1102;;;;0.0
2023-05-22;2023-06-05;178;35;35;4.2808;4.8445;1.3758;3.5809;-0.5637;-2.2052;-0.5637;0.2;0.2;-0.9637;;;;0.0
2023-06-05;2023-06-19;184;36;36;-23.2358;-21.7524;-25.2324;-24.0581;-1.4834;-1.1743;-1.4834;0.2;0.2;-1.8834;;;;0.0
2023-06-19;2023-07-03;184;36;36;17.2888;16.1379;10.2186;16.4548;1.1509;-6.2362;1.1509;0.2;0.2;0.7509;;;;0.0
2023-07-03;2023-07-17;185;37;37;-2.9354;0.2037;-5.4206;-1.9775;-3.1392;-3.4431;-3.1392;0.2;0.2;-3.5392;;;;0.0
2023-07-17;2023-07-31;186;37;37;-1.668;-4.11;-5.5603;-4.5911;2.442;-0.9692;2.442;0.2;0.2;2.042;;;;0.0
2023-07-31;2023-08-14;189;37;37;-1.7827;4.9811;-4.1554;2.8702;-6.7638;-7.0256;-6.7638;0.2;0.2;-7.1638;;;;0.0
2023-08-14;2023-08-28;190;38;38;-13.8418;-15.7413;-19.3133;-16.7418;1.8996;-2.5714;1.8996;0.2;0.2;1.4996;;;;0.0
2023-08-28;2023-09-11;195;39;39;0.0383;2.6977;-2.7755;3.1377;-2.6594;-5.9132;-2.6594;0.2;0.2;-3.0594;;;;0.0
2023-09-11;2023-09-25;199;39;39;-0.0813;3.5949;-1.5647;0.3794;-3.6762;-1.9441;-3.6762;0.2;0.2;-4.0762;;;;0.0
2023-09-25;2023-10-09;197;39;39;4.7906;2.3658;2.0228;1.9168;2.4248;0.106;2.4248;0.2;0.2;2.0248;;;;0.0
2023-10-09;2023-10-23;199;39;39;4.5364;-0.2158;2.8905;-2.3244;4.7522;5.2149;4.7521;0.2;0.2;4.3521;;;;0.0
2023-10-23;2023-11-06;203;40;40;26.2831;28.0746;21.2684;21.8843;-1.7915;-0.6159;-1.7915;0.2;0.2;-2.1915;;;;0.0
2023-11-06;2023-11-20;209;41;41;8.8253;7.9476;5.0546;3.3451;0.8777;1.7095;0.8777;0.2;0.2;0.4777;;;;0.0
2023-11-20;2023-12-04;218;43;43;14.3831;5.9159;3.1441;5.0729;8.4672;-1.9288;8.4672;0.2;0.2;8.0672;;;;0.0
2023-12-04;2023-12-18;228;45;45;6.2269;7.738;4.9783;1.8743;-1.5111;3.1039;-1.5111;0.2;0.2;-1.9111;;;;0.0
2023-12-18;2024-01-01;236;47;47;12.3645;9.5241;9.2908;3.8078;2.8404;5.483;2.8404;0.2;0.2;2.4404;;;;0.0
2024-01-01;2024-01-15;238;47;47;-4.9211;-1.9741;-10.0133;-7.9106;-2.947;-2.1027;-2.947;0.2;0.2;-3.347;;;;0.0
2024-01-15;2024-01-29;242;48;48;-5.0746;-1.0357;-8.1079;-4.5559;-4.0389;-3.552;-4.0389;0.2;0.2;-4.4389;;;;0.0
2024-01-29;2024-02-12;245;49;49;8.4341;6.225;5.0413;5.6237;2.2091;-0.5824;2.2091;0.2;0.2;1.8091;;;;0.0
2024-02-12;2024-02-26;247;49;49;31.4936;19.4773;9.8798;15.0703;12.0163;-5.1905;12.0163;0.2;0.2;11.6163;;;;0.0
2024-02-26;2024-03-11;252;50;50;48.0056;33.8517;28.1209;19.1966;14.1539;8.9244;14.1539;0.2;0.2;13.7539;;;;0.0
2024-03-11;2024-03-25;257;51;51;-4.2689;-2.9628;-11.0455;-7.271;-1.3061;-3.7745;-1.3061;0.2;0.2;-1.7061;;;;0.0
2024-03-25;2024-04-08;263;52;52;1.8552;-2.8789;-0.2532;-4.7634;4.7341;4.5102;4.7341;0.2;0.2;4.3341;;;;0.0
2024-04-08;2024-04-22;267;53;53;-23.585;-21.3172;-26.2961;-23.2998;-2.2678;-2.9963;-2.2678;0.2;0.2;-2.6678;;;;0.0
2024-04-22;2024-05-06;263;52;52;-0.5083;-2.2992;-2.6172;-5.3953;1.791;2.7781;1.791;0.2;0.2;1.391;;;;0.0
2024-05-06;2024-05-20;267;53;53;-6.0945;-7.3708;-7.7788;-6.4287;1.2763;-1.3501;1.2763;0.2;0.2;0.8763;;;;0.0
2024-05-20;2024-06-03;269;53;53;10.8723;19.2314;2.3649;16.6347;-8.3592;-14.2698;-8.3592;0.2;0.2;-8.7592;;;;0.0
2024-06-03;2024-06-17;260;52;52;-20.7227;-15.7817;-20.3532;-16.6112;-4.941;-3.742;-4.941;0.2;0.2;-5.341;;;;0.0
2024-06-17;2024-07-01;261;52;52;-10.97;-14.6886;-8.1371;-16.4732;3.7186;8.3361;3.7186;0.2;0.2;3.3186;;;;0.0
2024-07-01;2024-07-15;262;52;52;-5.5395;-11.3771;-6.7847;-11.5579;5.8376;4.7732;5.8376;0.2;0.2;5.4376;;;;0.0
2024-07-15;2024-07-29;264;52;52;2.475;7.4785;-1.9376;0.8573;-5.0035;-2.7949;-5.0035;0.2;0.2;-5.4035;;;;0.0
2024-07-29;2024-08-12;263;52;52;-24.0481;-19.8879;-25.1974;-21.5183;-4.1602;-3.6791;-4.1602;0.2;0.2;-4.5602;;;;0.0
2024-08-12;2024-08-26;262;52;52;10.9759;26.4242;10.2783;25.105;-15.4483;-14.8266;-15.4483;0.2;0.2;-15.8483;;;;0.0
2024-08-26;2024-09-09;263;52;52;-19.4233;-11.9862;-20.0378;-15.0208;-7.4372;-5.017;-7.4372;0.2;0.2;-7.8372;;;;0.0
2024-09-09;2024-09-23;269;53;53;13.8443;17.707;8.4995;16.0611;-3.8627;-7.5616;-3.8627;0.2;0.2;-4.2627;;;;0.0
2024-09-23;2024-10-07;276;55;55;2.5519;-1.5209;-2.9209;-2.9135;4.0728;-0.0074;4.0728;0.2;0.2;3.6728;;;;0.0
2024-10-07;2024-10-21;285;57;57;10.6854;7.9249;9.1144;6.8549;2.7605;2.2595;2.7605;0.2;0.2;2.3605;;;;0.0
2024-10-21;2024-11-04;294;58;58;-21.4378;-18.3237;-24.8435;-18.8223;-3.1141;-6.0212;-3.114;0.2;0.2;-3.514;;;;0.0
2024-11-04;2024-11-18;296;59;59;33.3389;28.1985;25.5135;24.3276;5.1404;1.1858;5.1404;0.2;0.2;4.7404;;;;0.0
2024-11-18;2024-12-02;301;60;60;34.2949;34.8229;30.0468;33.6956;-0.528;-3.6488;-0.528;0.2;0.2;-0.928;;;;0.0
2024-12-02;2024-12-16;311;62;62;3.3272;-0.4799;-3.0477;-7.0933;3.8071;4.0456;3.8071;0.2;0.2;3.4071;;;;0.0
2024-12-16;2024-12-30;320;64;64;-20.9459;-18.8729;-24.8289;-23.8146;-2.073;-1.0143;-2.073;0.2;0.2;-2.473;;;;0.0
2024-12-30;2025-01-13;328;65;65;-10.7511;-7.3731;-12.7324;-8.7774;-3.378;-3.955;-3.378;0.2;0.2;-3.778;;;;0.0
2025-01-13;2025-01-27;338;67;67;-9.3595;-18.9866;-10.2056;-17.6166;9.6271;7.4109;9.6271;0.2;0.2;9.2271;;;;0.0
2025-01-27;2025-02-10;346;69;69;-20.7345;-30.064;-24.9177;-33.2744;9.3295;8.3567;9.3295;0.2;0.2;8.9295;;;;0.0
2025-02-10;2025-02-24;354;70;70;7.6027;3.0115;2.818;2.6936;4.5912;0.1245;4.5912;0.2;0.2;4.1912;;;;0.0
2025-02-24;2025-03-10;357;71;71;-29.314;-23.4934;-31.371;-29.188;-5.8206;-2.183;-5.8206;0.2;0.2;-6.2206;;;;0.0
2025-03-10;2025-03-24;363;72;72;8.3295;13.5425;4.1357;10.5629;-5.213;-6.4272;-5.213;0.2;0.2;-5.613;;;;0.0
2025-03-24;2025-04-07;364;72;72;-26.1002;-24.3745;-29.2611;-24.6468;-1.7257;-4.6143;-1.7257;0.2;0.2;-2.1257;;;;0.0
2025-04-07;2025-04-21;368;73;73;13.8322;19.4734;8.1323;16.3507;-5.6413;-8.2184;-5.6413;0.2;0.2;-6.0413;;;;0.0
2025-04-21;2025-05-05;383;76;76;39.5279;13.3242;1.4968;3.2309;26.2037;-1.7341;26.2037;0.2;0.2;25.8037;;;;0.0
2025-05-05;2025-05-19;389;77;77;28.3118;12.331;15.8128;11.7507;15.9807;4.062;15.9807;0.2;0.2;15.5807;;;;0.0
2025-05-19;2025-06-02;398;79;79;-13.7184;-14.232;-16.8744;-13.8416;0.5136;-3.0328;0.5136;0.2;0.2;0.1136;;;;0.0
2025-06-02;2025-06-16;413;82;82;-9.4541;-12.0352;-8.4924;-13.5582;2.5811;5.0658;2.5811;0.2;0.2;2.1811;;;;0.0
2025-06-16;2025-06-30;419;83;83;3.2153;-0.9854;-1.8486;-3.4451;4.2007;1.5966;4.2007;0.2;0.2;3.8007;;;;0.0
2025-06-30;2025-07-14;429;85;85;10.5046;10.9751;10.3549;10.3889;-0.4705;-0.034;-0.4705;0.2;0.2;-0.8705;;;;0.0
2025-07-14;2025-07-28;435;87;87;11.9072;10.9878;6.1914;7.6748;0.9194;-1.4835;0.9194;0.2;0.2;0.5194;;;;0.0
2025-07-28;2025-08-11;446;89;89;16.5215;5.3929;-4.9756;-0.8708;11.1287;-4.1048;11.1287;0.2;0.2;10.7287;;;;0.0
2025-08-11;2025-08-25;455;91;91;-7.8192;-5.5812;-10.8119;-7.154;-2.2381;-3.658;-2.2381;0.2;0.2;-2.6381;;;;0.0
2025-08-25;2025-09-08;464;92;92;-9.4157;3.9108;-9.7246;-5.6428;-13.3265;-4.0818;-13.3265;0.2;0.2;-13.7265;;;;0.0
2025-09-08;2025-09-22;471;94;94;11.0191;9.4496;-0.0054;3.9084;1.5694;-3.9138;1.5694;0.2;0.2;1.1694;;;;0.0
2025-09-22;2025-10-06;481;96;96;-5.4526;-9.8781;-10.2135;-8.1502;4.4256;-2.0633;4.4256;0.2;0.2;4.0256;;;;0.0
2025-10-06;2025-10-20;486;97;97;-12.1789;-20.3128;-20.69;-29.3589;8.1339;8.6689;8.1339;0.2;0.2;7.7339;;;;7.2
2025-10-20;2025-11-03;501;100;100;-4.1634;-4.6341;-4.4123;-6.0724;0.4707;1.6601;0.4707;0.2;0.2;0.0707;;;;7.0
2025-11-03;2025-11-17;515;103;103;-13.3843;-13.3673;-17.5938;-19.7216;-0.017;2.1278;-0.017;0.2;0.2;-0.417;;;;56.8
2025-11-17;2025-12-01;523;104;104;-10.6043;-8.9956;-9.5743;-11.0146;-1.6087;1.4402;-1.6087;0.2;0.2;-2.0087;;;;51.0
2025-12-01;2025-12-15;524;104;104;-8.4227;-6.9497;-13.0365;-13.8579;-1.473;0.8214;-1.473;0.2;0.2;-1.873;;;;49.5
2025-12-15;2025-12-29;506;101;101;-6.8833;3.5802;-5.8566;-2.7732;-10.4635;-3.0834;-10.4635;0.2;0.2;-10.8635;;;;47.0
2025-12-29;2026-01-12;477;95;95;0.8281;13.2484;2.1802;6.6079;-12.4202;-4.4277;-12.4202;0.2;0.2;-12.8202;;;;54.2
2026-01-12;2026-01-26;482;96;96;-7.9433;-6.5834;-19.4709;-10.1008;-1.3599;-9.3701;-1.3599;0.2;0.2;-1.7599;;;;50.0
2026-01-26;2026-02-09;485;97;97;-17.7261;-22.5416;-22.014;-27.2735;4.8155;5.2595;4.8155;0.2;0.2;4.4155;;;;51.0
2026-02-09;2026-02-23;493;98;98;9.387;3.2049;0.0137;-1.017;6.1821;1.0307;6.1821;0.2;0.2;5.7821;;;;17.9
2026-02-23;2026-03-09;487;97;97;-7.2021;-3.8747;-9.7856;-5.7283;-3.3274;-4.0573;-3.3274;0.2;0.2;-3.7274;;;;19.6
2026-03-09;2026-03-23;477;95;95;8.4967;1.9092;-2.0452;-2.3796;6.5876;0.3344;6.5876;0.2;0.2;6.1876;;;;8.4
2026-03-23;2026-04-06;481;96;96;-3.644;0.7585;-5.4809;-4.239;-4.4025;-1.2419;-4.4025;0.2;0.2;-4.8025;;;;43.8
2026-04-06;2026-04-20;473;94;94;15.9338;8.2858;1.4419;3.9682;7.6479;-2.5263;7.6479;0.2;0.2;7.2479;;;;52.1
2026-04-20;2026-05-04;492;98;98;12.3759;12.4768;2.0609;3.1593;-0.1009;-1.0984;-0.1009;0.2;0.2;-0.5009;;;;31.1
2026-05-04;2026-05-18;509;101;101;-5.6346;-0.7799;-10.3608;-3.5117;-4.8547;-6.8491;-4.8547;0.2;0.2;-5.2547;;;;35.6
2026-05-18;2026-06-01;522;104;104;2.285;2.6791;-3.6541;-2.8796;-0.3941;-0.7745;-0.3941;0.2;0.2;-0.7941;;;;35.1
2026-06-01;2026-06-15;522;104;104;-4.7522;-4.0309;-10.7433;-9.8439;-0.7213;-0.8994;-0.7213;0.2;0.2;-1.1213;;;;0.0
2026-06-15;2026-06-29;535;107;107;-2.3426;-13.0745;-6.214;-12.7925;10.7319;6.5784;10.7319;0.2;0.2;10.3319;;;;0.0
2026-06-29;2026-07-13;544;108;108;-4.2039;0.7041;-0.8848;-0.6;-4.908;-0.2848;-4.908;0.2;0.2;-5.308;;;;0.0
2026-07-13;2026-07-27;519;103;103;4.9611;12.7912;-3.5187;-3.0668;-7.83;-0.452;-7.8301;0.2;0.2;-8.2301;;;;0.0
2026-07-27;2026-08-10;496;99;99;-1.8337;-4.2523;-4.7348;-5.8824;2.4186;1.1475;2.4186;0.2;0.2;2.0186;;;;0.0
